Player,Game Week,Team,League,Nationality,Position,General Position,Age,Minutes,Shots on Target Against,Goals Against,Saves,Post-Shot Expected Goals (PSxG),Save Efficiency,Clean Sheets,Completed Long Passes,Attempted Long Passes,Attempted Passes (excluding GK),Attempted Throws,Pass Length (Total),Attempted Goal Kicks,Goal Kick Length (Total),Crosses Faced,Crosses Stopped,Defensive Actions Outside Penalty Area,Distance of Defensive Actions (Total)
Stefano Turati,J1,Sassuolo,Italian Serie A,ITA,GK,Goalkeeper,23,90,4.0,2.0,2.0,1.2,-0.8,0,0.0,16,23.0,4.0,936.1,3.0,201.9,9,1.0,1.0,10.0
Alex Meret,J1,Napoli,Italian Serie A,ITA,GK,Goalkeeper,28,90,2.0,0.0,2.0,0.0,0.0,1,1.0,5,31.0,3.0,762.6,6.0,106.8,4,1.0,2.0,43.6
Yann Sommer,J1,Inter,Italian Serie A,SUI,GK,Goalkeeper,36,90,4.0,0.0,4.0,1.2,1.2,1,2.0,2,30.0,5.0,726.0,5.0,67.0,15,1.0,0.0,0.0
Franco Israel,J1,Torino,Italian Serie A,URU,GK,Goalkeeper,25,90,9.0,5.0,4.0,2.6,-2.4,0,3.0,7,30.0,3.0,882.0,2.0,112.0,10,1.0,2.0,28.4
Robert Sánchez,J1,Chelsea,English Premier League,ESP,GK,Goalkeeper,27,90,4.0,0.0,4.0,0.3,0.3,1,2.0,11,30.0,2.0,927.0,6.0,199.8,10,0.0,1.0,15.8
Dean Henderson,J1,Crystal Palace,English Premier League,ENG,GK,Goalkeeper,28,90,2.0,0.0,2.0,0.7,0.7,1,8.0,16,17.0,2.0,741.2,13.0,529.1,19,0.0,1.0,12.0
Altay Bayındır,J1,Manchester Utd,English Premier League,TUR,GK,Goalkeeper,27,90,3.0,1.0,2.0,1.2,0.2,0,5.0,15,46.0,3.0,1472.0,2.0,77.0,8,2.0,1.0,9.5
David Raya,J1,Arsenal,English Premier League,ESP,GK,Goalkeeper,29,90,7.0,0.0,7.0,0.7,0.7,1,5.0,20,28.0,9.0,963.2,9.0,583.2,11,2.0,0.0,0.0
Lucas Perri,J1,Leeds United,English Premier League,BRA,GK,Goalkeeper,27,90,1.0,0.0,1.0,0.1,0.1,1,3.0,14,30.0,3.0,1086.0,3.0,119.1,10,1.0,0.0,0.0
Jordan Pickford,J1,Everton,English Premier League,ENG,GK,Goalkeeper,31,90,3.0,1.0,2.0,1.1,0.1,0,9.0,25,46.0,5.0,1531.8,13.0,551.2,20,1.0,3.0,48.3
Mads Hermansen,J2,West Ham,English Premier League,DEN,GK,Goalkeeper,25,90,7.0,5.0,2.0,5.1,0.1,0,4.0,16,34.0,3.0,1176.4,2.0,138.0,10,1.0,1.0,10.4
Robert Sánchez,J2,Chelsea,English Premier League,ESP,GK,Goalkeeper,27,90,4.0,1.0,3.0,0.3,-0.7,0,6.0,18,37.0,5.0,1409.7,3.0,156.9,15,1.0,0.0,0.0
James Trafford,J2,Manchester City,English Premier League,ENG,GK,Goalkeeper,22,90,5.0,2.0,3.0,2.1,0.1,0,3.0,12,34.0,5.0,965.6,8.0,286.4,10,0.0,9.0,207.9
Guglielmo Vicario,J2,Tottenham,English Premier League,ITA,GK,Goalkeeper,28,90,4.0,0.0,4.0,0.6,0.6,1,4.0,20,40.0,3.0,1420.0,10.0,296.0,13,0.0,1.0,16.0
Đorđe Petrović,J2,Bournemouth,English Premier League,SRB,GK,Goalkeeper,25,90,1.0,0.0,1.0,0.2,0.2,1,3.0,12,20.0,3.0,808.0,4.0,175.2,13,1.0,2.0,27.6
José Sá,J2,Wolves,English Premier League,POR,GK,Goalkeeper,32,90,4.0,1.0,3.0,0.9,-0.1,0,8.0,21,29.0,5.0,1255.7,6.0,393.0,15,2.0,1.0,12.0
Caoimhín Kelleher,J2,Brentford,English Premier League,IRL,GK,Goalkeeper,26,90,2.0,0.0,2.0,0.1,0.1,1,14.0,25,21.0,2.0,1058.4,7.0,454.3,20,1.0,0.0,0.0
Emiliano Martínez,J2,Aston Villa,English Premier League,ARG,GK,Goalkeeper,32,90,2.0,1.0,1.0,1.0,0.0,0,4.0,5,35.0,5.0,815.5,3.0,72.9,7,1.0,0.0,0.0
Martin Dúbravka,J2,Burnley,English Premier League,SVK,GK,Goalkeeper,36,90,1.0,0.0,1.0,0.7,0.7,1,3.0,19,33.0,7.0,1016.4,10.0,619.0,18,1.0,0.0,0.0
Robin Roefs,J2,Sunderland,English Premier League,NED,GK,Goalkeeper,22,90,2.0,2.0,0.0,1.6,-0.4,0,3.0,10,25.0,4.0,810.0,3.0,126.9,11,1.0,3.0,56.1
David Raya,J2,Arsenal,English Premier League,ESP,GK,Goalkeeper,29,90,1.0,0.0,1.0,0.1,0.1,1,4.0,7,32.0,1.0,921.6,0.0,0.0,3,1.0,0.0,0.0
Lucas Perri,J2,Leeds United,English Premier League,BRA,GK,Goalkeeper,27,90,5.0,5.0,0.0,2.8,-2.2,0,5.0,20,26.0,3.0,1058.2,9.0,567.9,13,0.0,0.0,0.0
Dean Henderson,J2,Crystal Palace,English Premier League,ENG,GK,Goalkeeper,28,90,1.0,1.0,0.0,0.3,-0.7,0,1.0,13,31.0,2.0,1013.7,10.0,266.0,20,1.0,0.0,0.0
Matz Sels,J2,Nott'ham Forest,English Premier League,BEL,GK,Goalkeeper,33,90,4.0,1.0,3.0,0.8,-0.2,0,5.0,14,24.0,6.0,955.2,6.0,210.0,10,1.0,1.0,16.6
Jordan Pickford,J2,Everton,English Premier League,ENG,GK,Goalkeeper,31,90,4.0,0.0,3.0,1.5,1.5,1,16.0,35,43.0,2.0,2098.4,6.0,424.2,9,1.0,3.0,55.8
Bart Verbruggen,J2,Brighton,English Premier League,NED,GK,Goalkeeper,23,90,3.0,2.0,1.0,1.2,-0.8,0,3.0,14,40.0,9.0,1244.0,3.0,107.1,8,0.0,0.0,0.0
Bernd Leno,J2,Fulham,English Premier League,GER,GK,Goalkeeper,33,90,3.0,1.0,3.0,0.5,-0.5,0,2.0,13,33.0,4.0,1013.1,7.0,424.2,11,0.0,0.0,0.0
Altay Bayındır,J2,Manchester Utd,English Premier League,TUR,GK,Goalkeeper,27,90,3.0,1.0,2.0,1.4,0.4,0,3.0,15,24.0,4.0,943.2,5.0,234.0,23,1.0,0.0,0.0
Nick Pope,J2,Newcastle Utd,English Premier League,ENG,GK,Goalkeeper,33,90,4.0,3.0,1.0,2.3,-0.7,0,1.0,12,17.0,3.0,669.8,5.0,273.0,7,0.0,2.0,49.0
Alisson,J2,Liverpool,English Premier League,BRA,GK,Goalkeeper,32,90,3.0,2.0,1.0,1.9,-0.1,0,6.0,16,36.0,4.0,1263.6,2.0,132.0,19,1.0,5.0,82.0
Robert Sánchez,J3,Chelsea,English Premier League,ESP,GK,Goalkeeper,27,90,1.0,0.0,1.0,0.1,0.1,1,1.0,11,32.0,3.0,1161.6,2.0,92.0,11,0.0,0.0,0.0
Bernd Leno,J3,Fulham,English Premier League,GER,GK,Goalkeeper,33,90,6.0,2.0,4.0,2.5,0.5,0,5.0,21,46.0,8.0,1518.0,6.0,271.8,11,1.0,2.0,39.2
Robin Roefs,J3,Sunderland,English Premier League,NED,GK,Goalkeeper,22,90,4.0,1.0,2.0,1.5,0.5,0,7.0,17,47.0,1.0,1569.8,4.0,245.2,12,1.0,3.0,68.4
Caoimhín Kelleher,J3,Brentford,English Premier League,IRL,GK,Goalkeeper,26,90,3.0,2.0,1.0,0.9,-1.1,0,9.0,21,32.0,2.0,1001.6,10.0,680.0,16,1.0,0.0,0.0
José Sá,J3,Wolves,English Premier League,POR,GK,Goalkeeper,32,90,4.0,3.0,1.0,2.7,-0.3,0,7.0,16,34.0,4.0,1254.6,4.0,227.2,9,1.0,1.0,14.2
Jordan Pickford,J3,Everton,English Premier League,ENG,GK,Goalkeeper,31,90,4.0,2.0,2.0,1.2,-0.8,0,12.0,30,32.0,1.0,1609.6,8.0,555.2,12,1.0,3.0,51.9
Guglielmo Vicario,J3,Tottenham,English Premier League,ITA,GK,Goalkeeper,28,90,6.0,1.0,5.0,1.4,0.4,0,7.0,14,53.0,7.0,1510.5,5.0,284.0,15,1.0,3.0,56.7
Đorđe Petrović,J3,Bournemouth,English Premier League,SRB,GK,Goalkeeper,25,90,1.0,0.0,1.0,0.2,0.2,1,6.0,20,25.0,3.0,1157.5,7.0,436.8,11,3.0,1.0,11.3
Altay Bayındır,J3,Manchester Utd,English Premier League,TUR,GK,Goalkeeper,27,90,3.0,2.0,1.0,1.5,-0.5,0,8.0,17,30.0,3.0,1182.0,2.0,128.0,6,0.0,1.0,14.6
Martin Dúbravka,J3,Burnley,English Premier League,SVK,GK,Goalkeeper,36,90,6.0,3.0,4.0,1.6,-1.4,0,9.0,29,21.0,5.0,806.4,18.0,1202.4,22,0.0,1.0,15.0
Lucas Perri,J3,Leeds United,English Premier League,BRA,GK,Goalkeeper,27,90,2.0,0.0,2.0,0.3,0.3,1,10.0,37,35.0,5.0,1694.0,10.0,668.0,12,1.0,0.0,0.0
Nick Pope,J3,Newcastle Utd,English Premier League,ENG,GK,Goalkeeper,33,90,1.0,0.0,1.0,0.1,0.1,1,2.0,6,24.0,10.0,631.2,7.0,282.1,12,3.0,2.0,32.4
Bart Verbruggen,J3,Brighton,English Premier League,NED,GK,Goalkeeper,23,90,3.0,1.0,2.0,1.1,0.1,0,4.0,19,35.0,4.0,1232.0,9.0,550.8,4,1.0,1.0,18.5
James Trafford,J3,Manchester City,English Premier League,ENG,GK,Goalkeeper,22,90,7.0,2.0,5.0,3.1,1.1,0,6.0,16,41.0,3.0,1299.7,4.0,221.2,5,1.0,3.0,46.8
Matz Sels,J3,Nott'ham Forest,English Premier League,BEL,GK,Goalkeeper,33,90,8.0,3.0,5.0,3.3,0.3,0,0.0,3,9.0,3.0,278.1,5.0,70.0,13,0.0,0.0,0.0
Mads Hermansen,J3,West Ham,English Premier League,DEN,GK,Goalkeeper,25,90,3.0,0.0,3.0,0.3,0.3,1,2.0,14,45.0,10.0,1228.5,4.0,206.0,27,3.0,0.0,0.0
Alisson,J3,Liverpool,English Premier League,BRA,GK,Goalkeeper,32,90,1.0,0.0,1.0,0.6,0.6,1,4.0,13,48.0,3.0,1526.4,2.0,79.0,12,0.0,2.0,36.0
David Raya,J3,Arsenal,English Premier League,ESP,GK,Goalkeeper,29,90,3.0,1.0,2.0,0.3,-0.7,0,12.0,26,49.0,7.0,1974.7,2.0,138.0,6,2.0,2.0,35.2
Marco Bizot,J3,Aston Villa,English Premier League,NED,GK,Goalkeeper,34,90,4.0,3.0,1.0,2.4,-0.6,0,3.0,3,19.0,4.0,495.9,3.0,114.0,6,1.0,7.0,151.9
Dean Henderson,J3,Crystal Palace,English Premier League,ENG,GK,Goalkeeper,28,90,4.0,0.0,4.0,1.0,1.0,1,5.0,17,25.0,6.0,960.0,8.0,523.2,23,4.0,0.0,0.0
David Raya,J4,Arsenal,English Premier League,ESP,GK,Goalkeeper,29,90,1.0,0.0,1.0,0.1,0.1,1,3.0,6,32.0,5.0,835.2,1.0,21.0,9,0.0,2.0,46.6
Matz Sels,J4,Nott'ham Forest,English Premier League,BEL,GK,Goalkeeper,33,90,5.0,3.0,2.0,2.2,-0.8,0,4.0,9,19.0,3.0,636.5,11.0,234.3,15,0.0,0.0,0.0
Dean Henderson,J4,Crystal Palace,English Premier League,ENG,GK,Goalkeeper,28,90,0.0,0.0,0.0,0.0,0.0,1,8.0,18,35.0,5.0,1225.0,7.0,347.9,15,0.0,1.0,16.0
Robin Roefs,J4,Sunderland,English Premier League,NED,GK,Goalkeeper,22,90,6.0,0.0,6.0,1.4,1.4,1,7.0,18,37.0,4.0,1206.2,6.0,390.0,16,2.0,1.0,12.9
Jordan Pickford,J4,Everton,English Premier League,ENG,GK,Goalkeeper,31,90,1.0,0.0,1.0,0.1,0.1,1,6.0,17,33.0,4.0,1250.7,3.0,189.0,7,1.0,0.0,0.0
Emiliano Martínez,J4,Aston Villa,English Premier League,ARG,GK,Goalkeeper,33,90,2.0,0.0,2.0,0.3,0.3,1,5.0,19,30.0,1.0,1128.0,5.0,339.0,16,1.0,0.0,0.0
Bernd Leno,J4,Fulham,English Premier League,GER,GK,Goalkeeper,33,90,3.0,0.0,3.0,0.5,0.5,1,1.0,2,23.0,5.0,420.9,5.0,122.0,9,0.0,0.0,0.0
Karl Darlow,J4,Leeds United,English Premier League,WAL,GK,Goalkeeper,34,90,3.0,1.0,3.0,0.9,-0.1,0,7.0,21,38.0,7.0,1580.8,3.0,147.9,20,1.0,0.0,0.0
Nick Pope,J4,Newcastle Utd,English Premier League,ENG,GK,Goalkeeper,33,90,3.0,0.0,3.0,0.3,0.3,1,1.0,6,18.0,6.0,520.2,8.0,302.4,11,2.0,1.0,13.3
Sam Johnstone,J4,Wolves,English Premier League,ENG,GK,Goalkeeper,32,90,4.0,1.0,3.0,1.8,0.8,0,7.0,27,37.0,8.0,1561.4,8.0,380.0,21,0.0,3.0,44.4
Đorđe Petrović,J4,Bournemouth,English Premier League,SRB,GK,Goalkeeper,25,90,2.0,1.0,1.0,1.3,0.3,0,7.0,16,24.0,4.0,789.6,12.0,654.0,13,0.0,2.0,36.0
Bart Verbruggen,J4,Brighton,English Premier League,NED,GK,Goalkeeper,23,90,5.0,2.0,3.0,1.5,-0.5,0,4.0,10,38.0,4.0,1136.2,0.0,0.0,13,0.0,2.0,28.2
Mads Hermansen,J4,West Ham,English Premier League,DEN,GK,Goalkeeper,25,90,5.0,3.0,2.0,2.2,-0.8,0,5.0,22,26.0,2.0,988.0,9.0,611.1,25,0.0,0.0,0.0
Guglielmo Vicario,J4,Tottenham,English Premier League,ITA,GK,Goalkeeper,28,90,4.0,0.0,4.0,0.4,0.4,1,1.0,5,41.0,5.0,1000.4,1.0,6.0,7,0.0,0.0,0.0
Caoimhín Kelleher,J4,Brentford,English Premier League,IRL,GK,Goalkeeper,26,90,6.0,2.0,4.0,2.2,0.2,0,8.0,16,29.0,7.0,997.6,4.0,248.0,9,0.0,0.0,0.0
Robert Sánchez,J4,Chelsea,English Premier League,ESP,GK,Goalkeeper,27,90,4.0,2.0,2.0,2.3,0.3,0,1.0,3,16.0,6.0,481.6,1.0,35.0,13,3.0,2.0,24.0
Martin Dúbravka,J4,Burnley,English Premier League,SVK,GK,Goalkeeper,36,90,4.0,1.0,3.0,1.2,0.2,0,6.0,38,21.0,4.0,1075.2,21.0,1402.8,36,1.0,0.0,0.0
Alisson,J4,Liverpool,English Premier League,BRA,GK,Goalkeeper,32,90,0.0,0.0,0.0,0.0,0.0,1,3.0,5,21.0,3.0,590.1,6.0,111.0,3,0.0,0.0,0.0
Gianluigi Donnarumma,J4,Manchester City,English Premier League,ITA,GK,Goalkeeper,26,90,2.0,0.0,2.0,0.1,0.1,1,5.0,15,26.0,4.0,894.4,5.0,287.0,17,0.0,0.0,0.0
Altay Bayındır,J4,Manchester Utd,English Premier League,TUR,GK,Goalkeeper,27,90,5.0,3.0,2.0,2.2,-0.8,0,5.0,18,27.0,3.0,982.8,5.0,275.0,2,0.0,3.0,66.0
Alisson,J5,Liverpool,English Premier League,BRA,GK,Goalkeeper,32,90,2.0,1.0,1.0,0.6,-0.4,0,4.0,11,45.0,5.0,1237.5,2.0,82.0,18,0.0,0.0,0.0
Jordan Pickford,J5,Everton,English Premier League,ENG,GK,Goalkeeper,31,90,3.0,2.0,1.0,1.2,-0.8,0,7.0,25,36.0,3.0,1522.8,6.0,397.8,10,0.0,4.0,98.4
Alphonse Areola,J5,West Ham,English Premier League,FRA,GK,Goalkeeper,32,90,3.0,2.0,1.0,1.6,-0.4,0,2.0,14,31.0,6.0,961.0,11.0,497.2,15,1.0,0.0,0.0
Dean Henderson,J5,Crystal Palace,English Premier League,ENG,GK,Goalkeeper,28,90,3.0,1.0,2.0,1.6,0.6,0,9.0,19,27.0,4.0,1031.4,9.0,377.1,16,0.0,0.0,0.0
Bart Verbruggen,J5,Brighton,English Premier League,NED,GK,Goalkeeper,23,90,3.0,2.0,2.0,1.6,-0.4,0,4.0,20,33.0,3.0,1485.0,4.0,184.0,26,0.0,0.0,0.0
Guglielmo Vicario,J5,Tottenham,English Premier League,ITA,GK,Goalkeeper,28,90,4.0,2.0,2.0,1.4,-0.6,0,7.0,16,41.0,8.0,1307.9,8.0,188.8,5,1.0,5.0,85.5
José Sá,J5,Wolves,English Premier League,POR,GK,Goalkeeper,32,90,4.0,3.0,1.0,1.3,-1.7,0,6.0,15,27.0,2.0,963.9,5.0,307.0,7,0.0,2.0,37.6
Karl Darlow,J5,Leeds United,English Premier League,WAL,GK,Goalkeeper,34,90,6.0,1.0,5.0,1.3,0.3,0,6.0,24,35.0,6.0,1410.5,7.0,440.3,29,2.0,0.0,0.0
Martin Dúbravka,J5,Burnley,English Premier League,SVK,GK,Goalkeeper,36,90,8.0,1.0,7.0,1.4,0.4,0,3.0,13,25.0,9.0,925.0,5.0,265.0,19,1.0,0.0,0.0
Matz Sels,J5,Nott'ham Forest,English Premier League,BEL,GK,Goalkeeper,33,90,5.0,1.0,4.0,1.0,0.0,0,5.0,10,21.0,3.0,684.6,6.0,139.8,20,1.0,0.0,0.0
Altay Bayındır,J5,Manchester Utd,English Premier League,TUR,GK,Goalkeeper,27,90,1.0,1.0,0.0,0.6,-0.4,0,3.0,18,22.0,0.0,1029.6,2.0,86.0,10,0.0,2.0,41.6
Robert Sánchez,J5,Chelsea,English Premier League,ESP,GK,Goalkeeper,27,4,1.0,0.0,1.0,0.2,0.0,0,0.0,1,0.0,0.0,0.0,0.0,0.0,2,0.0,0.0,0.0
Filip Jørgensen,J5,Chelsea,English Premier League,DEN,GK,Goalkeeper,23,83,3.0,2.0,1.0,1.6,-0.4,0,3.0,10,31.0,1.0,827.7,4.0,226.0,20,0.0,1.0,15.0
Bernd Leno,J5,Fulham,English Premier League,GER,GK,Goalkeeper,33,90,3.0,1.0,2.0,0.9,-0.1,0,4.0,15,35.0,6.0,1116.5,4.0,279.2,18,1.0,0.0,0.0
Caoimhín Kelleher,J5,Brentford,English Premier League,IRL,GK,Goalkeeper,26,90,3.0,3.0,1.0,0.8,-2.2,0,2.0,12,39.0,3.0,1111.5,5.0,255.0,6,0.0,1.0,15.8
Emil Audero,J2,Cremonese,Italian Serie A,IDN,GK,Goalkeeper,28,90,6.0,2.0,4.0,1.9,-0.1,0,4.0,19,36.0,3.0,1310.4,2.0,129.0,10,0.0,0.0,0.0
Arijanet Muric,J2,Sassuolo,Italian Serie A,KVX,GK,Goalkeeper,26,90,6.0,3.0,3.0,3.2,0.2,0,3.0,10,28.0,4.0,862.4,3.0,117.0,12,0.0,0.0,0.0
Wladimiro Falcone,J2,Lecce,Italian Serie A,ITA,GK,Goalkeeper,30,90,6.0,2.0,4.0,2.7,0.7,0,6.0,11,20.0,3.0,730.0,4.0,157.2,13,0.0,0.0,0.0
Mike Maignan,J2,Milan,Italian Serie A,FRA,GK,Goalkeeper,30,90,2.0,0.0,2.0,0.6,0.6,1,3.0,10,37.0,4.0,1161.8,2.0,78.0,12,3.0,0.0,0.0
Zion Suzuki,J2,Parma,Italian Serie A,JPN,GK,Goalkeeper,23,90,3.0,1.0,2.0,0.7,-0.3,0,7.0,28,44.0,4.0,1997.6,4.0,279.2,8,0.0,3.0,64.8
Marco Carnesecchi,J2,Atalanta,Italian Serie A,ITA,GK,Goalkeeper,25,90,3.0,1.0,2.0,1.0,0.0,0,8.0,16,36.0,4.0,1159.2,4.0,213.2,18,0.0,1.0,24.0
Paulo Gazzaniga,J1,Girona,Spanish La Liga,ARG,GK,Goalkeeper,33,42,2.0,2.0,0.0,1.7,-0.3,0,2.0,3,15.0,1.0,369.0,2.0,26.0,2,0.0,0.0,0.0
Krapyvtsov Vladyslav,J1,Girona,Spanish La Liga,UKR,GK,Goalkeeper,20,46,2.0,1.0,1.0,1.5,0.5,0,4.0,18,20.0,4.0,752.0,7.0,452.2,11,0.0,0.0,0.0
Augusto Batalla,J1,Rayo Vallecano,Spanish La Liga,ARG,GK,Goalkeeper,29,90,2.0,1.0,1.0,0.7,-0.3,0,6.0,13,24.0,4.0,1012.8,1.0,69.0,10,0.0,2.0,49.4
Luiz Lúcio Reis Júnior,J1,Villarreal,Spanish La Liga,BRA,GK,Goalkeeper,24,90,4.0,0.0,3.0,1.1,1.1,1,0.0,2,13.0,2.0,275.6,2.0,29.0,2,0.0,0.0,0.0
Aarón Escandell,J1,Oviedo,Spanish La Liga,ESP,GK,Goalkeeper,29,90,10.0,2.0,8.0,2.0,0.0,0,15.0,22,27.0,3.0,988.2,11.0,491.7,22,0.0,4.0,70.8
Leo Román,J1,Mallorca,Spanish La Liga,ESP,GK,Goalkeeper,25,90,8.0,3.0,5.0,2.5,-0.5,0,9.0,32,30.0,2.0,1563.0,7.0,466.9,6,0.0,2.0,20.0
Joan García,J1,Barcelona,Spanish La Liga,ESP,GK,Goalkeeper,24,90,1.0,0.0,1.0,0.2,0.2,1,1.0,1,15.0,3.0,321.0,4.0,123.2,7,2.0,2.0,33.0
Antonio Sivera,J1,Alavés,Spanish La Liga,ESP,GK,Goalkeeper,29,90,3.0,1.0,2.0,1.0,0.0,0,10.0,17,14.0,1.0,740.6,5.0,329.0,7,0.0,0.0,0.0
Pablo Cuñat,J1,Levante,Spanish La Liga,ESP,GK,Goalkeeper,23,90,4.0,2.0,2.0,2.2,0.2,0,5.0,18,23.0,4.0,963.7,16.0,636.8,26,2.0,1.0,9.9
Julen Agirrezabala,J1,Valencia,Spanish La Liga,ESP,GK,Goalkeeper,24,90,3.0,1.0,2.0,0.6,-0.4,0,2.0,8,32.0,4.0,819.2,6.0,205.2,10,1.0,0.0,0.0
Álex Remiro,J1,Real Sociedad,Spanish La Liga,ESP,GK,Goalkeeper,30,90,2.0,1.0,1.0,0.5,-0.5,0,10.0,13,25.0,4.0,810.0,5.0,242.0,19,0.0,1.0,20.5
Ionuț Radu,J1,Celta Vigo,Spanish La Liga,ROU,GK,Goalkeeper,28,90,3.0,2.0,1.0,1.7,-0.3,0,0.0,1,12.0,3.0,248.4,5.0,88.0,6,0.0,0.0,0.0
David Soria,J1,Getafe,Spanish La Liga,ESP,GK,Goalkeeper,32,90,3.0,0.0,3.0,0.4,0.4,1,8.0,25,19.0,1.0,1001.3,10.0,671.0,18,0.0,0.0,0.0
Unai Simón,J1,Athletic Club,Spanish La Liga,ESP,GK,Goalkeeper,28,90,6.0,2.0,4.0,1.7,-0.3,0,2.0,19,35.0,4.0,1235.5,3.0,201.0,9,2.0,1.0,14.3
Ørjan Nyland,J1,Sevilla,Spanish La Liga,NOR,GK,Goalkeeper,34,90,3.0,3.0,0.0,2.6,-0.4,0,2.0,13,36.0,5.0,1159.2,4.0,257.2,18,0.0,3.0,65.1
Marko Dmitrović,J1,Espanyol,Spanish La Liga,SRB,GK,Goalkeeper,33,90,4.0,1.0,3.0,1.3,0.3,0,5.0,12,31.0,5.0,945.5,7.0,242.9,13,0.0,0.0,0.0
Jan Oblak,J1,Atlético Madrid,Spanish La Liga,SVN,GK,Goalkeeper,32,90,5.0,2.0,3.0,1.4,-0.6,0,3.0,7,21.0,3.0,611.1,6.0,238.8,21,0.0,0.0,0.0
Matías Dituro,J1,Elche,Spanish La Liga,ARG,GK,Goalkeeper,38,90,4.0,1.0,3.0,1.8,0.8,0,7.0,12,64.0,5.0,1536.0,2.0,100.0,8,2.0,4.0,81.2
Pau López,J1,Betis,Spanish La Liga,ESP,GK,Goalkeeper,30,90,2.0,1.0,1.0,0.7,-0.3,0,0.0,8,16.0,3.0,563.2,5.0,188.0,14,1.0,0.0,0.0
Thibaut Courtois,J1,Real Madrid,Spanish La Liga,BEL,GK,Goalkeeper,33,90,0.0,0.0,0.0,0.0,0.0,1,4.0,8,31.0,7.0,995.1,2.0,68.0,6,0.0,6.0,136.8
Sergio Herrera,J1,Osasuna,Spanish La Liga,ESP,GK,Goalkeeper,32,90,5.0,1.0,4.0,1.3,0.3,0,5.0,12,15.0,2.0,421.5,11.0,569.8,14,0.0,0.0,0.0
Pau López,J2,Betis,Spanish La Liga,ESP,GK,Goalkeeper,30,90,5.0,0.0,5.0,0.3,0.3,1,6.0,12,30.0,2.0,939.0,6.0,322.2,14,0.0,1.0,38.0
Antonio Sivera,J2,Alavés,Spanish La Liga,ESP,GK,Goalkeeper,29,90,5.0,1.0,4.0,1.4,0.4,0,8.0,19,19.0,3.0,828.4,8.0,487.2,12,1.0,2.0,31.6
Leo Román,J2,Mallorca,Spanish La Liga,ESP,GK,Goalkeeper,25,90,2.0,1.0,1.0,0.4,-0.6,0,3.0,8,27.0,1.0,839.7,2.0,45.0,9,0.0,0.0,0.0
Ionuț Radu,J2,Celta Vigo,Spanish La Liga,ROU,GK,Goalkeeper,28,90,4.0,1.0,3.0,1.0,0.0,0,3.0,10,27.0,7.0,861.3,9.0,386.1,17,0.0,0.0,0.0
Jan Oblak,J2,Atlético Madrid,Spanish La Liga,SVN,GK,Goalkeeper,32,90,2.0,1.0,1.0,0.4,-0.6,0,5.0,13,25.0,3.0,857.5,4.0,194.0,3,0.0,1.0,15.5
Matías Dituro,J2,Elche,Spanish La Liga,ARG,GK,Goalkeeper,38,90,6.0,1.0,5.0,0.9,-0.1,0,10.0,31,56.0,6.0,2088.8,8.0,472.0,27,3.0,4.0,51.2
Pablo Cuñat,J2,Levante,Spanish La Liga,ESP,GK,Goalkeeper,23,90,10.0,3.0,8.0,2.5,-0.5,0,6.0,19,22.0,10.0,915.2,10.0,614.0,20,0.0,0.0,0.0
Joan García,J2,Barcelona,Spanish La Liga,ESP,GK,Goalkeeper,24,90,5.0,2.0,3.0,2.5,0.5,0,1.0,2,20.0,7.0,482.0,2.0,68.0,3,0.0,5.0,136.5
Sergio Herrera,J2,Osasuna,Spanish La Liga,ESP,GK,Goalkeeper,32,90,1.0,0.0,1.0,0.0,0.0,1,1.0,7,17.0,5.0,618.8,4.0,180.0,10,2.0,2.0,29.0
Julen Agirrezabala,J2,Valencia,Spanish La Liga,ESP,GK,Goalkeeper,24,90,4.0,1.0,3.0,0.7,-0.3,0,3.0,16,40.0,6.0,1168.0,10.0,533.0,17,1.0,4.0,86.4
Álex Remiro,J2,Real Sociedad,Spanish La Liga,ESP,GK,Goalkeeper,30,90,3.0,2.0,1.0,1.7,-0.3,0,4.0,7,16.0,1.0,505.6,8.0,232.0,7,0.0,2.0,41.0
Marko Dmitrović,J2,Espanyol,Spanish La Liga,SRB,GK,Goalkeeper,33,90,7.0,2.0,5.0,2.0,0.0,0,6.0,28,29.0,3.0,1487.7,7.0,413.7,18,1.0,0.0,0.0
Luiz Lúcio Reis Júnior,J2,Villarreal,Spanish La Liga,BRA,GK,Goalkeeper,24,90,2.0,0.0,2.0,0.0,0.0,1,1.0,3,18.0,5.0,500.4,3.0,63.0,8,1.0,0.0,0.0
Krapyvtsov Vladyslav,J2,Girona,Spanish La Liga,UKR,GK,Goalkeeper,20,90,7.0,5.0,2.0,1.9,-3.1,0,2.0,2,16.0,4.0,344.0,4.0,148.0,11,0.0,0.0,0.0
Aarón Escandell,J2,Oviedo,Spanish La Liga,ESP,GK,Goalkeeper,29,90,10.0,3.0,7.0,2.9,-0.1,0,5.0,19,41.0,5.0,1435.0,7.0,268.1,13,0.0,3.0,52.5
Thibaut Courtois,J2,Real Madrid,Spanish La Liga,BEL,GK,Goalkeeper,33,90,3.0,0.0,3.0,0.3,0.3,1,2.0,3,17.0,4.0,411.4,3.0,141.0,6,0.0,3.0,56.4
Unai Simón,J2,Athletic Club,Spanish La Liga,ESP,GK,Goalkeeper,28,90,1.0,0.0,1.0,0.2,0.2,1,3.0,16,27.0,4.0,996.3,5.0,281.0,14,1.0,0.0,0.0
Augusto Batalla,J2,Rayo Vallecano,Spanish La Liga,ARG,GK,Goalkeeper,29,90,4.0,1.0,3.0,1.3,0.3,0,7.0,20,42.0,4.0,1612.8,4.0,196.0,12,2.0,5.0,90.5
Ørjan Nyland,J2,Sevilla,Spanish La Liga,NOR,GK,Goalkeeper,34,90,6.0,2.0,4.0,0.9,-1.1,0,2.0,7,31.0,3.0,1007.5,1.0,67.0,2,0.0,2.0,29.8
David Soria,J2,Getafe,Spanish La Liga,ESP,GK,Goalkeeper,32,90,3.0,1.0,3.0,0.2,-0.8,0,5.0,30,20.0,1.0,1076.0,11.0,664.4,23,1.0,0.0,0.0
Ionuț Radu,J6,Celta Vigo,Spanish La Liga,ROU,GK,Goalkeeper,28,90,1.0,1.0,0.0,0.4,-0.6,0,3.0,8,22.0,6.0,688.6,5.0,109.0,10,1.0,1.0,12.2
Álvaro Vallés,J6,Betis,Spanish La Liga,ESP,GK,Goalkeeper,28,90,5.0,1.0,4.0,0.5,-0.5,0,2.0,10,34.0,4.0,1105.0,6.0,220.2,15,0.0,2.0,22.8
Matías Dituro,J3,Elche,Spanish La Liga,ARG,GK,Goalkeeper,38,90,1.0,0.0,1.0,0.2,0.2,1,9.0,16,42.0,4.0,1344.0,6.0,241.2,10,0.0,1.0,16.2
Mathew Ryan,J3,Levante,Spanish La Liga,AUS,GK,Goalkeeper,33,90,5.0,2.0,3.0,1.6,-0.4,0,3.0,8,18.0,7.0,698.4,10.0,285.0,17,1.0,0.0,0.0
Julen Agirrezabala,J3,Valencia,Spanish La Liga,ESP,GK,Goalkeeper,24,90,1.0,0.0,1.0,0.3,0.3,1,3.0,11,18.0,0.0,666.0,8.0,324.0,14,0.0,4.0,71.6
David Soria,J3,Getafe,Spanish La Liga,ESP,GK,Goalkeeper,32,90,4.0,3.0,1.0,1.4,-1.6,0,9.0,20,19.0,1.0,1054.5,3.0,168.9,12,0.0,1.0,19.5
Antonio Sivera,J3,Alavés,Spanish La Liga,ESP,GK,Goalkeeper,29,90,6.0,1.0,5.0,1.5,0.5,0,13.0,29,21.0,1.0,1119.3,14.0,918.4,22,1.0,0.0,0.0
Jan Oblak,J3,Atlético Madrid,Spanish La Liga,SVN,GK,Goalkeeper,32,90,2.0,1.0,1.0,0.9,-0.1,0,9.0,13,25.0,7.0,792.5,9.0,376.2,6,1.0,0.0,0.0
Aarón Escandell,J3,Oviedo,Spanish La Liga,ESP,GK,Goalkeeper,29,90,6.0,0.0,6.0,1.8,1.8,1,5.0,16,36.0,4.0,1184.4,5.0,205.0,22,1.0,3.0,51.9
Álex Remiro,J3,Real Sociedad,Spanish La Liga,ESP,GK,Goalkeeper,30,90,1.0,1.0,0.0,0.7,-0.3,0,2.0,8,33.0,1.0,838.2,6.0,237.0,8,0.0,2.0,44.0
Paulo Gazzaniga,J3,Girona,Spanish La Liga,ARG,GK,Goalkeeper,33,90,4.0,2.0,2.0,1.0,-1.0,0,3.0,11,31.0,5.0,964.1,3.0,129.9,3,0.0,1.0,21.0
Ørjan Nyland,J3,Sevilla,Spanish La Liga,NOR,GK,Goalkeeper,34,90,5.0,0.0,5.0,1.9,1.9,1,5.0,19,28.0,3.0,1125.6,7.0,455.7,23,0.0,0.0,0.0
Thibaut Courtois,J3,Real Madrid,Spanish La Liga,BEL,GK,Goalkeeper,33,90,3.0,1.0,2.0,0.7,-0.3,0,2.0,4,20.0,4.0,544.0,6.0,249.0,13,0.0,2.0,39.2
Leo Román,J3,Mallorca,Spanish La Liga,ESP,GK,Goalkeeper,25,90,7.0,2.0,5.0,1.8,-0.2,0,8.0,27,32.0,2.0,1497.6,9.0,492.3,9,0.0,0.0,0.0
Łukasz Skorupski,J2,Bologna,Italian Serie A,POL,GK,Goalkeeper,34,90,2.0,0.0,2.0,0.0,0.0,1,4.0,13,36.0,6.0,1126.8,5.0,274.0,8,0.0,0.0,0.0
Jean Butez,J2,Como,Italian Serie A,FRA,GK,Goalkeeper,30,90,2.0,1.0,1.0,0.8,-0.2,0,6.0,13,53.0,8.0,1489.3,1.0,28.0,15,1.0,2.0,33.4
Ionuț Radu,J3,Celta Vigo,Spanish La Liga,ROU,GK,Goalkeeper,28,90,3.0,1.0,2.0,0.9,-0.1,0,4.0,7,23.0,6.0,731.4,8.0,118.4,8,2.0,2.0,33.2
Luiz Lúcio Reis Júnior,J3,Villarreal,Spanish La Liga,BRA,GK,Goalkeeper,24,90,2.0,1.0,1.0,0.7,-0.3,0,2.0,11,24.0,2.0,880.8,4.0,178.0,8,0.0,0.0,0.0
Álvaro Vallés,J3,Betis,Spanish La Liga,ESP,GK,Goalkeeper,28,90,6.0,2.0,5.0,0.8,-1.2,0,3.0,8,30.0,5.0,849.0,5.0,194.0,14,0.0,1.0,13.0
Unai Simón,J3,Athletic Club,Spanish La Liga,ESP,GK,Goalkeeper,28,90,2.0,1.0,1.0,1.0,0.0,0,3.0,12,23.0,3.0,807.3,6.0,268.8,10,1.0,0.0,0.0
Marko Dmitrović,J3,Espanyol,Spanish La Liga,SRB,GK,Goalkeeper,33,90,3.0,0.0,3.0,0.6,0.6,1,1.0,14,23.0,2.0,791.2,7.0,347.2,15,0.0,2.0,44.6
Sergio Herrera,J3,Osasuna,Spanish La Liga,ESP,GK,Goalkeeper,32,90,4.0,1.0,3.0,1.3,0.3,0,8.0,17,33.0,5.0,1178.1,8.0,315.2,12,1.0,6.0,153.6
Augusto Batalla,J3,Rayo Vallecano,Spanish La Liga,ARG,GK,Goalkeeper,29,90,3.0,1.0,2.0,0.9,-0.1,0,9.0,30,30.0,2.0,1680.0,10.0,661.0,6,0.0,4.0,72.4
Joan García,J3,Barcelona,Spanish La Liga,ESP,GK,Goalkeeper,24,90,6.0,1.0,5.0,1.8,0.8,0,1.0,4,41.0,16.0,1148.0,2.0,42.0,15,0.0,10.0,253.0
Ørjan Nyland,J4,Sevilla,Spanish La Liga,NOR,GK,Goalkeeper,35,90,2.0,2.0,0.0,0.9,-1.1,0,4.0,9,19.0,2.0,733.4,4.0,118.0,8,0.0,0.0,0.0
Matías Dituro,J4,Elche,Spanish La Liga,ARG,GK,Goalkeeper,38,90,3.0,2.0,1.0,1.1,-0.9,0,9.0,21,54.0,0.0,1733.4,3.0,144.0,10,2.0,0.0,0.0
David Soria,J4,Getafe,Spanish La Liga,ESP,GK,Goalkeeper,32,90,1.0,0.0,1.0,0.0,0.0,1,8.0,18,23.0,1.0,1062.6,3.0,50.1,10,1.0,0.0,0.0
Aarón Escandell,J4,Oviedo,Spanish La Liga,ESP,GK,Goalkeeper,29,90,3.0,2.0,1.0,1.5,-0.5,0,2.0,10,23.0,3.0,805.0,4.0,146.0,15,1.0,0.0,0.0
Álex Remiro,J4,Real Sociedad,Spanish La Liga,ESP,GK,Goalkeeper,30,90,6.0,2.0,4.0,2.4,0.4,0,4.0,7,22.0,3.0,609.4,7.0,224.7,8,1.0,3.0,52.2
Thibaut Courtois,J4,Real Madrid,Spanish La Liga,BEL,GK,Goalkeeper,33,90,4.0,1.0,3.0,1.0,0.0,0,9.0,31,29.0,2.0,1429.7,14.0,847.0,29,2.0,0.0,0.0
Unai Simón,J4,Athletic Club,Spanish La Liga,ESP,GK,Goalkeeper,28,90,2.0,1.0,2.0,0.2,-0.8,0,1.0,3,21.0,5.0,525.0,1.0,11.0,8,1.0,2.0,40.6
Antonio Sivera,J4,Alavés,Spanish La Liga,ESP,GK,Goalkeeper,29,90,3.0,0.0,3.0,0.8,0.8,1,11.0,26,22.0,4.0,1038.4,12.0,747.6,26,1.0,0.0,0.0
Jan Oblak,J4,Atlético Madrid,Spanish La Liga,SVN,GK,Goalkeeper,32,90,1.0,0.0,1.0,0.1,0.1,1,6.0,12,30.0,3.0,942.0,9.0,351.0,14,0.0,0.0,0.0
Luiz Lúcio Reis Júnior,J4,Villarreal,Spanish La Liga,BRA,GK,Goalkeeper,24,90,3.0,2.0,1.0,1.4,-0.6,0,0.0,6,19.0,5.0,566.2,2.0,39.0,10,0.0,0.0,0.0
Ionuț Radu,J4,Celta Vigo,Spanish La Liga,ROU,GK,Goalkeeper,28,90,8.0,1.0,7.0,1.1,0.1,0,2.0,4,21.0,10.0,560.7,4.0,49.2,4,0.0,2.0,41.4
Paulo Gazzaniga,J4,Girona,Spanish La Liga,ARG,GK,Goalkeeper,33,90,7.0,1.0,6.0,2.6,1.6,0,2.0,20,36.0,7.0,1321.2,8.0,500.0,20,0.0,3.0,58.5
Mathew Ryan,J4,Levante,Spanish La Liga,AUS,GK,Goalkeeper,33,90,9.0,2.0,7.0,1.6,-0.4,0,6.0,14,17.0,4.0,601.8,12.0,603.6,25,2.0,5.0,77.0
Álvaro Vallés,J4,Betis,Spanish La Liga,ESP,GK,Goalkeeper,28,90,2.0,2.0,0.0,1.3,-0.7,0,1.0,4,25.0,4.0,657.5,8.0,168.0,7,0.0,2.0,33.0
Sergio Herrera,J4,Osasuna,Spanish La Liga,ESP,GK,Goalkeeper,32,90,6.0,0.0,6.0,1.3,1.3,1,9.0,18,16.0,6.0,577.6,15.0,744.0,27,0.0,2.0,42.6
Augusto Batalla,J4,Rayo Vallecano,Spanish La Liga,ARG,GK,Goalkeeper,29,90,6.0,2.0,4.0,2.1,0.1,0,3.0,9,36.0,6.0,1177.2,4.0,129.2,9,1.0,7.0,151.2
Joan García,J4,Barcelona,Spanish La Liga,ESP,GK,Goalkeeper,24,90,1.0,0.0,1.0,0.3,0.3,1,1.0,1,35.0,10.0,815.5,1.0,16.0,12,0.0,0.0,0.0
Julen Agirrezabala,J4,Valencia,Spanish La Liga,ESP,GK,Goalkeeper,24,90,10.0,6.0,4.0,2.5,-3.5,0,10.0,27,28.0,7.0,1201.2,12.0,699.6,7,1.0,0.0,0.0
Marko Dmitrović,J4,Espanyol,Spanish La Liga,SRB,GK,Goalkeeper,33,90,10.0,2.0,8.0,2.0,0.0,0,7.0,23,31.0,4.0,1404.3,7.0,434.7,27,1.0,0.0,0.0
Leo Román,J4,Mallorca,Spanish La Liga,ESP,GK,Goalkeeper,25,90,3.0,3.0,0.0,2.2,-0.8,0,2.0,6,24.0,3.0,624.0,4.0,160.0,9,2.0,1.0,10.4
Pau López,J5,Betis,Spanish La Liga,ESP,GK,Goalkeeper,30,90,5.0,1.0,4.0,1.4,0.4,0,4.0,13,29.0,3.0,922.2,4.0,263.2,10,0.0,1.0,21.0
Álex Remiro,J5,Real Sociedad,Spanish La Liga,ESP,GK,Goalkeeper,30,90,6.0,3.0,4.0,3.1,0.1,0,3.0,9,30.0,6.0,756.0,7.0,326.9,6,0.0,4.0,104.0
Paulo Gazzaniga,J5,Girona,Spanish La Liga,ARG,GK,Goalkeeper,33,90,6.0,4.0,2.0,3.6,-0.4,0,2.0,11,23.0,4.0,816.5,3.0,150.9,13,0.0,0.0,0.0
Mathew Ryan,J5,Levante,Spanish La Liga,AUS,GK,Goalkeeper,33,90,1.0,0.0,1.0,0.8,0.8,1,1.0,2,19.0,2.0,492.1,5.0,120.0,10,0.0,2.0,29.0
Thibaut Courtois,J5,Real Madrid,Spanish La Liga,BEL,GK,Goalkeeper,33,90,1.0,0.0,1.0,0.3,0.3,1,3.0,7,32.0,5.0,985.6,2.0,93.0,13,2.0,0.0,0.0
Marko Dmitrović,J5,Espanyol,Spanish La Liga,SRB,GK,Goalkeeper,33,90,5.0,2.0,3.0,1.1,-0.9,0,4.0,11,20.0,3.0,664.0,6.0,322.2,4,0.0,0.0,0.0
Luiz Lúcio Reis Júnior,J5,Villarreal,Spanish La Liga,BRA,GK,Goalkeeper,24,90,3.0,1.0,2.0,1.8,0.8,0,0.0,1,16.0,3.0,324.8,6.0,139.8,3,0.0,6.0,127.8
Sergio Herrera,J5,Osasuna,Spanish La Liga,ESP,GK,Goalkeeper,32,90,8.0,2.0,6.0,2.9,0.9,0,12.0,25,19.0,2.0,765.7,20.0,936.0,27,1.0,2.0,32.6
Antonio Sivera,J5,Alavés,Spanish La Liga,ESP,GK,Goalkeeper,29,90,3.0,2.0,1.0,1.6,-0.4,0,7.0,18,20.0,1.0,958.0,6.0,373.2,8,1.0,0.0,0.0
Odysseas Vlachodimos,J5,Sevilla,Spanish La Liga,GRE,GK,Goalkeeper,31,90,5.0,1.0,4.0,1.1,0.1,0,8.0,13,33.0,7.0,1056.0,4.0,185.2,14,0.0,0.0,0.0
Julen Agirrezabala,J5,Valencia,Spanish La Liga,ESP,GK,Goalkeeper,24,90,5.0,0.0,5.0,0.7,0.7,1,1.0,8,24.0,7.0,696.0,5.0,262.0,20,0.0,5.0,123.5
Unai Simón,J5,Athletic Club,Spanish La Liga,ESP,GK,Goalkeeper,28,90,5.0,2.0,3.0,3.1,1.1,0,5.0,21,39.0,6.0,1306.5,6.0,441.0,10,0.0,5.0,128.5
Alex Meret,J2,Napoli,Italian Serie A,ITA,GK,Goalkeeper,28,90,1.0,0.0,1.0,0.0,0.0,1,0.0,0,16.0,3.0,300.8,9.0,204.3,3,0.0,1.0,21.0
Elia Caprile,J2,Cagliari,Italian Serie A,ITA,GK,Goalkeeper,24,90,6.0,1.0,5.0,1.0,0.0,0,7.0,19,35.0,5.0,1379.0,5.0,206.0,38,4.0,0.0,0.0
Adrian Šemper,J2,Pisa,Italian Serie A,CRO,GK,Goalkeeper,27,90,5.0,1.0,4.0,0.9,-0.1,0,9.0,23,34.0,1.0,1526.6,0.0,0.0,20,0.0,0.0,0.0
Mile Svilar,J2,Roma,Italian Serie A,SRB,GK,Goalkeeper,26,90,3.0,0.0,3.0,0.4,0.4,1,2.0,14,35.0,5.0,1197.0,6.0,391.2,11,0.0,1.0,12.4
Nicola Leali,J2,Genoa,Italian Serie A,ITA,GK,Goalkeeper,32,90,3.0,1.0,2.0,1.3,0.3,0,4.0,11,18.0,1.0,658.8,4.0,256.0,11,0.0,1.0,19.0
Michele Di Gregorio,J2,Juventus,Italian Serie A,ITA,GK,Goalkeeper,28,90,1.0,0.0,1.0,0.1,0.1,1,7.0,16,44.0,3.0,1350.8,3.0,203.1,13,1.0,1.0,9.8
Matej Kovar,J1,PSV Eindhoven,UEFA Champions League,CZE,GK,Goalkeeper,25,90,7.0,3.0,4.0,3.1,0.1,0,4.0,9,45.0,4.0,1327.5,4.0,96.0,10,1.0,1.0,13.3
Kjell Scherpen,J1,Union SG,UEFA Champions League,NED,GK,Goalkeeper,25,90,3.0,1.0,2.0,1.3,0.3,0,4.0,14,17.0,3.0,826.2,6.0,319.2,19,2.0,2.0,23.6
Unai Simón,J1,Athletic Club,UEFA Champions League,ESP,GK,Goalkeeper,28,90,6.0,2.0,4.0,1.0,-1.0,0,9.0,26,34.0,4.0,1638.8,4.0,234.0,14,0.0,3.0,84.0
David Raya,J1,Arsenal,UEFA Champions League,ESP,GK,Goalkeeper,30,90,2.0,0.0,2.0,0.3,0.3,1,6.0,16,48.0,7.0,1507.2,4.0,196.0,8,2.0,4.0,74.4
Guglielmo Vicario,J1,Tottenham,UEFA Champions League,ITA,GK,Goalkeeper,28,90,0.0,0.0,0.0,0.0,0.0,1,8.0,14,44.0,3.0,1368.4,6.0,151.8,7,1.0,3.0,51.9
Luiz Lúcio Reis Júnior,J1,Villarreal,UEFA Champions League,BRA,GK,Goalkeeper,24,90,1.0,1.0,1.0,0.1,-0.9,0,4.0,11,19.0,4.0,693.5,6.0,196.8,11,1.0,4.0,61.2
Anatolii Trubin,J1,Benfica,UEFA Champions League,UKR,GK,Goalkeeper,24,90,5.0,3.0,2.0,2.7,-0.3,0,3.0,5,21.0,4.0,516.6,5.0,147.0,6,0.0,1.0,16.3
Mateusz Kochalski,J1,Qarabağ,UEFA Champions League,POL,GK,Goalkeeper,25,90,3.0,2.0,1.0,1.4,-0.6,0,7.0,20,28.0,3.0,1024.8,11.0,708.4,13,1.0,3.0,67.5
Michele Di Gregorio,J1,Juventus,UEFA Champions League,ITA,GK,Goalkeeper,28,90,5.0,4.0,1.0,2.3,-1.7,0,3.0,5,25.0,0.0,697.5,0.0,0.0,5,0.0,0.0,0.0
Gregor Kobel,J1,Dortmund,UEFA Champions League,SUI,GK,Goalkeeper,27,90,7.0,4.0,3.0,2.8,-1.2,0,4.0,18,39.0,4.0,1552.2,5.0,166.0,16,1.0,2.0,40.6
Thibaut Courtois,J1,Real Madrid,UEFA Champions League,BEL,GK,Goalkeeper,33,90,5.0,1.0,4.0,0.5,-0.5,0,3.0,11,26.0,4.0,891.8,5.0,280.0,9,0.0,4.0,104.0
Gerónimo Rulli,J1,Marseille,UEFA Champions League,ARG,GK,Goalkeeper,33,90,15.0,2.0,13.0,3.5,1.5,0,4.0,10,40.0,11.0,1180.0,2.0,40.0,10,1.0,0.0,0.0
Jindřich Staněk,J1,Slavia Prague,UEFA Champions League,CZE,GK,Goalkeeper,29,90,9.0,2.0,6.0,2.6,0.6,0,6.0,13,21.0,4.0,879.9,3.0,150.9,12,0.0,0.0,0.0
Nikita Haikin,J1,Bodø/Glimt,UEFA Champions League,RUS,GK,Goalkeeper,30,90,10.0,2.0,8.0,4.2,2.2,0,5.0,18,30.0,4.0,1188.0,4.0,259.2,25,1.0,0.0,0.0
Alexandros Paschalakis,J1,Olympiacos,UEFA Champions League,GRE,GK,Goalkeeper,36,90,1.0,0.0,1.0,0.1,0.1,1,2.0,3,14.0,1.0,379.4,8.0,246.4,1,0.0,4.0,84.8
Neofytos Michael,J1,Pafos FC,UEFA Champions League,CYP,GK,Goalkeeper,31,90,3.0,0.0,3.0,0.3,0.3,1,4.0,24,24.0,3.0,1173.6,12.0,684.0,38,0.0,0.0,0.0
Alisson,J1,Liverpool,UEFA Champions League,BRA,GK,Goalkeeper,32,90,4.0,2.0,2.0,1.4,-0.6,0,1.0,6,33.0,5.0,983.4,3.0,81.9,17,2.0,4.0,94.4
Jan Oblak,J1,Atlético Madrid,UEFA Champions League,SVN,GK,Goalkeeper,32,90,6.0,3.0,3.0,1.9,-1.1,0,4.0,14,23.0,6.0,871.7,11.0,507.1,17,0.0,0.0,0.0
Vitezslav Jaros,J1,Ajax,UEFA Champions League,CZE,GK,Goalkeeper,24,90,4.0,2.0,2.0,1.7,-0.3,0,5.0,13,52.0,6.0,1487.2,4.0,103.2,7,1.0,0.0,0.0
Yann Sommer,J1,Inter,UEFA Champions League,SUI,GK,Goalkeeper,36,90,2.0,0.0,2.0,0.7,0.7,1,6.0,17,37.0,6.0,1184.0,4.0,262.0,16,2.0,0.0,0.0
Manuel Neuer,J1,Bayern Munich,UEFA Champions League,GER,GK,Goalkeeper,39,90,3.0,1.0,2.0,1.0,0.0,0,7.0,18,48.0,3.0,1536.0,5.0,153.0,9,1.0,3.0,51.0
Robert Sánchez,J1,Chelsea,UEFA Champions League,ESP,GK,Goalkeeper,27,90,5.0,3.0,3.0,2.5,-0.5,0,6.0,13,37.0,3.0,1306.1,4.0,175.2,9,2.0,0.0,0.0
Lucas Chevalier,J1,Paris S-G,UEFA Champions League,FRA,GK,Goalkeeper,23,90,2.0,0.0,2.0,0.3,0.3,1,1.0,4,29.0,0.0,780.1,2.0,28.0,5,0.0,0.0,0.0
Marco Carnesecchi,J1,Atalanta,UEFA Champions League,ITA,GK,Goalkeeper,25,90,13.0,4.0,8.0,4.2,0.2,0,5.0,16,33.0,4.0,1164.9,7.0,314.3,5,0.0,2.0,24.8
Simon Mignolet,J1,Club Brugge,UEFA Champions League,BEL,GK,Goalkeeper,37,18,1.0,0.0,0.0,0.7,0.0,0,3.0,5,0.0,1.0,0.0,0.0,0.0,2,0.0,0.0,0.0
Nordin Jackers,J1,Club Brugge,UEFA Champions League,BEL,GK,Goalkeeper,28,72,4.0,1.0,3.0,0.4,-0.6,0,3.0,12,34.0,7.0,1152.6,0.0,0.0,9,0.0,1.0,22.5
Philipp Köhn,J1,Monaco,UEFA Champions League,SUI,GK,Goalkeeper,27,90,10.0,4.0,6.0,3.7,-0.3,0,2.0,5,20.0,4.0,582.0,6.0,181.8,11,0.0,1.0,12.3
Dominik Kotarski,J1,FC Copenhagen,UEFA Champions League,CRO,GK,Goalkeeper,25,90,4.0,2.0,3.0,1.4,-0.6,0,6.0,17,22.0,3.0,926.2,5.0,278.0,11,0.0,0.0,0.0
Mark Flekken,J1,Leverkusen,UEFA Champions League,NED,GK,Goalkeeper,32,90,7.0,2.0,5.0,3.0,1.0,0,1.0,7,28.0,2.0,728.0,3.0,114.0,9,1.0,0.0,0.0
Gianluigi Donnarumma,J1,Manchester City,UEFA Champions League,ITA,GK,Goalkeeper,26,90,1.0,0.0,1.0,0.7,0.7,1,0.0,3,23.0,4.0,540.5,0.0,0.0,4,1.0,1.0,14.8
Vanja Milinković-Savić,J1,Napoli,UEFA Champions League,SRB,GK,Goalkeeper,28,90,8.0,2.0,6.0,2.8,0.8,0,6.0,21,35.0,6.0,1270.5,11.0,687.5,16,3.0,0.0,0.0
João Virgínia,J1,Sporting CP,UEFA Champions League,POR,GK,Goalkeeper,25,90,4.0,1.0,3.0,0.5,-0.5,0,1.0,6,22.0,7.0,695.2,5.0,190.0,7,1.0,1.0,16.5
Sherhan Kalmurza,J1,Qaırat Almaty,UEFA Champions League,KAZ,GK,Goalkeeper,18,90,8.0,4.0,3.0,4.1,0.1,0,5.0,16,20.0,4.0,660.0,13.0,651.3,13,1.0,0.0,0.0
Nick Pope,J1,Newcastle Utd,UEFA Champions League,ENG,GK,Goalkeeper,33,90,5.0,2.0,3.0,1.6,-0.4,0,2.0,8,12.0,5.0,441.6,9.0,383.4,8,0.0,0.0,0.0
Joan García,J1,Barcelona,UEFA Champions League,ESP,GK,Goalkeeper,24,90,6.0,1.0,5.0,2.3,1.3,0,7.0,14,35.0,9.0,1253.0,3.0,143.1,13,2.0,1.0,15.8
Michael Zetterer,J1,Eint Frankfurt,UEFA Champions League,GER,GK,Goalkeeper,30,90,5.0,1.0,4.0,1.8,0.8,0,5.0,22,44.0,10.0,1566.4,2.0,127.0,10,0.0,2.0,29.6
Uğurcan Çakır,J1,Galatasaray,UEFA Champions League,TUR,GK,Goalkeeper,29,90,5.0,5.0,2.0,1.6,-3.4,0,4.0,16,40.0,6.0,1436.0,2.0,35.0,8,1.0,4.0,74.4
Franco Israel,J2,Torino,Italian Serie A,URU,GK,Goalkeeper,25,90,3.0,0.0,3.0,0.4,0.4,1,12.0,23,38.0,6.0,1634.0,2.0,139.0,8,0.0,2.0,56.0
David de Gea,J2,Fiorentina,Italian Serie A,ESP,GK,Goalkeeper,34,90,4.0,0.0,4.0,1.3,1.3,1,3.0,7,22.0,3.0,627.0,2.0,92.0,15,0.0,0.0,0.0
Yann Sommer,J2,Inter,Italian Serie A,SUI,GK,Goalkeeper,36,90,5.0,2.0,3.0,1.7,-0.3,0,2.0,6,32.0,6.0,777.6,8.0,172.0,6,0.0,3.0,92.1
Razvan Sava,J2,Udinese,Italian Serie A,ROU,GK,Goalkeeper,23,90,3.0,1.0,2.0,1.4,0.4,0,3.0,18,29.0,1.0,1128.1,4.0,262.0,23,0.0,0.0,0.0
Nicola Leali,J1,Genoa,Italian Serie A,ITA,GK,Goalkeeper,32,90,0.0,0.0,0.0,0.0,0.0,1,1.0,19,33.0,4.0,1148.4,4.0,272.0,19,1.0,2.0,28.0
Wladimiro Falcone,J1,Lecce,Italian Serie A,ITA,GK,Goalkeeper,30,90,2.0,0.0,2.0,0.7,0.7,1,6.0,18,22.0,1.0,981.2,4.0,233.2,9,1.0,0.0,0.0
Ivan Provedel,J2,Lazio,Italian Serie A,ITA,GK,Goalkeeper,31,90,4.0,0.0,4.0,0.8,0.8,1,0.0,0,24.0,6.0,602.4,2.0,52.0,5,1.0,0.0,0.0
Lorenzo Montipò,J2,Hellas Verona,Italian Serie A,ITA,GK,Goalkeeper,29,90,6.0,4.0,2.0,3.6,-0.4,0,8.0,20,26.0,4.0,1003.6,8.0,468.0,17,0.0,3.0,69.0
Elia Caprile,J3,Cagliari,Italian Serie A,ITA,GK,Goalkeeper,24,90,5.0,0.0,5.0,1.0,1.0,1,8.0,25,36.0,6.0,1468.8,4.0,220.0,16,4.0,0.0,0.0
Zion Suzuki,J3,Parma,Italian Serie A,JPN,GK,Goalkeeper,23,90,5.0,2.0,3.0,1.4,-0.6,0,3.0,9,23.0,4.0,786.6,4.0,81.2,10,0.0,1.0,14.0
Michele Di Gregorio,J3,Juventus,Italian Serie A,ITA,GK,Goalkeeper,28,90,4.0,3.0,1.0,1.1,-1.9,0,0.0,5,24.0,6.0,722.4,4.0,122.0,30,1.0,0.0,0.0
Yann Sommer,J3,Inter,Italian Serie A,SUI,GK,Goalkeeper,36,90,4.0,4.0,0.0,1.2,-2.8,0,2.0,5,14.0,0.0,414.4,3.0,141.9,10,0.0,0.0,0.0
David de Gea,J3,Fiorentina,Italian Serie A,ESP,GK,Goalkeeper,34,90,8.0,3.0,5.0,3.2,0.2,0,5.0,13,36.0,3.0,1296.0,2.0,48.0,10,1.0,2.0,34.6
Vanja Milinković-Savić,J3,Napoli,Italian Serie A,SRB,GK,Goalkeeper,28,90,3.0,1.0,2.0,0.4,-0.6,0,4.0,19,29.0,4.0,1165.8,6.0,457.2,22,3.0,0.0,0.0
Mile Svilar,J3,Roma,Italian Serie A,SRB,GK,Goalkeeper,26,90,4.0,1.0,3.0,1.9,0.9,0,3.0,4,28.0,6.0,750.4,3.0,96.9,5,0.0,1.0,26.0
Franco Israel,J3,Torino,Italian Serie A,URU,GK,Goalkeeper,25,90,5.0,0.0,5.0,0.8,0.8,1,8.0,33,39.0,5.0,1930.5,5.0,346.0,24,0.0,1.0,26.0
Marco Carnesecchi,J3,Atalanta,Italian Serie A,ITA,GK,Goalkeeper,25,90,3.0,1.0,2.0,0.7,-0.3,0,3.0,7,23.0,3.0,699.2,2.0,85.0,9,0.0,0.0,0.0
Wladimiro Falcone,J3,Lecce,Italian Serie A,ITA,GK,Goalkeeper,30,90,8.0,4.0,4.0,2.1,-1.9,0,5.0,27,30.0,2.0,1527.0,4.0,235.2,18,0.0,6.0,120.0
Adrian Šemper,J3,Pisa,Italian Serie A,CRO,GK,Goalkeeper,27,90,3.0,1.0,2.0,0.9,-0.1,0,3.0,7,28.0,6.0,901.6,4.0,114.0,13,0.0,0.0,0.0
Razvan Sava,J3,Udinese,Italian Serie A,ROU,GK,Goalkeeper,23,90,2.0,0.0,2.0,0.1,0.1,1,5.0,21,30.0,3.0,1050.0,8.0,455.2,20,0.0,0.0,0.0
Arijanet Muric,J3,Sassuolo,Italian Serie A,KVX,GK,Goalkeeper,26,90,3.0,0.0,3.0,1.0,1.0,1,8.0,13,30.0,4.0,900.0,3.0,213.9,18,0.0,1.0,18.0
Ivan Provedel,J3,Lazio,Italian Serie A,ITA,GK,Goalkeeper,31,90,3.0,1.0,2.0,1.4,0.4,0,2.0,7,24.0,4.0,696.0,0.0,0.0,6,0.0,2.0,38.4
Mike Maignan,J3,Milan,Italian Serie A,FRA,GK,Goalkeeper,30,55,0.0,0.0,0.0,0.0,0.0,0,1.0,4,28.0,2.0,814.8,1.0,29.0,7,1.0,0.0,0.0
Pietro Terracciano,J3,Milan,Italian Serie A,ITA,GK,Goalkeeper,35,35,0.0,0.0,0.0,0.0,0.0,1,3.0,3,6.0,0.0,204.0,1.0,73.0,8,0.0,0.0,0.0
Łukasz Skorupski,J3,Bologna,Italian Serie A,POL,GK,Goalkeeper,34,90,3.0,1.0,2.0,0.9,-0.1,0,4.0,13,58.0,6.0,1641.4,6.0,235.8,12,1.0,0.0,0.0
Lorenzo Montipò,J3,Hellas Verona,Italian Serie A,ITA,GK,Goalkeeper,29,90,2.0,0.0,2.0,0.3,0.3,1,2.0,9,17.0,5.0,586.5,5.0,270.0,5,1.0,0.0,0.0
Emil Audero,J3,Cremonese,Italian Serie A,IDN,GK,Goalkeeper,28,90,9.0,0.0,9.0,1.4,1.4,1,5.0,18,47.0,11.0,1649.7,5.0,200.0,20,1.0,0.0,0.0
Mike Maignan,J1,Milan,Italian Serie A,FRA,GK,Goalkeeper,30,90,3.0,2.0,1.0,1.2,-0.8,0,2.0,3,19.0,6.0,566.2,1.0,44.0,11,1.0,0.0,0.0
Emil Audero,J1,Cremonese,Italian Serie A,IDN,GK,Goalkeeper,28,90,5.0,1.0,4.0,1.5,0.5,0,0.0,15,34.0,5.0,1149.2,9.0,350.1,18,3.0,0.0,0.0
Jean Butez,J3,Como,Italian Serie A,FRA,GK,Goalkeeper,30,90,4.0,1.0,3.0,1.3,0.3,0,10.0,14,47.0,3.0,1471.1,0.0,0.0,11,3.0,0.0,0.0
Nicola Leali,J3,Genoa,Italian Serie A,ITA,GK,Goalkeeper,32,90,4.0,1.0,3.0,1.0,0.0,0,5.0,9,23.0,2.0,715.3,3.0,141.0,6,0.0,0.0,0.0
Wladimiro Falcone,J4,Lecce,Italian Serie A,ITA,GK,Goalkeeper,30,90,6.0,2.0,4.0,2.7,0.7,0,7.0,12,28.0,6.0,1038.8,1.0,16.0,17,0.0,0.0,0.0
Elia Caprile,J4,Cagliari,Italian Serie A,ITA,GK,Goalkeeper,24,90,5.0,1.0,4.0,1.0,0.0,0,6.0,19,24.0,4.0,945.6,5.0,303.0,12,2.0,2.0,21.4
Łukasz Skorupski,J4,Bologna,Italian Serie A,POL,GK,Goalkeeper,34,90,4.0,1.0,3.0,1.0,0.0,0,7.0,15,47.0,5.0,1555.7,0.0,0.0,7,0.0,2.0,29.6
Nicola Leali,J4,Genoa,Italian Serie A,ITA,GK,Goalkeeper,32,90,6.0,2.0,4.0,2.5,0.5,0,6.0,26,36.0,1.0,1702.8,3.0,189.9,16,0.0,0.0,0.0
Lorenzo Montipò,J4,Hellas Verona,Italian Serie A,ITA,GK,Goalkeeper,29,90,4.0,1.0,3.0,0.8,-0.2,0,6.0,20,16.0,2.0,820.8,7.0,452.9,14,0.0,0.0,0.0
Michele Di Gregorio,J4,Juventus,Italian Serie A,ITA,GK,Goalkeeper,28,90,4.0,1.0,3.0,1.6,0.6,0,6.0,7,26.0,6.0,751.4,4.0,152.0,11,1.0,0.0,0.0
Razvan Sava,J4,Udinese,Italian Serie A,ROU,GK,Goalkeeper,23,90,6.0,3.0,3.0,1.6,-1.4,0,0.0,0,11.0,2.0,203.5,7.0,154.0,11,1.0,3.0,67.8
Pietro Terracciano,J4,Milan,Italian Serie A,ITA,GK,Goalkeeper,35,90,4.0,0.0,4.0,0.2,0.2,1,4.0,6,24.0,5.0,715.2,5.0,187.0,11,1.0,0.0,0.0
Brice Samba,J1,Rennes,French Ligue 1,FRA,GK,Goalkeeper,31,90,2.0,0.0,2.0,0.8,0.8,1,5.0,16,34.0,3.0,1315.8,3.0,168.9,31,1.0,0.0,0.0
Gerónimo Rulli,J1,Marseille,French Ligue 1,ARG,GK,Goalkeeper,33,90,5.0,1.0,4.0,1.1,0.1,0,2.0,3,24.0,1.0,480.0,4.0,152.0,1,0.0,5.0,118.0
Robin Risser,J1,Lens,French Ligue 1,FRA,GK,Goalkeeper,20,90,3.0,1.0,2.0,1.6,0.6,0,3.0,5,32.0,1.0,950.4,0.0,0.0,13,0.0,2.0,41.2
Rémy Descamps,J1,Lyon,French Ligue 1,FRA,GK,Goalkeeper,29,90,4.0,0.0,4.0,1.6,1.6,1,3.0,13,35.0,3.0,1200.5,5.0,176.0,25,0.0,1.0,14.0
Lukáš Hrádecký,J1,Monaco,French Ligue 1,FIN,GK,Goalkeeper,35,90,4.0,1.0,3.0,1.3,0.3,0,1.0,5,30.0,2.0,729.0,2.0,35.0,11,0.0,2.0,66.0
Mory Diaw,J1,Le Havre,French Ligue 1,SEN,GK,Goalkeeper,32,90,3.0,3.0,1.0,1.7,-1.3,0,4.0,13,22.0,5.0,745.8,9.0,446.4,17,0.0,1.0,8.0
Yehvann Diouf,J1,Nice,French Ligue 1,SEN,GK,Goalkeeper,25,90,2.0,1.0,1.0,0.4,-0.6,0,1.0,3,24.0,4.0,482.4,4.0,150.0,11,1.0,0.0,0.0
Guillaume Restes,J1,Toulouse,French Ligue 1,FRA,GK,Goalkeeper,20,90,2.0,0.0,2.0,0.2,0.2,1,5.0,16,23.0,1.0,887.8,4.0,240.0,18,0.0,1.0,16.0
Radosław Majecki,J1,Brest,French Ligue 1,POL,GK,Goalkeeper,25,90,6.0,3.0,3.0,1.8,-1.2,0,3.0,16,31.0,6.0,1119.1,4.0,247.2,9,0.0,0.0,0.0
Berke Özer,J1,Lille,French Ligue 1,TUR,GK,Goalkeeper,25,90,5.0,3.0,2.0,3.1,0.1,0,2.0,8,28.0,5.0,786.8,8.0,230.4,12,0.0,2.0,29.6
Hervé Koffi,J1,Angers,French Ligue 1,BFA,GK,Goalkeeper,28,90,7.0,0.0,7.0,1.7,1.7,1,10.0,27,40.0,4.0,1740.0,5.0,319.0,21,4.0,0.0,0.0
Obed Nkambadio,J1,Paris FC,French Ligue 1,FRA,GK,Goalkeeper,22,90,2.0,1.0,1.0,0.4,-0.6,0,0.0,1,22.0,3.0,464.2,8.0,128.8,8,0.0,3.0,52.2
Donovan Léon,J1,Auxerre,French Ligue 1,GUF,GK,Goalkeeper,32,90,3.0,0.0,3.0,0.6,0.6,1,8.0,22,30.0,3.0,1299.0,3.0,224.1,8,0.0,0.0,0.0
Bingourou Kamara,J1,Lorient,French Ligue 1,SEN,GK,Goalkeeper,28,90,3.0,1.0,2.0,0.5,-0.5,0,3.0,7,29.0,2.0,788.8,2.0,51.0,8,0.0,5.0,111.0
Jonathan Fischer,J1,Metz,French Ligue 1,DEN,GK,Goalkeeper,23,90,3.0,1.0,2.0,0.9,-0.1,0,2.0,9,24.0,4.0,832.8,3.0,89.1,18,1.0,3.0,51.6
Mike Penders,J1,Strasbourg,French Ligue 1,BEL,GK,Goalkeeper,20,90,0.0,0.0,0.0,0.0,0.0,1,2.0,3,25.0,2.0,612.5,0.0,0.0,9,2.0,2.0,24.6
Anthony Lopes,J1,Nantes,French Ligue 1,POR,GK,Goalkeeper,34,90,4.0,1.0,3.0,0.2,-0.8,0,10.0,23,47.0,9.0,1687.3,10.0,224.0,12,2.0,0.0,0.0
Lucas Chevalier,J1,Paris S-G,French Ligue 1,FRA,GK,Goalkeeper,23,90,0.0,0.0,0.0,0.0,0.0,1,4.0,6,16.0,4.0,484.8,3.0,126.0,3,0.0,0.0,0.0
Lucas Chevalier,J2,Paris S-G,French Ligue 1,FRA,GK,Goalkeeper,23,90,0.0,0.0,0.0,0.0,0.0,1,0.0,0,12.0,2.0,220.8,3.0,66.9,3,0.0,3.0,61.5
Hervé Koffi,J2,Angers,French Ligue 1,BFA,GK,Goalkeeper,28,90,4.0,1.0,3.0,0.7,-0.3,0,6.0,15,18.0,2.0,808.2,6.0,169.8,21,0.0,0.0,0.0
Gerónimo Rulli,J2,Marseille,French Ligue 1,ARG,GK,Goalkeeper,33,90,4.0,2.0,2.0,1.3,-0.7,0,3.0,6,31.0,6.0,725.4,2.0,78.0,7,1.0,8.0,176.0
Obed Nkambadio,J2,Paris FC,French Ligue 1,FRA,GK,Goalkeeper,22,90,7.0,5.0,2.0,2.5,-2.5,0,0.0,5,33.0,6.0,957.0,3.0,78.0,8,0.0,0.0,0.0
Yehvann Diouf,J2,Nice,French Ligue 1,SEN,GK,Goalkeeper,25,90,8.0,1.0,7.0,2.0,1.0,0,2.0,5,21.0,2.0,497.7,1.0,16.0,11,2.0,0.0,0.0
Donovan Léon,J2,Auxerre,French Ligue 1,GUF,GK,Goalkeeper,32,44,1.0,2.0,0.0,0.9,-1.1,0,2.0,12,23.0,2.0,816.5,2.0,99.0,7,1.0,1.0,16.3
Théo De Percin,J2,Auxerre,French Ligue 1,MTQ,GK,Goalkeeper,24,46,5.0,1.0,4.0,1.1,0.1,0,3.0,16,17.0,0.0,790.5,4.0,264.0,10,3.0,1.0,9.6
Rémy Descamps,J2,Lyon,French Ligue 1,FRA,GK,Goalkeeper,29,90,2.0,0.0,2.0,1.0,1.0,1,0.0,1,29.0,4.0,574.2,2.0,30.0,12,0.0,0.0,0.0
Jonathan Fischer,J2,Metz,French Ligue 1,DEN,GK,Goalkeeper,23,90,8.0,3.0,5.0,2.9,-0.1,0,3.0,6,38.0,4.0,965.2,0.0,0.0,8,0.0,0.0,0.0
Bingourou Kamara,J2,Lorient,French Ligue 1,SEN,GK,Goalkeeper,28,90,1.0,0.0,1.0,0.0,0.0,1,2.0,3,9.0,1.0,288.0,3.0,59.1,5,1.0,0.0,0.0
Brice Samba,J2,Rennes,French Ligue 1,FRA,GK,Goalkeeper,31,90,7.0,4.0,3.0,3.4,-0.6,0,9.0,25,62.0,6.0,2219.6,8.0,152.8,19,3.0,0.0,0.0
Karl-Johan Johnsson,J2,Strasbourg,French Ligue 1,SWE,GK,Goalkeeper,35,90,2.0,0.0,2.0,0.3,0.3,1,3.0,10,32.0,2.0,947.2,2.0,91.0,13,1.0,3.0,56.7
Anthony Lopes,J2,Nantes,French Ligue 1,POR,GK,Goalkeeper,34,90,4.0,1.0,3.0,1.5,0.5,0,8.0,13,52.0,4.0,1565.2,3.0,60.9,19,0.0,3.0,73.8
Mory Diaw,J2,Le Havre,French Ligue 1,SEN,GK,Goalkeeper,32,90,3.0,2.0,1.0,1.5,-0.5,0,6.0,13,28.0,4.0,826.0,7.0,343.7,9,2.0,2.0,36.0
Robin Risser,J2,Lens,French Ligue 1,FRA,GK,Goalkeeper,20,90,6.0,1.0,5.0,0.9,-0.1,0,4.0,13,23.0,3.0,736.0,8.0,404.0,21,1.0,0.0,0.0
Guillaume Restes,J2,Toulouse,French Ligue 1,FRA,GK,Goalkeeper,20,90,2.0,0.0,2.0,0.1,0.1,1,3.0,8,22.0,4.0,673.2,9.0,237.6,18,2.0,1.0,12.6
Radosław Majecki,J2,Brest,French Ligue 1,POL,GK,Goalkeeper,25,90,3.0,2.0,1.0,1.3,-0.7,0,4.0,9,23.0,6.0,853.3,2.0,87.0,7,1.0,0.0,0.0
Berke Özer,J2,Lille,French Ligue 1,TUR,GK,Goalkeeper,25,90,1.0,0.0,1.0,0.7,0.7,1,5.0,9,28.0,1.0,854.0,2.0,20.0,9,0.0,1.0,17.5
Lukáš Hrádecký,J2,Monaco,French Ligue 1,FIN,GK,Goalkeeper,35,90,1.0,1.0,0.0,0.6,-0.4,0,4.0,17,33.0,2.0,1112.1,8.0,342.4,20,0.0,2.0,39.4
Robin Risser,J3,Lens,French Ligue 1,FRA,GK,Goalkeeper,20,90,2.0,1.0,1.0,1.1,0.1,0,1.0,6,31.0,2.0,837.0,5.0,142.0,7,0.0,0.0,0.0
Radosław Majecki,J3,Brest,French Ligue 1,POL,GK,Goalkeeper,25,54,3.0,0.0,3.0,1.3,0.0,0,9.0,14,16.0,2.0,676.8,6.0,421.8,13,2.0,1.0,14.8
Grégoire Coudert,J3,Brest,French Ligue 1,FRA,GK,Goalkeeper,26,32,7.0,3.0,4.0,3.3,0.3,0,4.0,12,11.0,3.0,565.4,4.0,276.0,17,1.0,0.0,0.0
Mile Svilar,J1,Roma,Italian Serie A,SRB,GK,Goalkeeper,25,90,2.0,0.0,2.0,0.6,0.6,1,5.0,16,31.0,5.0,1085.0,7.0,382.2,13,1.0,0.0,0.0
Łukasz Skorupski,J1,Bologna,Italian Serie A,POL,GK,Goalkeeper,34,90,4.0,1.0,3.0,1.2,0.2,0,13.0,24,69.0,8.0,2394.3,5.0,166.0,7,0.0,0.0,0.0
Bingourou Kamara,J3,Lorient,French Ligue 1,SEN,GK,Goalkeeper,28,90,11.0,7.0,4.0,4.3,-2.7,0,7.0,12,27.0,4.0,872.1,4.0,169.2,14,1.0,0.0,0.0
Berke Özer,J3,Lille,French Ligue 1,TUR,GK,Goalkeeper,25,90,2.0,1.0,0.0,1.0,0.0,0,3.0,9,29.0,2.0,928.0,2.0,56.0,13,1.0,0.0,0.0
Anthony Lopes,J3,Nantes,French Ligue 1,POR,GK,Goalkeeper,34,90,4.0,0.0,4.0,0.4,0.4,1,1.0,12,46.0,3.0,1380.0,3.0,180.0,23,1.0,2.0,24.0
Théo De Percin,J3,Auxerre,French Ligue 1,MTQ,GK,Goalkeeper,24,90,3.0,1.0,2.0,0.4,-0.6,0,3.0,13,36.0,5.0,1303.2,2.0,79.0,10,0.0,3.0,64.5
Guillaume Restes,J3,Toulouse,French Ligue 1,FRA,GK,Goalkeeper,20,90,8.0,6.0,2.0,4.6,-1.4,0,12.0,15,15.0,1.0,670.5,6.0,331.8,3,1.0,0.0,0.0
Lucas Chevalier,J3,Paris S-G,French Ligue 1,FRA,GK,Goalkeeper,23,90,6.0,3.0,2.0,2.6,-0.4,0,0.0,2,26.0,4.0,509.6,4.0,152.0,11,1.0,1.0,16.5
Hervé Koffi,J3,Angers,French Ligue 1,BFA,GK,Goalkeeper,28,90,7.0,1.0,6.0,1.7,0.7,0,1.0,4,25.0,12.0,695.0,5.0,148.0,19,4.0,0.0,0.0
Brice Samba,J3,Rennes,French Ligue 1,FRA,GK,Goalkeeper,31,90,7.0,1.0,6.0,1.3,0.3,0,2.0,8,69.0,8.0,1794.0,4.0,108.0,11,2.0,1.0,13.2
Kevin Trapp,J3,Paris FC,French Ligue 1,GER,GK,Goalkeeper,35,90,2.0,2.0,0.0,1.5,-0.5,0,1.0,8,28.0,4.0,904.4,7.0,160.3,13,1.0,3.0,66.0
Jonathan Fischer,J3,Metz,French Ligue 1,DEN,GK,Goalkeeper,23,90,9.0,3.0,6.0,3.8,0.8,0,2.0,6,42.0,6.0,1037.4,5.0,149.0,21,1.0,0.0,0.0
Mory Diaw,J3,Le Havre,French Ligue 1,SEN,GK,Goalkeeper,32,90,3.0,1.0,2.0,1.1,0.1,0,9.0,28,49.0,6.0,1832.6,7.0,350.7,19,4.0,0.0,0.0
Yehvann Diouf,J3,Nice,French Ligue 1,SEN,GK,Goalkeeper,25,90,8.0,3.0,5.0,3.3,0.3,0,2.0,3,34.0,9.0,795.6,2.0,31.0,23,1.0,1.0,18.0
Lukáš Hrádecký,J3,Monaco,French Ligue 1,FIN,GK,Goalkeeper,35,78,3.0,2.0,1.0,1.3,-0.7,0,5.0,12,29.0,3.0,977.3,3.0,90.9,11,2.0,0.0,0.0
Philipp Köhn,J3,Monaco,French Ligue 1,SUI,GK,Goalkeeper,27,12,1.0,0.0,1.0,0.4,0.4,1,1.0,3,5.0,1.0,203.0,2.0,77.0,2,0.0,0.0,0.0
Mike Penders,J3,Strasbourg,French Ligue 1,BEL,GK,Goalkeeper,20,90,4.0,3.0,1.0,2.4,-0.6,0,2.0,4,39.0,2.0,924.3,1.0,16.0,10,0.0,0.0,0.0
Rémy Descamps,J3,Lyon,French Ligue 1,FRA,GK,Goalkeeper,29,90,2.0,0.0,2.0,0.5,0.5,1,0.0,3,22.0,5.0,594.0,1.0,31.0,10,2.0,1.0,9.2
Gerónimo Rulli,J3,Marseille,French Ligue 1,ARG,GK,Goalkeeper,33,90,4.0,1.0,4.0,0.5,-0.5,0,8.0,30,42.0,5.0,1772.4,7.0,469.7,30,5.0,0.0,0.0
Jeffrey De Lange,J4,Marseille,French Ligue 1,NED,GK,Goalkeeper,27,90,1.0,0.0,1.0,0.0,0.0,1,0.0,0,7.0,0.0,125.3,1.0,16.0,3,0.0,1.0,22.0
Yvon Mvogo,J4,Lorient,French Ligue 1,SUI,GK,Goalkeeper,31,90,8.0,4.0,4.0,2.6,-1.4,0,5.0,19,33.0,5.0,1270.5,3.0,165.9,15,1.0,0.0,0.0
Yehvann Diouf,J4,Nice,French Ligue 1,SEN,GK,Goalkeeper,25,90,3.0,0.0,3.0,0.4,0.4,1,4.0,15,30.0,6.0,1065.0,4.0,99.2,12,1.0,4.0,100.4
Anthony Lopes,J4,Nantes,French Ligue 1,POR,GK,Goalkeeper,34,90,8.0,1.0,7.0,0.7,-0.3,0,7.0,17,37.0,5.0,1372.7,1.0,16.0,20,1.0,3.0,47.4
Théo De Percin,J4,Auxerre,French Ligue 1,MTQ,GK,Goalkeeper,24,90,3.0,2.0,1.0,1.3,-0.7,0,10.0,23,20.0,1.0,1004.0,6.0,382.8,21,0.0,0.0,0.0
Philipp Köhn,J4,Monaco,French Ligue 1,SUI,GK,Goalkeeper,27,90,2.0,1.0,2.0,0.4,-0.6,0,1.0,4,17.0,3.0,445.4,6.0,84.0,11,1.0,0.0,0.0
Berke Özer,J4,Lille,French Ligue 1,TUR,GK,Goalkeeper,25,90,4.0,1.0,3.0,1.4,0.4,0,2.0,8,34.0,2.0,962.2,3.0,33.0,11,1.0,1.0,14.8
Guillaume Restes,J4,Toulouse,French Ligue 1,FRA,GK,Goalkeeper,20,90,5.0,2.0,3.0,1.9,-0.1,0,4.0,17,23.0,3.0,972.9,4.0,295.2,22,0.0,0.0,0.0
Mike Penders,J4,Strasbourg,French Ligue 1,BEL,GK,Goalkeeper,20,90,1.0,0.0,1.0,0.1,0.1,1,4.0,8,39.0,3.0,912.6,4.0,107.2,19,1.0,0.0,0.0
Mory Diaw,J4,Le Havre,French Ligue 1,SEN,GK,Goalkeeper,32,90,6.0,1.0,4.0,1.6,0.6,0,3.0,10,47.0,7.0,1170.3,5.0,120.0,16,3.0,1.0,12.8
Jonathan Fischer,J4,Metz,French Ligue 1,DEN,GK,Goalkeeper,23,90,4.0,1.0,3.0,1.8,0.8,0,2.0,3,42.0,3.0,827.4,3.0,95.1,10,0.0,3.0,55.8
Hervé Koffi,J4,Angers,French Ligue 1,BFA,GK,Goalkeeper,28,90,5.0,1.0,3.0,3.3,2.3,0,2.0,5,26.0,6.0,741.0,2.0,41.0,14,2.0,1.0,9.6
Lucas Chevalier,J4,Paris S-G,French Ligue 1,FRA,GK,Goalkeeper,23,90,3.0,0.0,3.0,0.4,0.4,1,3.0,4,30.0,8.0,735.0,4.0,175.2,9,1.0,0.0,0.0
Robin Risser,J4,Lens,French Ligue 1,FRA,GK,Goalkeeper,20,90,6.0,2.0,4.0,0.9,-1.1,0,3.0,8,24.0,2.0,784.8,10.0,190.0,6,0.0,0.0,0.0
Grégoire Coudert,J4,Brest,French Ligue 1,FRA,GK,Goalkeeper,26,90,4.0,2.0,2.0,1.6,-0.4,0,3.0,10,23.0,5.0,772.8,3.0,128.1,7,1.0,1.0,12.0
Obed Nkambadio,J4,Paris FC,French Ligue 1,FRA,GK,Goalkeeper,22,90,7.0,1.0,6.0,2.2,1.2,0,7.0,24,33.0,3.0,1244.1,17.0,674.9,22,0.0,2.0,40.6
Brice Samba,J4,Rennes,French Ligue 1,FRA,GK,Goalkeeper,31,90,5.0,1.0,4.0,1.8,0.8,0,1.0,8,30.0,3.0,867.0,4.0,107.2,10,0.0,0.0,0.0
Rémy Descamps,J4,Lyon,French Ligue 1,FRA,GK,Goalkeeper,29,90,4.0,3.0,2.0,1.8,-1.2,0,2.0,10,26.0,3.0,808.6,5.0,266.0,12,0.0,1.0,24.0
Dominik Greif,J5,Lyon,French Ligue 1,SVK,GK,Goalkeeper,28,90,2.0,0.0,2.0,0.6,0.6,1,0.0,3,23.0,1.0,510.6,3.0,66.0,11,0.0,1.0,14.7
Hervé Koffi,J5,Angers,French Ligue 1,BFA,GK,Goalkeeper,28,90,5.0,1.0,4.0,1.8,0.8,0,3.0,12,20.0,3.0,694.0,7.0,231.7,20,1.0,1.0,12.5
Anthony Lopes,J5,Nantes,French Ligue 1,POR,GK,Goalkeeper,34,90,4.0,2.0,2.0,1.6,-0.4,0,5.0,6,24.0,4.0,652.8,5.0,156.0,10,0.0,1.0,13.8
Brice Samba,J5,Rennes,French Ligue 1,FRA,GK,Goalkeeper,31,90,4.0,2.0,1.0,1.8,-0.2,0,6.0,22,45.0,3.0,1593.0,6.0,310.2,15,0.0,0.0,0.0
Grégoire Coudert,J5,Brest,French Ligue 1,FRA,GK,Goalkeeper,26,90,4.0,1.0,3.0,1.1,0.1,0,13.0,29,32.0,4.0,1427.2,10.0,636.0,19,1.0,0.0,0.0
Yehvann Diouf,J5,Nice,French Ligue 1,SEN,GK,Goalkeeper,25,90,5.0,4.0,1.0,1.7,-2.3,0,2.0,2,20.0,5.0,420.0,4.0,62.0,6,0.0,3.0,58.2
Robin Risser,J5,Lens,French Ligue 1,FRA,GK,Goalkeeper,20,90,3.0,0.0,3.0,1.0,1.0,1,6.0,13,29.0,3.0,1055.6,5.0,262.0,16,1.0,1.0,14.0
Berke Özer,J5,Lille,French Ligue 1,TUR,GK,Goalkeeper,25,90,6.0,3.0,3.0,3.4,0.4,0,5.0,16,33.0,3.0,1065.9,10.0,541.0,13,0.0,3.0,67.2
Elia Caprile,J1,Cagliari,Italian Serie A,ITA,GK,Goalkeeper,23,90,1.0,1.0,0.0,0.8,-0.2,0,3.0,6,24.0,5.0,674.4,4.0,103.2,8,0.0,1.0,21.0
David de Gea,J1,Fiorentina,Italian Serie A,ESP,GK,Goalkeeper,34,90,5.0,1.0,4.0,1.0,0.0,0,2.0,9,31.0,6.0,796.7,7.0,389.2,9,0.0,1.0,11.5
Jean Butez,J1,Como,Italian Serie A,FRA,GK,Goalkeeper,30,90,1.0,0.0,1.0,0.1,0.1,1,4.0,6,36.0,1.0,792.0,2.0,89.0,6,0.0,3.0,76.5
Ivan Provedel,J1,Lazio,Italian Serie A,ITA,GK,Goalkeeper,31,90,6.0,2.0,4.0,1.7,-0.3,0,4.0,9,27.0,4.0,793.8,10.0,310.0,12,1.0,0.0,0.0
Manuel Neuer,J1,Bayern Munich,German Bundesliga,GER,GK,Goalkeeper,39,90,1.0,0.0,1.0,0.1,0.1,1,1.0,4,38.0,6.0,938.6,4.0,146.0,7,0.0,3.0,72.0
Péter Gulácsi,J1,RB Leipzig,German Bundesliga,HUN,GK,Goalkeeper,35,90,9.0,6.0,3.0,3.2,-2.8,0,1.0,9,42.0,2.0,1108.8,2.0,113.0,9,0.0,1.0,11.3
Michael Zetterer,J1,Eint Frankfurt,German Bundesliga,GER,GK,Goalkeeper,30,90,5.0,1.0,4.0,1.1,0.1,0,3.0,8,33.0,7.0,993.3,2.0,48.0,4,0.0,2.0,33.6
Mio Backhaus,J1,Werder Bremen,German Bundesliga,GER,GK,Goalkeeper,21,90,5.0,4.0,1.0,2.4,-1.6,0,2.0,3,23.0,3.0,565.8,7.0,154.7,23,2.0,0.0,0.0
Noah Atubolu,J1,Freiburg,German Bundesliga,GER,GK,Goalkeeper,23,90,5.0,3.0,2.0,2.1,-0.9,0,9.0,18,41.0,6.0,1521.1,1.0,42.0,15,0.0,4.0,88.8
Finn Dahmen,J1,Augsburg,German Bundesliga,GER,GK,Goalkeeper,27,90,4.0,1.0,3.0,2.1,1.1,0,6.0,22,27.0,1.0,1198.8,7.0,366.1,18,2.0,0.0,0.0
Frederik Rønnow,J1,Union Berlin,German Bundesliga,DEN,GK,Goalkeeper,33,90,6.0,1.0,5.0,2.2,1.2,0,15.0,30,23.0,2.0,1212.1,9.0,555.3,30,5.0,0.0,0.0
Alexander Nübel,J1,Stuttgart,German Bundesliga,GER,GK,Goalkeeper,28,90,2.0,2.0,0.0,0.3,-1.7,0,0.0,2,22.0,4.0,536.8,3.0,74.1,14,0.0,0.0,0.0
Diant Ramaj,J1,Heidenheim,German Bundesliga,GER,GK,Goalkeeper,23,90,5.0,3.0,2.0,2.8,-0.2,0,5.0,15,50.0,4.0,1585.0,8.0,428.8,14,3.0,4.0,64.0
Kamil Grabara,J1,Wolfsburg,German Bundesliga,POL,GK,Goalkeeper,26,90,2.0,1.0,1.0,0.4,-0.6,0,4.0,13,24.0,5.0,859.2,4.0,239.2,13,0.0,1.0,15.7
Mark Flekken,J1,Leverkusen,German Bundesliga,NED,GK,Goalkeeper,32,90,5.0,2.0,3.0,0.9,-1.1,0,3.0,9,31.0,4.0,846.3,4.0,176.0,6,1.0,1.0,10.8
Oliver Baumann,J1,Hoffenheim,German Bundesliga,GER,GK,Goalkeeper,35,90,2.0,1.0,1.0,1.5,0.5,0,10.0,19,31.0,2.0,1196.6,2.0,127.0,20,1.0,4.0,69.6
Nikola Vasilj,J1,St. Pauli,German Bundesliga,BIH,GK,Goalkeeper,29,90,7.0,3.0,3.0,2.7,-0.3,0,1.0,7,31.0,1.0,833.9,1.0,29.0,8,0.0,0.0,0.0
Gregor Kobel,J1,Dortmund,German Bundesliga,SUI,GK,Goalkeeper,27,90,7.0,3.0,4.0,2.1,-0.9,0,4.0,11,35.0,5.0,973.0,4.0,236.0,20,1.0,0.0,0.0
Robin Zentner,J1,Mainz 05,German Bundesliga,GER,GK,Goalkeeper,30,90,2.0,1.0,1.0,1.0,0.0,0,9.0,15,27.0,3.0,963.9,9.0,376.2,9,1.0,2.0,33.0
Marvin Schwäbe,J1,Köln,German Bundesliga,GER,GK,Goalkeeper,30,90,2.0,0.0,2.0,0.2,0.2,1,9.0,28,31.0,3.0,1311.3,13.0,806.0,26,0.0,0.0,0.0
Moritz Nicolas,J1,Gladbach,German Bundesliga,GER,GK,Goalkeeper,27,90,1.0,0.0,1.0,0.3,0.3,1,2.0,7,24.0,3.0,698.4,3.0,93.0,9,1.0,3.0,41.1
Daniel Heuer Fernandes,J1,Hamburger SV,German Bundesliga,POR,GK,Goalkeeper,32,90,4.0,0.0,4.0,0.6,0.6,1,8.0,21,49.0,4.0,1538.6,5.0,281.0,22,0.0,2.0,37.4
Daniel Heuer Fernandes,J2,Hamburger SV,German Bundesliga,POR,GK,Goalkeeper,32,90,6.0,2.0,4.0,1.4,-0.6,0,3.0,10,38.0,3.0,1007.0,9.0,395.1,11,0.0,1.0,13.2
Nikola Vasilj,J2,St. Pauli,German Bundesliga,BIH,GK,Goalkeeper,29,90,2.0,0.0,2.0,0.2,0.2,1,1.0,9,35.0,7.0,1060.5,0.0,0.0,8,2.0,1.0,12.0
Mio Backhaus,J2,Werder Bremen,German Bundesliga,GER,GK,Goalkeeper,21,90,4.0,3.0,1.0,2.0,-1.0,0,1.0,3,28.0,5.0,674.8,1.0,63.0,14,1.0,3.0,47.4
Mark Flekken,J2,Leverkusen,German Bundesliga,NED,GK,Goalkeeper,32,90,5.0,3.0,2.0,2.4,-0.6,0,5.0,10,39.0,6.0,1107.6,6.0,220.8,15,1.0,3.0,62.4
Alexander Nübel,J2,Stuttgart,German Bundesliga,GER,GK,Goalkeeper,28,90,6.0,0.0,6.0,1.6,1.6,1,11.0,16,51.0,6.0,1601.4,5.0,148.0,22,4.0,3.0,44.4
Moritz Nicolas,J2,Gladbach,German Bundesliga,GER,GK,Goalkeeper,27,90,5.0,1.0,4.0,1.3,0.3,0,5.0,8,37.0,7.0,939.8,3.0,143.1,14,1.0,1.0,12.2
Oliver Baumann,J2,Hoffenheim,German Bundesliga,GER,GK,Goalkeeper,35,90,6.0,3.0,3.0,2.6,-0.4,0,5.0,11,28.0,3.0,974.4,3.0,87.0,12,1.0,8.0,212.8
Michael Zetterer,J2,Eint Frankfurt,German Bundesliga,GER,GK,Goalkeeper,30,90,5.0,1.0,4.0,1.1,0.1,0,7.0,15,35.0,8.0,1225.0,6.0,390.0,25,1.0,2.0,26.6
Marco Carnesecchi,J1,Atalanta,Italian Serie A,ITA,GK,Goalkeeper,25,90,2.0,1.0,2.0,0.7,-0.3,0,3.0,8,27.0,5.0,799.2,6.0,276.0,13,1.0,4.0,82.8
Adrian Šemper,J1,Pisa,Italian Serie A,CRO,GK,Goalkeeper,27,90,6.0,1.0,5.0,2.0,1.0,0,21.0,34,38.0,2.0,1900.0,5.0,330.0,23,1.0,0.0,0.0
Péter Gulácsi,J2,RB Leipzig,German Bundesliga,HUN,GK,Goalkeeper,35,90,3.0,0.0,3.0,1.3,1.3,1,1.0,6,26.0,3.0,696.8,2.0,101.0,9,1.0,2.0,38.6
Diant Ramaj,J2,Heidenheim,German Bundesliga,GER,GK,Goalkeeper,23,90,5.0,2.0,3.0,1.8,-0.2,0,6.0,20,44.0,6.0,1623.6,14.0,589.4,16,0.0,0.0,0.0
Finn Dahmen,J2,Augsburg,German Bundesliga,GER,GK,Goalkeeper,27,90,10.0,3.0,7.0,4.5,1.5,0,6.0,18,43.0,3.0,1513.6,5.0,114.0,9,0.0,6.0,104.4
Manuel Neuer,J2,Bayern Munich,German Bundesliga,GER,GK,Goalkeeper,39,90,3.0,2.0,1.0,1.4,-0.6,0,7.0,19,46.0,5.0,1688.2,2.0,100.0,14,0.0,1.0,13.5
Kamil Grabara,J2,Wolfsburg,German Bundesliga,POL,GK,Goalkeeper,26,90,3.0,1.0,2.0,1.1,0.1,0,4.0,21,40.0,9.0,1464.0,8.0,388.8,34,4.0,0.0,0.0
Robin Zentner,J2,Mainz 05,German Bundesliga,GER,GK,Goalkeeper,30,90,3.0,1.0,2.0,0.3,-0.7,0,5.0,14,27.0,2.0,931.5,6.0,367.8,10,2.0,3.0,55.2
Gregor Kobel,J2,Dortmund,German Bundesliga,SUI,GK,Goalkeeper,27,90,3.0,0.0,3.0,0.5,0.5,1,0.0,5,26.0,5.0,759.2,6.0,208.8,17,0.0,1.0,21.0
Frederik Rønnow,J2,Union Berlin,German Bundesliga,DEN,GK,Goalkeeper,33,90,6.0,3.0,3.0,2.8,-0.2,0,3.0,16,37.0,5.0,1250.6,5.0,292.0,13,1.0,0.0,0.0
Marvin Schwäbe,J2,Köln,German Bundesliga,GER,GK,Goalkeeper,30,90,2.0,1.0,1.0,0.9,-0.1,0,5.0,22,35.0,3.0,1267.0,8.0,528.0,23,0.0,1.0,23.5
Noah Atubolu,J2,Freiburg,German Bundesliga,GER,GK,Goalkeeper,23,90,6.0,4.0,2.0,2.7,-1.3,0,6.0,18,36.0,5.0,1378.8,7.0,196.7,11,0.0,0.0,0.0
Mark Flekken,J3,Leverkusen,German Bundesliga,NED,GK,Goalkeeper,32,90,2.0,1.0,1.0,0.5,-0.5,0,10.0,24,28.0,3.0,1215.2,11.0,734.8,20,0.0,4.0,74.4
Michael Zetterer,J3,Eint Frankfurt,German Bundesliga,GER,GK,Goalkeeper,30,90,7.0,3.0,4.0,2.2,-0.8,0,2.0,7,33.0,2.0,976.8,7.0,146.3,6,0.0,1.0,17.0
Frederik Rønnow,J3,Union Berlin,German Bundesliga,DEN,GK,Goalkeeper,33,90,8.0,4.0,4.0,4.3,0.3,0,3.0,9,20.0,4.0,650.0,1.0,57.0,8,0.0,1.0,19.0
Oliver Baumann,J3,Hoffenheim,German Bundesliga,GER,GK,Goalkeeper,35,90,6.0,2.0,4.0,1.4,-0.6,0,4.0,17,28.0,4.0,1027.6,7.0,335.3,22,1.0,3.0,49.2
Noah Atubolu,J3,Freiburg,German Bundesliga,GER,GK,Goalkeeper,23,90,2.0,1.0,1.0,0.9,-0.1,0,8.0,22,40.0,3.0,1492.0,5.0,335.0,9,2.0,0.0,0.0
Alexander Nübel,J3,Stuttgart,German Bundesliga,GER,GK,Goalkeeper,28,90,6.0,3.0,3.0,3.0,0.0,0,4.0,17,39.0,3.0,1267.5,9.0,444.6,27,2.0,0.0,0.0
Kamil Grabara,J3,Wolfsburg,German Bundesliga,POL,GK,Goalkeeper,26,90,8.0,3.0,5.0,3.3,0.3,0,1.0,10,29.0,7.0,916.4,3.0,164.1,14,0.0,1.0,15.0
Marvin Schwäbe,J3,Köln,German Bundesliga,GER,GK,Goalkeeper,30,90,6.0,3.0,3.0,2.0,-1.0,0,6.0,17,29.0,1.0,954.1,10.0,526.0,17,0.0,0.0,0.0
Robin Zentner,J3,Mainz 05,German Bundesliga,GER,GK,Goalkeeper,30,90,3.0,1.0,2.0,0.4,-0.6,0,3.0,22,34.0,3.0,1499.4,8.0,336.8,8,1.0,4.0,78.4
Péter Gulácsi,J3,RB Leipzig,German Bundesliga,HUN,GK,Goalkeeper,35,90,2.0,0.0,2.0,0.7,0.7,1,7.0,20,29.0,3.0,1073.0,9.0,520.2,19,0.0,2.0,60.6
Diant Ramaj,J3,Heidenheim,German Bundesliga,GER,GK,Goalkeeper,23,90,8.0,2.0,6.0,3.9,1.9,0,11.0,32,39.0,4.0,1782.3,11.0,691.9,19,2.0,1.0,8.4
Gregor Kobel,J3,Dortmund,German Bundesliga,SUI,GK,Goalkeeper,27,90,1.0,0.0,1.0,0.2,0.2,1,0.0,2,13.0,1.0,318.5,3.0,81.9,6,0.0,2.0,39.6
Manuel Neuer,J3,Bayern Munich,German Bundesliga,GER,GK,Goalkeeper,39,90,2.0,0.0,2.0,0.4,0.4,1,2.0,3,20.0,3.0,526.0,7.0,112.0,11,0.0,4.0,109.2
Daniel Heuer Fernandes,J3,Hamburger SV,German Bundesliga,POR,GK,Goalkeeper,32,90,12.0,5.0,7.0,2.5,-2.5,0,5.0,14,39.0,2.0,1146.6,3.0,75.0,12,0.0,0.0,0.0
Nikola Vasilj,J3,St. Pauli,German Bundesliga,BIH,GK,Goalkeeper,29,90,5.0,1.0,4.0,1.1,0.1,0,9.0,20,56.0,4.0,1825.6,1.0,63.0,5,1.0,3.0,53.7
Finn Dahmen,J3,Augsburg,German Bundesliga,GER,GK,Goalkeeper,27,90,7.0,2.0,4.0,1.8,-0.2,0,3.0,8,39.0,4.0,1056.9,3.0,90.9,11,2.0,2.0,24.8
Moritz Nicolas,J3,Gladbach,German Bundesliga,GER,GK,Goalkeeper,27,90,7.0,4.0,3.0,3.1,-0.9,0,1.0,4,29.0,4.0,632.2,1.0,21.0,5,0.0,5.0,126.5
Mio Backhaus,J3,Werder Bremen,German Bundesliga,GER,GK,Goalkeeper,21,90,2.0,0.0,2.0,0.4,0.4,1,3.0,12,48.0,6.0,1420.8,4.0,173.2,20,2.0,0.0,0.0
Alexander Nübel,J4,Stuttgart,German Bundesliga,GER,GK,Goalkeeper,28,90,2.0,0.0,2.0,0.7,0.7,1,7.0,13,29.0,8.0,1044.0,3.0,102.9,18,2.0,1.0,12.3
Nikola Vasilj,J4,St. Pauli,German Bundesliga,BIH,GK,Goalkeeper,29,90,8.0,2.0,5.0,3.5,1.5,0,2.0,11,39.0,4.0,1142.7,1.0,19.0,10,1.0,2.0,29.6
Mio Backhaus,J4,Werder Bremen,German Bundesliga,GER,GK,Goalkeeper,21,90,5.0,3.0,3.0,2.7,-0.3,0,1.0,1,35.0,9.0,822.5,6.0,178.8,6,2.0,1.0,13.0
Noah Atubolu,J4,Freiburg,German Bundesliga,GER,GK,Goalkeeper,23,90,5.0,0.0,4.0,0.9,0.9,1,15.0,25,35.0,4.0,1435.0,8.0,588.8,14,1.0,2.0,28.6
Finn Dahmen,J4,Augsburg,German Bundesliga,GER,GK,Goalkeeper,27,90,4.0,4.0,0.0,2.2,-1.8,0,2.0,6,30.0,5.0,837.0,5.0,102.0,9,1.0,1.0,18.5
Robin Zentner,J4,Mainz 05,German Bundesliga,GER,GK,Goalkeeper,30,90,5.0,1.0,4.0,1.0,0.0,0,8.0,30,28.0,4.0,1576.4,7.0,520.1,28,3.0,0.0,0.0
Oliver Baumann,J4,Hoffenheim,German Bundesliga,GER,GK,Goalkeeper,35,90,10.0,4.0,6.0,2.7,-1.3,0,7.0,15,30.0,2.0,1167.0,1.0,31.0,12,0.0,2.0,32.6
Manuel Neuer,J4,Bayern Munich,German Bundesliga,GER,GK,Goalkeeper,39,90,3.0,1.0,2.0,0.3,-0.7,0,8.0,18,51.0,5.0,1652.4,3.0,129.9,13,1.0,2.0,30.4
Daniel Heuer Fernandes,J4,Hamburger SV,German Bundesliga,POR,GK,Goalkeeper,32,90,7.0,1.0,6.0,2.6,1.6,0,2.0,15,30.0,3.0,1041.0,7.0,270.2,20,1.0,0.0,0.0
Diant Ramaj,J4,Heidenheim,German Bundesliga,GER,GK,Goalkeeper,24,90,9.0,2.0,7.0,2.2,0.2,0,7.0,18,35.0,2.0,1337.0,8.0,356.8,9,0.0,1.0,16.6
Péter Gulácsi,J4,RB Leipzig,German Bundesliga,HUN,GK,Goalkeeper,35,90,1.0,1.0,0.0,0.8,-0.2,0,2.0,6,29.0,2.0,817.8,5.0,221.0,17,2.0,1.0,10.9
Marvin Schwäbe,J4,Köln,German Bundesliga,GER,GK,Goalkeeper,30,90,8.0,3.0,5.0,3.6,0.6,0,9.0,20,47.0,3.0,1612.1,7.0,254.8,14,1.0,4.0,70.4
Michele Di Gregorio,J1,Juventus,Italian Serie A,ITA,GK,Goalkeeper,28,90,1.0,0.0,1.0,0.1,0.1,1,2.0,9,22.0,4.0,785.4,1.0,70.0,14,3.0,0.0,0.0
Zion Suzuki,J1,Parma,Italian Serie A,JPN,GK,Goalkeeper,23,90,8.0,2.0,6.0,2.2,0.2,0,7.0,23,25.0,4.0,1050.0,15.0,799.5,15,1.0,0.0,0.0
Razvan Sava,J1,Udinese,Italian Serie A,ROU,GK,Goalkeeper,23,90,3.0,1.0,2.0,1.0,0.0,0,1.0,1,25.0,6.0,557.5,4.0,71.2,7,0.0,2.0,43.0
Lorenzo Montipò,J1,Hellas Verona,Italian Serie A,ITA,GK,Goalkeeper,29,90,4.0,1.0,3.0,0.7,-0.3,0,7.0,22,27.0,5.0,1131.3,9.0,600.3,16,1.0,0.0,0.0
Alisson,J1,Liverpool,English Premier League,BRA,GK,Goalkeeper,32,90,3.0,2.0,1.0,0.8,-1.2,0,6.0,11,41.0,4.0,1299.7,1.0,5.0,16,1.0,0.0,0.0
Đorđe Petrović,J1,Bournemouth,English Premier League,SRB,GK,Goalkeeper,25,90,10.0,4.0,6.0,3.0,-1.0,0,7.0,20,29.0,5.0,1046.9,11.0,628.1,15,2.0,4.0,61.2
Marco Bizot,J1,Aston Villa,English Premier League,NED,GK,Goalkeeper,34,90,3.0,0.0,3.0,0.6,0.6,1,4.0,24,34.0,4.0,1210.4,11.0,634.7,22,3.0,3.0,45.3
Nick Pope,J1,Newcastle Utd,English Premier League,ENG,GK,Goalkeeper,33,90,3.0,0.0,3.0,0.2,0.2,1,1.0,6,26.0,12.0,655.2,3.0,140.1,6,3.0,4.0,69.2
Robin Roefs,J1,Sunderland,English Premier League,NED,GK,Goalkeeper,22,90,3.0,0.0,3.0,0.4,0.4,1,3.0,15,23.0,3.0,947.6,3.0,192.9,18,2.0,0.0,0.0
Mads Hermansen,J1,West Ham,English Premier League,DEN,GK,Goalkeeper,25,90,5.0,3.0,2.0,1.6,-1.4,0,8.0,20,36.0,4.0,1386.0,1.0,26.0,10,1.0,0.0,0.0
Guglielmo Vicario,J1,Tottenham,English Premier League,ITA,GK,Goalkeeper,28,90,4.0,0.0,4.0,1.1,1.1,1,1.0,2,46.0,4.0,1058.0,4.0,137.2,10,0.0,0.0,0.0
Martin Dúbravka,J1,Burnley,English Premier League,SVK,GK,Goalkeeper,36,90,6.0,3.0,3.0,2.6,-0.4,0,5.0,22,18.0,3.0,736.2,13.0,777.4,22,3.0,0.0,0.0
Bart Verbruggen,J1,Brighton,English Premier League,NED,GK,Goalkeeper,22,90,2.0,1.0,1.0,0.7,-0.3,0,1.0,10,42.0,3.0,1150.8,0.0,0.0,11,1.0,0.0,0.0
Bernd Leno,J1,Fulham,English Premier League,GER,GK,Goalkeeper,33,90,4.0,1.0,3.0,1.0,0.0,0,7.0,20,45.0,7.0,1440.0,8.0,342.4,9,2.0,0.0,0.0
José Sá,J1,Wolves,English Premier League,POR,GK,Goalkeeper,32,90,4.0,4.0,0.0,2.3,-1.7,0,3.0,8,18.0,3.0,525.6,8.0,298.4,15,1.0,0.0,0.0
James Trafford,J1,Manchester City,English Premier League,ENG,GK,Goalkeeper,22,90,3.0,0.0,3.0,0.7,0.7,1,1.0,8,28.0,3.0,781.2,3.0,167.1,11,1.0,2.0,25.8
Matz Sels,J1,Nott'ham Forest,English Premier League,BEL,GK,Goalkeeper,33,90,3.0,1.0,2.0,1.5,0.5,0,2.0,11,22.0,4.0,891.0,6.0,205.2,11,0.0,2.0,48.6
Caoimhín Kelleher,J1,Brentford,English Premier League,IRL,GK,Goalkeeper,26,90,5.0,3.0,2.0,2.4,-0.6,0,3.0,14,34.0,11.0,1077.8,5.0,254.0,21,0.0,3.0,39.6
