Player,Nation,General Position,Team,Age,Born,Matches Played,Starts,Minutes Played,Goals Against,Shots on Target Against,Saves,Clean Sheets,Penalty Kicks Attempted,Penalty Kicks Allowed,Penalty Kicks Saved,Penalty Kicks Missed,Post-Shot Expected Goals,Launched Passes Completed,Launched Passes Attempted,Passes Attempted (GK),Through Balls,Goal Kicks Attempted,Crosses Opposed,Crosses Stopped,Sweeper Actions
Gavin Bazunu,IRL,Goalkeeper,Standard Liège,,2002,6,6,540,12,25,13,1,0,0,0,0,11.5,25,92,178,25,28,77,0,15
Arnaud Bodart,BEL,Goalkeeper,Standard Liège,,1998,2,2,180,1,6,5,1,0,0,0,0,2.6,18,56,47,4,16,40,8,9
Sinan Bolat,TUR,Goalkeeper,Westerlo,,1988,11,11,990,20,62,42,1,2,2,0,0,19.5,59,168,323,47,79,165,7,12
Colin Coosemans,BEL,Goalkeeper,Anderlecht,,1992,28,28,2520,25,128,101,14,2,0,2,0,39.0,161,396,1227,105,93,383,21,35
Jo Coppens,BEL,Goalkeeper,Sint-Truiden,,1990,3,3,270,11,18,7,0,1,1,0,0,9.0,12,47,96,9,10,50,1,0
Ortwin De Wolf,BEL,Goalkeeper,Mechelen,,1997,30,30,2700,40,142,106,9,5,5,0,0,45.3,130,372,937,150,225,473,32,23
Théo Defourny,BEL,Goalkeeper,Charleroi,,1992,1,1,90,2,4,2,0,0,0,0,0,1.5,1,10,24,3,5,9,0,1
Maxime Delanghe,BEL,Goalkeeper,Cercle Brugge,,2001,21,21,1881,27,87,59,7,3,2,1,0,29.0,105,413,427,39,129,263,6,34
Martin Delavallée,BEL,Goalkeeper,Charleroi,,2004,8,8,720,13,47,34,1,0,0,0,0,14.4,50,116,231,58,46,96,5,11
Julien Devriendt,BEL,Goalkeeper,Dender,,1998,4,3,315,9,26,17,0,1,1,0,0,7.2,13,42,77,23,16,49,2,7
Guillaume Dietsch,FRA,Goalkeeper,Dender,,2001,1,0,49,1,2,1,0,0,0,0,0,0.8,0,1,5,2,0,2,0,0
Matthieu Epolo,BEL,Goalkeeper,Standard Liège,,2004,19,18,1665,21,93,72,8,1,0,1,0,26.2,114,341,399,58,143,279,18,17
Nick Gillekens,BEL,Goalkeeper,Westerlo,,1995,1,1,90,3,11,8,0,0,0,0,0,4.3,8,19,34,7,9,22,0,1
Patrik Gunnarsson,ISL,Goalkeeper,Kortrijk,,2000,11,11,922,16,36,21,1,0,0,0,0,14.9,65,176,243,56,77,179,11,7
Laurent Henkinet,BEL,Goalkeeper,Standard Liège,,1992,4,4,315,1,13,12,2,0,0,0,0,2.5,19,72,76,12,27,93,9,2
Marko Ilić,SRB,Goalkeeper,Kortrijk,,1998,5,5,425,9,27,19,0,0,0,0,0,10.1,28,64,85,24,26,62,4,4
Nordin Jackers,BEL,Goalkeeper,Club Brugge,,1997,1,0,31,1,3,2,0,0,0,0,0,0.8,3,4,28,4,0,2,2,0
Andreas Jungdal,DEN,Goalkeeper,Westerlo,,2002,8,8,720,10,27,17,2,2,1,1,0,9.2,48,141,263,40,54,130,8,10
Mads Kikkenborg,DEN,Goalkeeper,Anderlecht,,1999,2,2,180,2,10,8,0,0,0,0,0,4.2,9,30,71,10,6,37,1,3
Leo Kokubo,JPN,Goalkeeper,Sint-Truiden,,2001,27,27,2430,45,121,77,4,10,9,1,0,45.0,113,318,749,103,172,485,21,36
Mohamed Koné,CIV,Goalkeeper,Charleroi,,2002,21,21,1890,21,74,53,6,4,3,1,0,23.8,118,289,652,85,82,246,28,33
Senne Lammens,BEL,Goalkeeper,Antwerp,,2002,30,30,2700,32,161,127,7,6,2,4,0,44.5,137,369,983,167,142,394,44,21
Tobe Leysen,BEL,Goalkeeper,OH Leuven,,2002,29,29,2610,32,126,95,9,5,4,1,0,40.9,171,511,1023,158,210,462,29,28
Davor Matijas,CRO,Goalkeeper,Beerschot,,1999,10,9,852,22,45,22,2,7,6,1,0,20.2,25,93,297,37,43,125,4,15
Simon Mignolet,BEL,Goalkeeper,Club Brugge,,1988,30,30,2669,35,103,69,8,4,3,1,0,36.0,144,301,920,112,143,374,17,27
Anthony Moris,LUX,Goalkeeper,Union SG,,1990,30,30,2700,25,99,74,13,2,1,0,1,33.7,194,444,874,99,100,411,19,25
Mike Penders,BEL,Goalkeeper,Genk,,2005,11,11,989,8,32,24,4,1,1,0,0,10.2,60,129,386,37,49,121,13,3
Lucas Pirard,BEL,Goalkeeper,Kortrijk,,1995,7,5,543,10,28,18,1,1,1,0,0,14.7,36,88,138,31,37,88,4,12
Maxence Prevot,FRA,Goalkeeper,OH Leuven,,1997,1,1,90,1,5,4,0,0,0,0,0,2.4,14,26,36,5,8,29,2,1
Davy Roef,BEL,Goalkeeper,Gent,,1994,26,26,2340,30,143,114,11,1,1,0,0,45.7,104,265,692,166,215,431,29,14
Daniel Schmidt,JPN,Goalkeeper,Gent,,1992,1,1,90,0,5,5,1,0,0,0,0,2.1,2,11,37,5,2,7,1,0
Nick Shinton,BEL,Goalkeeper,Beerschot,,2001,21,21,1845,37,119,83,3,4,4,0,0,40.2,84,322,662,78,106,361,11,27
Hendrik Van Crombrugge,BEL,Goalkeeper,Genk,,1993,19,19,1710,24,71,47,8,1,0,0,1,23.2,103,237,673,63,80,253,6,9
Koen Van Langendonck,BEL,Goalkeeper,Westerlo,,1989,10,10,900,16,41,24,2,3,2,1,0,16.4,53,117,278,38,80,144,7,17
Tom Vandenberghe,BEL,Goalkeeper,Gent,,1992,3,3,270,3,11,8,1,0,0,0,0,4.4,20,49,105,20,13,41,1,1
Tom Vandenberghe,BEL,Goalkeeper,Kortrijk,,1992,9,9,810,20,50,31,1,1,1,0,0,17.3,45,112,186,47,46,124,13,6
Michael Verrips,NED,Goalkeeper,Dender,,1996,27,27,2336,41,129,90,7,7,7,0,0,45.0,147,412,546,64,175,435,19,4
Warleson,BRA,Goalkeeper,Cercle Brugge,,1996,10,9,817,17,47,30,0,0,0,0,0,21.4,71,199,198,16,50,88,5,28
Jak Alnwick,ENG,Goalkeeper,Cardiff City,,1993,29,29,2610,45,126,81,5,4,3,1,0,43.6,132,440,718,91,182,384,15,42
Jordan Archer,SCO,Goalkeeper,Portsmouth,,1993,2,1,150,2,11,9,0,0,0,0,0,2.9,7,26,50,5,7,32,0,3
Daniel Bachmann,AUT,Goalkeeper,Watford,,1994,22,22,1902,28,87,59,5,1,0,1,0,27.1,89,296,549,100,139,315,9,15
James Beadle,ENG,Goalkeeper,Sheffield Weds,,2004,38,38,3420,59,140,80,9,5,4,1,0,54.4,177,561,1153,122,205,491,23,35
Jonathan Bond,ENG,Goalkeeper,Watford,,1993,9,8,798,14,43,29,1,0,0,0,0,17.2,30,85,202,32,67,130,4,14
Solomon Brynn,ENG,Goalkeeper,Middlesbrough,,2000,6,6,509,9,25,16,1,0,0,0,0,9.4,10,38,140,30,29,77,10,5
Pierce Charles,NIR,Goalkeeper,Sheffield Weds,,2005,8,8,720,10,30,19,0,1,0,1,0,12.7,50,110,298,37,39,107,11,5
Bradley Collins,ENG,Goalkeeper,Coventry City,,1997,15,14,1313,23,53,30,3,0,0,0,0,17.0,78,220,415,45,90,177,5,22
Michael Cooper,ENG,Goalkeeper,Sheffield Utd,,1999,43,43,3870,33,142,109,21,5,4,1,0,38.5,248,662,1425,182,223,617,59,37
David Cornell,WAL,Goalkeeper,Preston,,1991,10,9,811,16,36,20,1,3,3,0,0,13.3,58,161,261,43,75,125,8,10
Jamie Cumming,ENG,Goalkeeper,Oxford United,,1999,45,45,4050,62,201,139,13,4,2,2,0,71.6,279,871,1500,190,326,791,38,51
Karl Darlow,WAL,Goalkeeper,Leeds United,,1990,7,7,630,3,11,9,4,0,0,0,0,2.5,25,75,197,27,33,66,7,6
Adam Davies,WAL,Goalkeeper,Sheffield Utd,,1992,3,3,270,3,7,4,1,0,0,0,0,2.7,16,38,79,16,17,49,4,0
Seny Dieng,SEN,Goalkeeper,Middlesbrough,,1994,17,17,1530,21,47,28,5,0,0,0,0,16.4,27,118,469,83,77,242,12,24
Oliver Dovin,SWE,Goalkeeper,Coventry City,,2002,28,28,2467,30,95,68,8,1,1,0,0,31.1,101,318,797,80,150,353,11,37
George Evans,ENG,Goalkeeper,Millwall,,2005,4,4,360,8,19,11,1,0,0,0,0,4.5,37,89,81,8,31,70,4,6
Tom Glover,AUS,Goalkeeper,Middlesbrough,,1997,7,6,571,6,13,7,3,0,0,0,0,3.9,25,96,199,35,36,75,8,7
Joshua Griffiths,ENG,Goalkeeper,West Brom,,2001,6,6,540,11,26,15,1,0,0,0,0,8.8,23,74,171,29,26,103,2,6
Daniel Grimshaw,ENG,Goalkeeper,Plymouth Argyle,,1998,21,21,1890,49,124,75,1,3,3,0,0,47.5,94,444,911,94,155,319,6,26
Angus Gunn,SCO,Goalkeeper,Norwich City,,1996,35,35,3104,42,123,83,7,4,4,0,0,36.4,71,297,1212,172,153,469,24,60
Conor Hazard,NIR,Goalkeeper,Plymouth Argyle,,1998,25,25,2250,39,122,85,2,1,1,0,0,45.5,168,615,683,93,237,466,21,16
Václav Hladký,CZE,Goalkeeper,Burnley,,1990,1,1,90,0,4,4,1,0,0,0,0,0.1,2,8,35,4,3,13,2,0
Ethan Horvath,USA,Goalkeeper,Cardiff City,,1995,17,17,1530,28,67,42,3,0,0,0,0,21.6,71,268,411,45,109,184,7,16
Matt Ingram,ENG,Goalkeeper,Oxford United,,1993,1,1,90,3,5,2,0,0,0,0,0,2.7,3,15,31,7,9,19,0,0
Lukas Jensen,DEN,Goalkeeper,Millwall,,1999,41,41,3689,41,132,94,13,3,1,1,1,42.1,189,790,882,96,264,549,25,38
Viktor Johansson,SWE,Goalkeeper,Stoke City,,1998,46,46,4140,62,209,151,14,5,3,1,1,71.4,196,700,1451,209,242,753,50,102
Thomas Kaminski,BEL,Goalkeeper,Luton Town,,1992,45,45,3990,68,193,125,10,3,2,1,0,60.3,374,1023,1203,120,348,610,25,72
Ben Killip,ENG,Goalkeeper,Portsmouth,,1995,2,2,180,2,9,7,0,0,0,0,0,2.5,20,52,76,8,14,30,0,1
George Long,ENG,Goalkeeper,Norwich City,,1993,9,8,765,19,44,24,1,3,2,1,0,15.2,18,72,267,48,39,128,4,10
Illan Meslier,FRA,Goalkeeper,Leeds United,,2000,39,39,3510,27,88,63,21,4,3,1,0,23.6,72,304,1201,174,119,348,32,35
Simon Moore,ENG,Goalkeeper,Sunderland,,1990,4,4,360,2,10,8,3,0,0,0,0,1.8,14,49,94,23,25,61,4,5
Paul Nardi,FRA,Goalkeeper,QPR,,1994,45,45,4050,63,174,114,9,3,3,0,0,59.5,200,640,1366,184,250,658,10,39
Will Norris,ENG,Goalkeeper,Portsmouth,,1993,8,8,720,19,47,29,2,3,3,0,0,16.1,56,185,263,30,49,115,3,8
Max O'Leary,IRL,Goalkeeper,Bristol City,,1996,46,46,4140,55,172,117,10,2,2,0,0,54.6,236,770,1217,218,219,555,37,79
Alex Palmer,ENG,Goalkeeper,West Brom,,1996,30,30,2700,27,101,77,11,1,1,0,0,27.1,137,443,1070,143,158,464,33,42
Ivor Pandur,CRO,Goalkeeper,Hull City,,2000,44,44,3960,52,168,117,6,6,4,1,1,51.8,124,449,1746,185,278,686,37,63
Anthony Patterson,ENG,Goalkeeper,Sunderland,,2000,42,42,3780,42,128,90,14,5,4,1,0,39.1,155,520,1222,189,273,551,23,27
Aynsley Pears,ENG,Goalkeeper,Blackburn,,1998,40,40,3600,43,153,109,13,4,3,1,0,45.5,174,594,1071,127,193,600,20,15
Vicente Reyes,CHI,Goalkeeper,Norwich City,,2003,4,3,271,7,12,5,0,0,0,0,0,5.6,4,18,63,15,10,38,1,8
Liam Roberts,ENG,Goalkeeper,Millwall,,1994,2,1,91,0,3,3,2,0,0,0,0,0.3,4,32,22,2,13,36,3,2
Carl Rushworth,ENG,Goalkeeper,Hull City,,2001,2,2,180,2,4,2,1,0,0,0,0,1.6,7,21,59,9,4,31,1,2
Nicolas Schmid,AUT,Goalkeeper,Portsmouth,,1997,35,35,3090,48,144,100,8,1,1,0,0,46.9,276,920,1055,60,203,454,12,98
Egil Selvik,NOR,Goalkeeper,Watford,,1997,16,16,1440,19,71,52,6,0,0,0,0,24.4,79,261,505,60,100,233,13,16
James Shea,ENG,Goalkeeper,Luton Town,,1991,2,1,147,1,5,4,1,0,0,0,0,2.0,12,43,61,6,15,21,4,4
Balázs Tóth,HUN,Goalkeeper,Blackburn,,1997,6,6,540,5,21,16,2,0,0,0,0,7.4,18,108,147,19,47,95,6,5
James Trafford,ENG,Goalkeeper,Burnley,,2002,45,45,4050,16,103,85,29,2,0,2,0,27.8,148,574,1492,194,246,527,30,50
Mark Travers,IRL,Goalkeeper,Middlesbrough,,1999,17,17,1530,20,83,64,4,0,0,0,0,23.1,37,215,419,71,116,223,15,24
Josh Vickers,ENG,Goalkeeper,Derby County,,1995,6,6,540,6,17,11,3,0,0,0,0,6.7,38,127,122,16,55,92,9,3
Lawrence Vigouroux,CHI,Goalkeeper,Swansea City,,1993,46,46,4140,56,166,113,14,4,4,0,0,54.5,310,965,1772,188,229,600,40,38
Joe Walsh,ENG,Goalkeeper,QPR,,2002,1,1,90,0,4,4,1,0,0,0,0,1.7,7,24,37,2,5,30,1,0
Jacob Widell Zetterström,SWE,Goalkeeper,Derby County,,1998,40,40,3600,50,150,99,9,3,1,2,0,50.1,220,774,987,172,253,550,44,30
Joe Wildsmith,ENG,Goalkeeper,West Brom,,1995,10,10,900,9,28,19,2,0,0,0,0,9.0,54,175,303,45,65,118,7,7
Ben Wilson,ENG,Goalkeeper,Coventry City,,1992,4,4,360,5,22,17,2,0,0,0,0,4.8,16,72,118,17,18,47,3,10
Freddie Woodman,ENG,Goalkeeper,Preston,,1997,37,37,3329,43,130,86,12,4,3,1,0,38.3,250,634,1232,206,230,539,32,61
Marius Adamonis,LTU,Goalkeeper,Südtirol,,1997,15,15,1350,18,63,45,4,0,0,0,0,19.7,118,293,245,45,121,256,9,8
Nícolas Andrade,BRA,Goalkeeper,Pisa,,1988,1,1,90,1,4,3,0,0,0,0,0,0.8,5,16,22,0,4,7,0,2
Lorenzo Andrenacci,ITA,Goalkeeper,Brescia,,1995,1,1,90,0,2,2,1,0,0,0,0,0.1,5,10,20,4,6,8,3,0
Emil Audero,IDN,Goalkeeper,Palermo,,1997,14,14,1260,20,64,44,3,1,1,0,0,21.7,86,243,422,67,106,263,25,11
Francesco Bardi,ITA,Goalkeeper,Reggiana,,1992,36,36,3240,49,139,94,8,2,2,0,0,44.9,140,422,663,115,259,611,24,4
Marco Bleve,ITA,Goalkeeper,Carrarese,,1995,24,24,2092,25,107,81,12,6,5,1,0,33.1,139,333,785,79,135,332,27,22
Michele Cerofolini,ITA,Goalkeeper,Frosinone,,1999,36,36,3240,43,145,100,8,6,4,2,0,45.8,155,546,1026,132,235,578,27,20
Leandro Chichizola,ARG,Goalkeeper,Spezia,,1990,11,11,990,10,36,27,3,0,0,0,0,8.5,78,207,331,44,50,120,14,26
Niccolò Chiorra,ITA,Goalkeeper,Carrarese,,2001,2,1,158,5,8,3,0,0,0,0,0,3.9,2,11,42,5,11,16,0,1
Oliver Christensen,DEN,Goalkeeper,Salernitana,,1999,16,16,1440,15,51,36,6,0,0,0,0,16.5,90,258,400,64,108,252,20,19
Francesco Corriere,ITA,Goalkeeper,Salernitana,,2006,1,0,47,1,1,0,0,0,0,0,0,0.8,9,17,17,1,5,9,0,0
Alessio Cragno,ITA,Goalkeeper,Sampdoria,,1994,14,14,1260,14,38,24,6,1,1,0,0,14.9,93,230,326,53,106,203,21,18
Sebastiano Desplanches,ITA,Goalkeeper,Palermo,,2003,21,20,1854,21,75,55,6,1,1,0,0,17.2,77,205,601,109,111,300,14,24
Giacomo Drago,ITA,Goalkeeper,Südtirol,,2001,5,5,450,10,26,16,0,1,1,0,0,8.7,14,43,106,33,28,64,5,8
Marco Festa,ITA,Goalkeeper,Mantova,,1992,38,38,3420,56,173,118,8,2,2,0,0,56.4,113,312,1443,110,185,580,21,36
Vincenzo Fiorillo,ITA,Goalkeeper,Salernitana,,1990,5,4,356,9,16,7,0,1,1,0,0,8.4,9,37,100,12,27,29,1,2
Vincenzo Fiorillo,ITA,Goalkeeper,Carrarese,,1990,12,12,1010,16,48,32,1,1,1,0,0,13.5,61,168,238,34,110,213,13,6
Andrea Fulignati,ITA,Goalkeeper,Cremonese,,1994,38,38,3420,44,116,74,8,6,5,0,1,40.6,160,400,1448,139,137,463,34,42
Riccardo Gagno,ITA,Goalkeeper,Modena,,1997,37,37,3330,47,134,87,7,4,3,1,0,42.2,202,600,906,123,281,654,63,12
Simone Ghidotti,ITA,Goalkeeper,Sampdoria,,2000,9,9,720,8,48,40,1,0,0,0,0,11.5,32,112,225,31,48,138,14,5
Alfred Gomis,SEN,Goalkeeper,Palermo,,1993,1,1,36,0,2,2,0,0,0,0,0,0.0,1,1,16,2,1,3,0,0
Stefano Gori,ITA,Goalkeeper,Spezia,,1996,23,23,2070,19,78,61,12,1,1,0,0,19.7,135,316,515,93,121,293,14,18
Elhan Kastrati,ALB,Goalkeeper,Cittadella,,1997,29,29,2565,40,119,82,8,5,4,1,0,38.7,90,308,523,104,225,439,21,17
Jonathan Klinsmann,USA,Goalkeeper,Cesena,,1997,27,27,2430,30,94,64,7,3,1,2,0,30.2,43,263,553,138,178,345,21,19
Luca Lezzerini,ITA,Goalkeeper,Brescia,,1995,37,37,3330,48,167,119,10,9,5,1,3,47.3,192,459,885,144,216,602,40,24
Leonardo Loria,ITA,Goalkeeper,Pisa,,1999,1,1,90,3,5,2,0,1,1,0,0,1.8,3,9,18,3,2,14,0,5
Luca Maniero,ITA,Goalkeeper,Cittadella,,1995,10,9,855,14,52,39,4,3,3,0,0,14.7,48,135,192,44,73,135,8,9
Alessandro Micai,ITA,Goalkeeper,Cosenza,,1993,37,37,3296,53,156,107,7,3,2,0,1,46.3,260,673,1188,131,198,551,55,85
Horaţiu Moldovan,ROU,Goalkeeper,Sassuolo,,1998,27,27,2430,27,106,80,11,1,1,0,0,27.8,97,306,584,102,157,394,29,8
Edoardo Motta,ITA,Goalkeeper,Reggiana,,2005,2,2,180,3,7,4,0,0,0,0,0,2.6,16,38,32,5,22,45,2,0
Samuele Perisan,ITA,Goalkeeper,Sampdoria,,1997,1,1,57,0,1,1,0,0,0,0,0,0.2,2,7,9,3,6,14,1,0
Mirko Pigliacelli,ITA,Goalkeeper,Catanzaro,,1993,38,38,3420,45,150,107,13,5,4,0,1,46.6,199,467,1566,108,130,601,37,40
Marco Pissardo,ITA,Goalkeeper,Bari,,1998,2,1,109,3,10,7,1,0,0,0,0,2.7,13,33,24,5,16,23,2,0
Matteo Pisseri,ITA,Goalkeeper,Cesena,,1991,11,11,990,17,44,28,4,1,0,1,0,14.9,30,103,233,63,81,162,8,14
Giacomo Poluzzi,ITA,Goalkeeper,Südtirol,,1988,18,18,1620,29,71,42,4,4,2,1,1,25.4,138,318,412,68,149,323,17,20
Boris Radunović,SRB,Goalkeeper,Bari,,1996,37,37,3311,37,165,128,12,6,5,0,1,42.2,136,347,768,195,238,556,34,23
Nicola Ravaglia,ITA,Goalkeeper,Carrarese,,1988,2,1,158,3,8,5,0,1,1,0,0,3.9,12,35,36,3,15,23,1,1
Alessandro Russo,ITA,Goalkeeper,Sassuolo,,2001,1,1,90,1,5,4,0,1,1,0,0,1.5,1,3,28,12,4,8,2,1
Mouhamadou Sarr,SEN,Goalkeeper,Spezia,,1997,4,4,360,4,15,11,1,0,0,0,0,3.7,23,64,80,10,25,47,6,6
Jacopo Sassi,ITA,Goalkeeper,Modena,,2003,1,1,90,3,5,3,0,0,0,0,0,1.1,6,14,28,4,8,16,0,2
Giacomo Satalino,ITA,Goalkeeper,Sassuolo,,1999,10,10,900,10,39,29,4,0,0,0,0,11.4,46,118,206,36,52,171,10,2
Adrian Šemper,CRO,Goalkeeper,Pisa,,1998,36,36,3240,33,121,89,11,1,1,0,0,37.3,264,622,1014,85,177,507,38,22
Luigi Sepe,ITA,Goalkeeper,Salernitana,,1991,18,18,1575,22,68,46,4,3,3,0,0,23.0,59,204,454,68,118,196,12,9
Marco Silvestri,ITA,Goalkeeper,Sampdoria,,1991,7,7,630,12,33,21,1,1,1,0,0,8.7,21,71,177,25,40,89,6,0
Salvatore Sirigu,ITA,Goalkeeper,Palermo,,1987,3,3,270,2,7,5,2,0,0,0,0,1.0,12,30,81,6,13,39,1,1
Alessandro Sorrentino,ITA,Goalkeeper,Frosinone,,2002,2,2,180,7,15,8,0,1,1,0,0,5.7,8,20,48,9,9,27,1,0
Demba Thiam,SEN,Goalkeeper,Juve Stabia,,1998,38,38,3420,41,148,106,12,7,5,1,1,46.7,218,723,1242,143,195,571,63,27
Thomas Vettorel,ITA,Goalkeeper,Cosenza,,2000,2,1,124,3,6,3,0,1,1,0,0,2.5,6,17,33,4,11,10,0,3
Paolo Vismara,ITA,Goalkeeper,Sampdoria,,2003,10,7,753,15,48,32,4,1,0,1,0,13.8,26,116,202,34,59,128,10,3
Luis Barraza,USA,Goalkeeper,D.C. United,28,1996,18,18,1620,32,91,60,3,2,2,0,0,28.5,89,295,496,87,130,220,16,18
Adam Beaudry,USA,Goalkeeper,Colorado Rapids,19,2006,1,1,90,3,5,3,0,0,0,0,0,2.3,4,18,21,6,6,4,0,0
David Bingham,USA,Goalkeeper,Charlotte,35,1989,2,2,180,2,11,9,1,0,0,0,0,2.4,3,18,48,8,14,37,4,1
Andre Blake,JAM,Goalkeeper,Philadelphia Union,34,1990,15,15,1350,14,47,33,5,2,2,0,0,15.9,76,168,338,46,82,153,7,23
Jonathan Bond,ENG,Goalkeeper,Houston Dynamo,32,1993,16,16,1440,27,66,38,5,2,1,1,0,21.3,57,151,426,70,62,183,7,24
Chris Brady,USA,Goalkeeper,Chicago Fire,21,2004,18,18,1565,31,88,57,3,6,4,1,1,31.6,34,115,471,77,91,227,12,15
Sebastian Breza,CAN,Goalkeeper,CF Montréal,27,1998,3,3,270,9,20,11,0,0,0,0,0,8.1,9,27,81,13,10,31,6,2
Roman Bürki,SUI,Goalkeeper,St. Louis,34,1990,15,15,1350,26,85,60,3,3,3,0,0,27.0,80,205,482,75,99,176,9,17
Evan Bush,USA,Goalkeeper,Columbus Crew,39,1986,5,5,450,3,7,4,2,0,0,0,0,2.7,6,22,142,19,32,38,3,12
Rafael Cabral,BRA,Goalkeeper,Real Salt Lake,35,1990,24,24,2160,30,99,67,6,5,3,2,0,33.3,90,241,895,82,176,262,4,39
Drake Callender,USA,Goalkeeper,Inter Miami,27,1997,3,2,185,5,13,8,0,0,0,0,0,4.7,10,17,57,10,9,15,0,3
Roman Celentano,USA,Goalkeeper,FC Cincinnati,24,2000,25,25,2250,31,102,72,9,5,3,1,1,32.8,87,253,598,118,176,374,20,11
Michael Collodi,USA,Goalkeeper,FC Dallas,24,2001,2,2,180,2,6,4,1,0,0,0,0,2.5,5,18,59,11,8,27,1,6
Carlos Coronel,PAR,Goalkeeper,NY Red Bulls,28,1996,24,24,2160,35,116,83,7,2,2,0,0,38.9,69,292,617,115,131,288,18,49
Maxime Crépeau,CAN,Goalkeeper,Portland Timbers,31,1994,12,12,1080,16,60,44,3,0,0,0,0,15.8,56,151,352,58,73,132,6,10
Daniel,BRA,Goalkeeper,SJ Earthquakes,31,1994,21,21,1775,32,108,77,2,1,1,0,0,34.3,75,219,498,92,118,248,14,41
C.J. dos Santos,USA,Goalkeeper,San Diego FC,24,2000,21,21,1890,29,90,61,7,5,4,1,0,28.0,27,65,590,91,85,188,12,32
Earl Edwards Jr.,USA,Goalkeeper,SJ Earthquakes,33,1992,6,4,475,12,23,11,2,1,1,0,0,8.7,22,64,120,30,28,60,1,6
Matt Freese,USA,Goalkeeper,NYCFC,26,1998,21,21,1890,27,92,68,6,1,1,0,0,27.5,35,138,538,128,95,258,16,28
Stefan Frei,SUI,Goalkeeper,Seattle Sounders,39,1986,18,18,1620,20,64,46,6,3,3,0,0,18.5,55,175,399,70,119,200,10,10
Jeffrey Gal,USA,Goalkeeper,Chicago Fire,32,1993,7,6,591,9,19,11,1,1,1,0,0,6.2,19,52,149,27,41,73,7,3
Pedro Gallese,PER,Goalkeeper,Orlando City,35,1990,23,23,2070,31,97,67,8,3,3,0,0,33.2,102,254,454,56,136,343,15,26
Blake Gillingham,USA,Goalkeeper,Houston Dynamo,22,2002,4,3,294,4,15,11,2,0,0,0,0,6.1,8,39,83,18,17,44,2,4
Brad Guzan,USA,Goalkeeper,Atlanta Utd,40,1984,23,23,2070,44,124,80,2,5,5,0,0,39.5,99,237,579,106,164,255,7,28
Nicholas Hagen,GUA,Goalkeeper,Columbus Crew,28,1996,3,3,270,10,23,13,0,0,0,0,0,9.3,0,2,52,13,16,23,2,4
Nicholas Hansen,DEN,Goalkeeper,Colorado Rapids,24,2001,10,10,900,14,46,33,3,3,2,1,0,14.2,48,182,249,35,72,127,16,23
Thomas Hasal,CAN,Goalkeeper,LAFC,26,1999,1,1,90,5,9,4,0,0,0,0,0,2.9,1,7,26,8,6,11,2,0
Jayden Hibbert,JAM,Goalkeeper,Atlanta Utd,20,2004,1,1,90,1,5,4,0,0,0,0,0,0.8,0,7,43,4,5,11,1,2
Aljaž Ivačič,SVN,Goalkeeper,NE Revolution,31,1993,24,24,2160,35,101,66,8,4,4,0,0,31.5,83,277,438,57,198,293,9,11
Sean Johnson,USA,Goalkeeper,Toronto FC,36,1989,24,24,2160,32,113,81,6,4,4,0,0,40.4,78,258,548,89,174,299,12,19
Kim Joonhong,KOR,Goalkeeper,D.C. United,22,2003,7,7,630,17,39,22,1,2,2,0,0,15.6,51,118,174,26,50,75,5,13
Kristijan Kahlina,CRO,Goalkeeper,Charlotte,33,1992,23,23,2070,37,118,81,6,6,6,0,0,37.3,62,170,605,125,126,326,15,15
Hugo Lloris,FRA,Goalkeeper,LAFC,38,1986,20,20,1800,22,65,44,8,3,3,0,0,20.9,92,221,454,68,104,232,8,21
Benjamin Lundt,GER,Goalkeeper,St. Louis,29,1995,9,9,810,14,46,31,2,2,1,1,0,14.1,50,114,210,43,81,126,6,6
AJ Marcucci,USA,Goalkeeper,NY Red Bulls,25,1999,1,1,90,1,2,1,0,0,0,0,0,0.7,4,16,27,3,4,8,1,2
Jimmy Maurer,USA,Goalkeeper,Houston Dynamo,36,1988,2,1,120,1,5,4,0,0,0,0,0,0.8,6,20,36,4,6,16,1,1
John McCarthy,USA,Goalkeeper,LA Galaxy,33,1992,11,11,990,26,56,31,0,4,3,1,0,20.0,27,123,245,46,54,135,8,9
Novak Mićović,SRB,Goalkeeper,LA Galaxy,23,2001,13,13,1170,22,52,30,2,0,0,0,0,21.6,30,142,322,46,74,154,13,4
David Ochoa,USA,Goalkeeper,LAFC,24,2001,1,1,90,1,1,0,0,0,0,0,0,0.9,0,1,18,7,5,13,0,0
Javier Otero,VEN,Goalkeeper,Orlando City,22,2002,2,2,180,2,7,5,0,1,1,0,0,2.6,5,9,32,10,11,39,4,1
Maarten Paes,IDN,Goalkeeper,FC Dallas,27,1998,22,22,1980,43,105,62,3,7,7,0,0,40.6,121,280,546,89,144,372,18,31
James Pantemis,CAN,Goalkeeper,Portland Timbers,28,1997,12,12,1080,16,64,46,3,5,2,3,0,17.4,60,139,380,49,89,187,7,15
John Pulskamp,USA,Goalkeeper,Sporting KC,24,2001,24,24,2160,45,127,84,3,7,6,0,1,42.0,109,402,517,82,204,319,16,19
Andrew Rick,USA,Goalkeeper,Philadelphia Union,19,2006,10,10,900,10,23,13,4,1,1,0,0,9.8,56,152,168,28,70,97,3,6
Rocco Ríos Novo,ARG,Goalkeeper,Inter Miami,23,2002,6,3,430,5,13,8,2,0,0,0,0,5.0,20,34,172,20,21,58,2,3
Tomas Romero,SLV,Goalkeeper,NYCFC,24,2000,3,3,270,2,11,10,1,0,0,0,0,3.3,5,14,76,12,19,42,2,1
Patrick Schulte,USA,Goalkeeper,Columbus Crew,24,2001,17,17,1530,23,61,39,2,1,1,0,0,21.7,39,131,554,79,95,142,3,29
Jonathan Sirois,CAN,Goalkeeper,CF Montréal,24,2001,22,22,1980,37,109,72,4,0,0,0,0,33.5,80,217,773,91,90,208,15,26
Pablo Sisniega,MEX,Goalkeeper,San Diego FC,30,1995,4,4,360,3,13,11,1,1,1,0,0,3.7,3,12,127,28,10,30,6,8
Alec Smir,USA,Goalkeeper,Minnesota Utd,26,1999,2,1,161,3,9,6,0,0,0,0,0,3.0,10,38,40,3,11,32,0,2
Wessel Speel,NED,Goalkeeper,Minnesota Utd,23,2001,3,3,199,6,10,4,0,1,1,0,0,5.4,11,41,56,1,20,31,1,0
Dayne St. Clair,CAN,Goalkeeper,Minnesota Utd,28,1997,21,21,1890,19,77,60,8,3,2,0,1,20.9,111,381,573,64,125,389,13,7
Zack Steffen,USA,Goalkeeper,Colorado Rapids,30,1995,14,14,1260,22,81,59,4,0,0,0,0,26.6,71,231,357,68,100,234,12,18
Brad Stuver,USA,Goalkeeper,Austin,34,1991,23,23,2070,26,105,80,8,3,2,1,0,28.2,131,363,696,101,168,343,23,20
Yohei Takaoka,JPN,Goalkeeper,Vancouver W'caps,29,1996,24,24,2160,26,82,55,11,4,3,1,0,25.4,76,222,664,91,137,292,15,37
Andrew Tarbell,USA,Goalkeeper,Houston Dynamo,31,1993,4,4,306,7,15,8,1,0,0,0,0,6.1,12,33,84,15,13,31,1,4
Andrew Thomas,RUS,Goalkeeper,Seattle Sounders,26,1998,6,6,540,15,36,22,0,4,4,0,0,11.8,6,44,111,32,34,86,8,1
Óscar Ustari,ARG,Goalkeeper,Inter Miami,39,1986,17,17,1362,24,75,52,2,0,0,0,0,21.0,64,127,535,86,80,173,6,33
Joe Willis,USA,Goalkeeper,Nashville SC,36,1988,25,25,2250,26,91,64,9,4,2,2,0,28.4,80,220,704,133,132,307,26,14
Plamen Andreev,BUL,Goalkeeper,Feyenoord,,2004,1,1,90,2,4,2,0,1,1,0,0,1.4,5,11,36,3,2,6,1,6
Nordin Bakker,NED,Goalkeeper,Almere City,,1997,34,34,3050,64,178,118,7,0,0,0,0,55.0,257,838,998,128,252,545,44,67
Vasilios Barkas,GRE,Goalkeeper,Utrecht,,1994,31,31,2790,44,140,97,7,3,3,0,0,42.3,156,417,883,117,192,410,30,28
Walter Benítez,ARG,Goalkeeper,PSV Eindhoven,,1993,34,34,3015,39,102,63,9,2,2,0,0,36.4,136,287,1158,126,140,303,20,49
Daniel Bielica,POL,Goalkeeper,NAC Breda,,1999,32,32,2880,52,163,112,5,6,6,0,0,52.2,182,406,874,145,263,513,23,26
Justin Bijlow,NED,Goalkeeper,Feyenoord,,1998,4,4,360,8,16,8,0,0,0,0,0,6.0,12,30,205,16,21,26,2,6
Mattijs Branderhorst,NED,Goalkeeper,Fortuna Sittard,,1993,28,28,2520,39,131,92,10,2,2,0,0,40.2,149,499,606,129,215,439,55,24
Michael Brouwer,NED,Goalkeeper,Utrecht,,1993,3,3,270,1,10,9,2,1,1,0,0,3.3,17,58,82,11,24,64,0,4
Jari De Busser,BEL,Goalkeeper,Go Ahead Eag,,1999,16,16,1440,23,88,66,5,1,1,0,0,21.0,68,234,662,83,85,311,15,19
Mickey van der Hart,NED,Goalkeeper,Heerenveen,,1994,19,18,1695,33,104,72,3,3,3,0,0,37.0,82,255,794,78,58,214,11,30
Thomas Didillon,FRA,Goalkeeper,Willem II,,1995,34,34,3060,56,181,128,5,6,6,0,0,60.7,239,621,905,128,278,620,36,11
Joel Drommel,NED,Goalkeeper,PSV Eindhoven,,1996,1,0,45,0,0,0,0,0,0,0,0,0.0,5,11,21,1,5,6,0,0
Stijn van Gassel,NED,Goalkeeper,NEC Nijmegen,,1996,2,2,180,4,15,11,0,1,1,0,0,4.5,4,36,60,17,22,51,2,3
Mike Hauptmeijer,NED,Goalkeeper,Zwolle,,1997,4,4,360,6,16,10,0,1,0,0,1,5.2,24,67,112,21,33,80,7,1
Jeroen Houwen,NED,Goalkeeper,RKC Waalwijk,,1996,24,24,2160,48,133,87,4,2,2,0,0,45.4,178,433,735,95,191,380,17,21
Hidde Jurjus,NED,Goalkeeper,Groningen,,1994,2,2,180,3,7,4,0,0,0,0,0,2.2,14,39,73,4,13,18,0,7
Fabian de Keijzer,NED,Goalkeeper,Heracles Almelo,,2000,34,34,3060,63,185,126,6,6,6,0,0,58.1,264,710,1050,83,250,508,12,23
Joey Kesting,NED,Goalkeeper,RKC Waalwijk,,2001,3,3,270,5,13,8,0,3,3,0,0,5.1,25,53,86,7,17,51,0,2
Luuk Koopmans,NED,Goalkeeper,Fortuna Sittard,,1993,6,6,540,15,35,19,0,2,1,1,0,13.2,48,141,130,12,54,103,4,0
Roy Kortsmit,NED,Goalkeeper,NAC Breda,,1992,1,1,90,3,4,1,0,1,1,0,0,2.9,12,25,27,1,3,12,2,2
Kostas Lamprou,GRE,Goalkeeper,NAC Breda,,1991,1,1,90,3,5,2,0,0,0,0,0,2.3,8,20,53,4,3,16,0,1
Matheus,BRA,Goalkeeper,Ajax,,1992,9,9,810,9,23,14,4,0,0,0,0,7.4,38,110,345,54,51,105,17,10
Andries Noppert,NED,Goalkeeper,Heerenveen,,1994,16,16,1365,24,67,44,3,1,1,0,0,24.3,65,227,539,58,92,192,13,24
Nick Olij,NED,Goalkeeper,Sparta R'dam,,1995,34,34,3060,43,150,108,6,5,4,1,0,44.8,243,539,1341,143,154,568,46,24
Yanick van Osch,NED,Goalkeeper,RKC Waalwijk,,1997,3,3,270,9,26,17,0,1,1,0,0,9.9,26,65,103,11,35,83,3,2
Rome-Jayden Owusu-Oduro,NED,Goalkeeper,AZ Alkmaar,,2004,28,28,2520,34,85,51,9,3,1,1,1,28.9,120,358,716,87,118,317,26,14
Remko Pasveer,NED,Goalkeeper,Ajax,,1983,24,24,2160,23,89,67,11,0,0,0,0,27.3,148,327,943,109,107,277,25,27
Luca Plogmann,GER,Goalkeeper,Go Ahead Eag,,2000,18,18,1620,32,81,49,4,3,3,0,0,25.5,55,199,640,71,89,312,12,13
Diant Ramaj,GER,Goalkeeper,Ajax,,2001,1,1,90,0,2,2,1,0,0,0,0,0.2,1,10,47,3,5,5,0,1
Robin Roefs,NED,Goalkeeper,NEC Nijmegen,,2003,32,32,2880,42,151,113,10,1,1,0,0,47.7,169,562,1072,137,202,465,52,45
Jasper Schendelaar,NED,Goalkeeper,Zwolle,,2000,30,30,2700,45,144,100,6,5,3,0,2,49.5,152,526,991,160,186,470,38,23
Mark Spenkelink,NED,Goalkeeper,RKC Waalwijk,,1997,4,4,360,12,24,12,0,2,2,0,0,10.0,22,66,155,10,14,59,1,1
Przemysław Tytoń,POL,Goalkeeper,Twente,,1987,3,3,270,10,19,9,0,0,0,0,0,7.8,16,34,100,15,18,34,1,6
Lars Unnerstall,GER,Goalkeeper,Twente,,1990,31,31,2790,39,101,62,11,2,2,0,0,35.8,109,332,892,147,173,403,23,36
Etienne Vaessen,SUR,Goalkeeper,Groningen,,1995,32,32,2880,50,140,91,7,6,5,1,0,50.4,240,717,1073,103,196,448,41,41
Timon Wellenreuther,GER,Goalkeeper,Feyenoord,,1995,29,29,2610,28,99,70,10,2,1,1,0,32.0,129,321,1128,129,96,286,17,77
Jonas Wendlinger,AUT,Goalkeeper,Almere City,,2000,1,0,10,0,0,0,0,0,0,0,0,0.0,1,5,4,0,1,1,1,0
Jeroen Zoet,NED,Goalkeeper,AZ Alkmaar,,1991,6,6,540,3,12,10,3,0,0,0,0,1.5,37,117,180,12,45,65,4,4
Alan Aguerre,ARG,Goalkeeper,ar Cen. Córdoba–SdE,34,1990,6,6,540,7,18,11,1,0,0,0,0,4.2,10,58,91,19,55,84,3,2
Guillermo de Amores,URU,Goalkeeper,uy Peñarol,30,1994,3,3,270,2,10,8,2,0,0,0,0,1.8,11,40,69,19,20,29,1,0
Anthoni,BRA,Goalkeeper,br Internacional,23,2002,6,6,540,8,29,21,2,0,0,0,0,7.8,15,47,87,23,52,76,6,5
Gabriel Arias,CHI,Goalkeeper,ar Racing Club,37,1987,6,6,540,3,14,11,4,0,0,0,0,3.6,16,69,133,10,41,56,4,7
Franco Armani,ARG,Goalkeeper,ar River Plate,38,1986,6,6,540,7,11,5,2,0,0,0,0,3.2,20,51,95,26,47,51,3,6
Marino Arzamendia,PAR,Goalkeeper,py Olimpia,27,1998,2,2,180,7,12,5,0,2,2,0,0,5.0,13,26,42,7,14,19,1,4
Sebastián Britos,URU,Goalkeeper,pe Universitario,37,1988,6,6,540,4,27,23,2,0,0,0,0,6.6,42,108,93,18,61,105,3,11
Lucas Bruera,ARG,Goalkeeper,ve Carabobo,27,1997,6,6,540,13,39,26,0,3,3,0,0,11.2,11,54,67,18,60,95,3,4
Javier Burrai,ECU,Goalkeeper,ar Talleres,34,1990,3,3,270,2,10,7,2,1,0,1,0,3.0,12,24,67,22,20,39,4,2
Jesús Camargo,VEN,Goalkeeper,ve Dep Táchira,27,1997,6,6,540,11,37,26,0,0,0,0,0,11.1,22,65,136,30,55,108,4,15
Martín Campaña,URU,Goalkeeper,uy Peñarol,36,1989,3,3,270,2,13,11,2,0,0,0,0,2.0,17,50,40,4,23,55,4,0
Gabriel Castellón,CHI,Goalkeeper,cl U de Chile,31,1993,6,6,540,6,23,17,2,1,1,0,0,6.1,22,55,106,19,36,83,2,6
Harlen Castillo,COL,Goalkeeper,co Nacional,31,1993,1,1,90,0,2,2,1,0,0,0,0,0.1,4,13,32,2,0,8,0,0
José Contreras Verna,VEN,Goalkeeper,ec Barcelona,30,1994,5,5,396,4,21,16,2,1,0,1,0,5.9,16,63,77,15,44,62,7,0
Rubén Cordano,BOL,Goalkeeper,bo Bolívar,26,1998,2,2,180,4,12,8,0,0,0,0,0,2.6,6,21,82,13,12,19,1,0
Brayan Cortés,CHI,Goalkeeper,cl Colo-Colo,30,1995,5,5,450,15,32,17,0,0,0,0,0,9.3,15,58,72,13,32,56,5,2
Ignacio De Arruabarrena,URU,Goalkeeper,ec Barcelona,28,1997,2,1,144,3,9,6,0,0,0,0,0,2.1,5,14,23,5,20,19,1,3
Diego Enriquez,PER,Goalkeeper,pe Sporting Cristal,23,2002,6,6,540,16,43,27,0,2,2,0,0,12.9,19,56,131,18,48,85,4,6
Marcos Felipe,BRA,Goalkeeper,br Bahia,29,1996,4,4,360,6,19,13,1,0,0,0,0,5.0,10,26,118,22,24,55,0,5
Gatito Fernández,PAR,Goalkeeper,py Cerro Porteño,37,1988,3,3,270,5,15,10,0,0,0,0,0,5.3,13,31,56,11,27,39,1,5
Guido Herrera,ARG,Goalkeeper,ar Talleres,33,1992,3,3,270,6,12,6,0,0,0,0,0,6.1,8,18,66,9,12,27,1,4
John,BRA,Goalkeeper,br Botafogo (RJ),29,1996,6,6,540,5,19,14,2,1,1,0,0,5.3,29,62,148,25,33,92,5,7
Carlos Lampe,BOL,Goalkeeper,bo Bolívar,38,1987,1,1,90,0,3,3,1,0,0,0,0,0.6,1,2,48,8,5,5,0,3
Federico Lanzillota,ARG,Goalkeeper,bo Bolívar,32,1992,3,3,270,7,12,5,1,0,0,0,0,5.1,1,9,131,22,30,25,3,10
Marcelo Lomba,BRA,Goalkeeper,br Palmeiras,38,1986,1,1,90,0,1,1,1,0,0,0,0,0.0,1,1,24,8,5,8,2,0
Matías Mansilla,ARG,Goalkeeper,ar Estudiantes–LP,29,1996,6,6,540,5,23,18,4,1,1,0,0,7.0,33,78,115,24,51,95,8,2
Tomás Marchiori,ARG,Goalkeeper,ar Vélez Sarsfield,30,1995,6,6,540,4,20,18,3,0,0,0,0,5.2,24,72,91,15,44,71,1,1
Alexis Martin Arias,ARG,Goalkeeper,py Cerro Porteño,33,1992,3,3,270,6,21,15,1,0,0,0,0,5.7,33,63,49,8,37,58,1,2
Luis Mejía,PAN,Goalkeeper,uy Nacional,34,1991,6,6,540,10,31,21,1,1,1,0,0,10.7,14,54,85,12,35,85,6,3
Rodrigo Morínigo,PAR,Goalkeeper,py Libertad,26,1998,5,5,450,3,18,15,3,0,0,0,0,3.9,41,97,104,10,45,87,1,3
Gastón Olveira,URU,Goalkeeper,py Olimpia,32,1993,3,3,270,4,13,9,1,0,0,0,0,2.8,15,39,64,5,20,35,0,1
David Ospina,COL,Goalkeeper,co Nacional,36,1988,5,5,450,6,22,16,1,3,3,0,0,6.7,25,56,179,26,13,63,3,3
Fernando de Paul,CHI,Goalkeeper,cl Colo-Colo,34,1991,1,1,90,0,4,4,1,0,0,0,0,0.2,3,6,21,9,4,9,0,0
Rafael Pires,BRA,Goalkeeper,br São Paulo,36,1989,6,6,540,4,16,12,3,1,0,0,1,4.1,14,47,86,16,43,73,1,4
Aldair Quintana,COL,Goalkeeper,co CA Bucaramanga,31,1994,6,6,540,10,34,23,1,2,1,1,0,10.5,26,64,126,33,43,80,4,6
João Ricardo Riedi,BRA,Goalkeeper,br Fortaleza,36,1988,6,6,540,5,30,25,3,1,1,0,0,9.2,25,68,96,21,41,76,7,7
Ronaldo,BRA,Goalkeeper,br Bahia,28,1996,2,2,180,1,10,9,1,0,0,0,0,2.1,11,22,60,7,14,23,1,7
Agustín Rossi,ARG,Goalkeeper,br Flamengo,29,1995,6,6,540,3,15,12,4,1,1,0,0,3.7,15,47,152,24,27,61,4,6
Rodrigo Saracho,ARG,Goalkeeper,bo San Antonio Bulo Bulo,31,1994,6,6,540,15,46,31,0,1,1,0,0,14.4,43,135,126,14,79,117,5,5
Martín Silva,URU,Goalkeeper,py Libertad,42,1983,1,1,90,2,4,2,0,0,0,0,0,2.1,3,7,18,2,12,10,0,2
Gonzalo Valle,ECU,Goalkeeper,ec LDU de Quito,29,1996,6,6,526,4,28,24,3,0,0,0,0,7.5,29,80,165,23,62,111,5,2
Lucas Verza,PAR,Goalkeeper,py Olimpia,24,2001,1,1,90,0,3,2,1,1,0,1,0,1.3,4,13,21,7,9,11,1,0
Alexis Villa,ECU,Goalkeeper,ec LDU de Quito,23,2001,1,0,14,0,0,0,1,0,0,0,0,0.0,2,6,4,0,2,2,0,0
Guido Villar,ARG,Goalkeeper,ec Independiente,27,1998,6,6,540,11,29,18,1,2,1,1,0,8.8,19,46,110,18,39,85,2,5
Guillermo Vizcarra,BOL,Goalkeeper,pe Alianza Lima,32,1993,6,6,540,11,29,18,0,2,2,0,0,6.8,36,87,118,33,55,88,5,3
Wéverton,BRA,Goalkeeper,br Palmeiras,37,1987,5,5,450,4,22,18,3,0,0,0,0,4.0,16,62,98,26,38,75,5,3
Anthoni,BRA,Goalkeeper,Internacional,23,2002,12,11,1035,18,38,22,2,1,1,0,0,11.3,30,97,192,25,79,119,4,14
Léo Aragão,BRA,Goalkeeper,Cruzeiro,23,2002,1,1,90,0,1,1,1,0,0,0,0,0.2,1,2,11,3,5,9,0,0
Lucas Arcanjo,BRA,Goalkeeper,Vitória,26,1998,16,16,1440,16,84,68,4,0,0,0,0,21.3,62,193,354,71,145,309,14,6
Gabriel Brazão,BRA,Goalkeeper,Santos,24,2000,16,16,1440,21,80,60,4,3,3,0,0,21.6,56,154,283,53,125,245,4,15
Brenno,BRA,Goalkeeper,Fortaleza,26,1999,1,1,90,1,3,2,0,0,0,0,0,2.0,3,9,21,5,10,8,0,0
Cássio,BRA,Goalkeeper,Cruzeiro,38,1987,16,16,1440,11,63,51,8,1,0,1,0,14.1,45,121,216,42,117,257,5,10
Gabriel Delfim,BRA,Goalkeeper,Atlético Mineiro,23,2002,1,1,90,2,5,3,0,0,0,0,0,0.9,2,10,27,4,6,12,3,4
Matheus Donelli,BRA,Goalkeeper,Corinthians,23,2002,5,5,450,6,19,13,1,1,1,0,0,5.7,13,33,97,19,35,53,3,2
Éverson,BRA,Goalkeeper,Atlético Mineiro,35,1990,14,14,1260,14,55,42,7,0,0,0,0,16.3,74,187,455,58,44,167,7,29
Fábio,BRA,Goalkeeper,Fluminense,44,1980,15,15,1350,20,58,37,3,1,0,1,0,18.5,27,80,231,58,90,200,13,9
Marcos Felipe,BRA,Goalkeeper,Bahia,29,1996,11,10,972,9,37,28,4,2,2,0,0,10.6,47,117,336,53,92,184,8,24
Bruno Ferreira,BRA,Goalkeeper,Ceará,31,1994,9,9,783,9,26,17,2,0,0,0,0,9.8,46,142,178,23,76,144,10,7
Caíque França,BRA,Goalkeeper,Sport Recife,30,1995,12,12,1080,20,59,40,2,4,3,0,1,17.7,44,106,223,52,98,164,10,11
Daniel Fuzato,BRA,Goalkeeper,Vasco da Gama,28,1997,1,0,2,1,2,1,0,0,0,0,0,0.9,2,6,3,0,3,4,0,0
Gabriel,BRA,Goalkeeper,Sport Recife,32,1992,3,3,270,5,13,8,0,0,0,0,0,3.7,15,43,65,10,16,36,0,2
Gabriel,BRA,Goalkeeper,Vitória,32,1992,1,1,90,2,4,2,0,0,0,0,0,1.2,1,10,28,4,6,11,0,0
Gustavo,BRA,Goalkeeper,Juventude,32,1993,10,10,855,22,56,33,1,3,2,1,0,18.0,27,81,224,47,67,148,8,1
Léo Jardim,BRA,Goalkeeper,Vasco da Gama,30,1995,15,15,1345,19,55,39,2,0,0,0,0,16.8,29,112,342,56,103,246,15,12
John,BRA,Goalkeeper,Botafogo (RJ),29,1996,15,15,1350,8,53,44,9,0,0,0,0,12.4,57,153,451,47,77,208,11,9
Lucão,BRA,Goalkeeper,RB Bragantino,24,2001,3,3,270,4,18,14,1,0,0,0,0,5.8,3,19,76,14,27,53,2,2
Magrão,BRA,Goalkeeper,Fortaleza,25,2000,3,3,270,4,12,8,0,2,2,0,0,4.2,9,28,44,12,24,30,1,1
Marcão,BRA,Goalkeeper,Juventude,33,1992,6,5,495,10,41,32,1,1,1,0,0,11.5,12,56,130,29,24,78,4,4
Fernando Miguel,BRA,Goalkeeper,Ceará,40,1985,8,7,657,7,33,26,3,2,2,0,0,8.7,38,116,168,25,59,148,9,9
Alex Muralha,BRA,Goalkeeper,Mirassol,35,1989,6,6,540,9,25,16,0,1,1,0,0,7.8,13,53,123,19,34,113,3,14
Rafael Pires,BRA,Goalkeeper,São Paulo,36,1989,17,17,1530,19,65,47,5,3,3,0,0,21.4,44,173,297,34,115,275,7,13
João Ricardo Riedi,BRA,Goalkeeper,Fortaleza,36,1988,12,12,1080,18,62,44,5,1,0,1,0,18.7,56,142,260,61,82,147,10,12
Sergio Rochet,URU,Goalkeeper,Internacional,32,1993,5,5,405,2,20,18,2,0,0,0,0,4.4,11,53,105,26,23,73,1,0
Ronaldo,BRA,Goalkeeper,Bahia,28,1996,5,5,378,4,14,9,1,1,0,1,0,4.3,11,47,123,17,22,60,7,6
Agustín Rossi,ARG,Goalkeeper,Flamengo,29,1995,16,16,1440,6,42,34,11,2,0,2,0,8.5,47,116,408,48,56,176,19,12
Cleiton Schwengber,BRA,Goalkeeper,RB Bragantino,27,1997,14,14,1260,16,56,41,5,0,0,0,0,15.0,44,113,343,78,94,238,9,11
Hugo Souza,BRA,Goalkeeper,Corinthians,26,1999,12,12,1080,14,42,28,5,2,2,0,0,15.3,40,88,234,40,78,137,4,2
Tiago Volpi,BRA,Goalkeeper,Grêmio,34,1990,16,16,1440,22,73,51,3,4,4,0,0,27.3,115,257,380,41,111,270,13,9
Walter,BRA,Goalkeeper,Mirassol,37,1987,9,9,810,5,44,38,4,1,0,1,0,12.0,32,99,246,51,45,182,8,3
Wéverton,BRA,Goalkeeper,Palmeiras,37,1987,15,15,1350,12,41,28,6,3,2,1,0,13.4,54,217,343,41,88,184,12,16
Carlos Acevedo,MEX,Goalkeeper,Santos,,1996,33,33,2970,65,187,125,3,3,2,1,0,55.3,164,429,823,151,309,522,16,28
Gil Alcalá,MEX,Goalkeeper,UNAM,,1992,4,4,360,2,7,5,3,0,0,0,0,1.8,19,40,129,31,18,43,1,6
Guillermo Allison,MEX,Goalkeeper,Querétaro,,1990,25,25,2250,42,131,87,5,7,5,2,0,39.8,145,423,477,84,263,414,23,26
Esteban Andrada,ARG,Goalkeeper,Monterrey,,1991,24,24,2160,29,98,69,8,4,4,0,0,27.7,117,296,794,138,148,297,30,27
Luis Ángel Malagón,MEX,Goalkeeper,América,,1997,29,29,2565,27,97,70,10,2,2,0,0,23.7,114,289,707,80,224,309,12,23
José Antonio Rodríguez,MEX,Goalkeeper,Tijuana,,1992,21,21,1880,36,113,79,3,3,3,0,0,33.9,118,298,870,87,122,275,16,23
Alfonso Blanco Antúnez,MEX,Goalkeeper,León,,1987,26,26,2340,33,129,98,7,4,3,0,1,35.3,128,329,695,128,241,365,11,20
Luis Cárdenas,MEX,Goalkeeper,Monterrey,,1993,10,10,900,13,41,28,1,1,1,0,0,12.0,38,75,263,64,73,123,5,15
José Corona,MEX,Goalkeeper,Tijuana,,1981,11,10,910,18,53,34,1,3,2,1,0,20.0,27,70,338,42,44,109,2,8
Rodolfo Cota,MEX,Goalkeeper,América,,1987,6,5,495,4,17,13,3,0,0,0,0,3.5,14,37,171,18,30,37,2,6
Arturo Delgado,MEX,Goalkeeper,FC Juárez,,2002,2,2,180,1,11,10,1,0,0,0,0,2.0,11,32,60,8,19,16,2,0
Benny Díaz,MEX,Goalkeeper,FC Juárez,,1998,11,11,990,26,63,37,2,5,5,0,0,21.9,47,141,299,55,103,174,8,19
José Eulogio,MEX,Goalkeeper,Pachuca,,2004,2,2,180,4,8,4,0,0,0,0,0,2.5,8,16,27,7,16,15,0,0
Carlos Felipe Rodríguez,MEX,Goalkeeper,UANL,,1989,3,3,270,1,10,9,2,0,0,0,0,1.6,6,23,56,12,19,41,1,1
Eduardo García,MEX,Goalkeeper,Guadalajara,,2002,2,2,180,3,9,6,1,0,0,0,0,2.0,9,22,46,7,19,35,2,1
Hugo González Durán,MEX,Goalkeeper,Mazatlán,,1990,34,34,3015,45,148,104,9,8,6,0,2,42.6,187,466,826,155,287,478,27,30
Andrés Gudiño,MEX,Goalkeeper,Cruz Azul,,1997,1,1,90,1,3,2,0,0,0,0,0,0.5,2,3,32,4,5,5,0,0
Ricardo Gutiérrez,MEX,Goalkeeper,Mazatlán,,1997,1,0,45,0,5,5,0,0,0,0,0,0.7,2,5,12,1,3,4,0,0
Nahuel Guzmán,ARG,Goalkeeper,UANL,,1986,28,28,2519,26,104,78,9,5,4,0,1,30.1,154,313,847,94,184,315,16,41
Jorge Hernández,MEX,Goalkeeper,Querétaro,,1998,9,9,810,13,41,28,2,2,1,0,1,12.8,31,125,137,21,85,190,4,0
Héctor Holguín,MEX,Goalkeeper,Santos,,2001,1,1,90,1,5,4,0,1,1,0,0,1.6,2,7,36,5,10,22,0,0
Oscar Jiménez,MEX,Goalkeeper,León,,1988,8,8,720,11,41,30,1,0,0,0,0,10.6,43,101,196,37,69,95,8,5
Miguel Jiménez Ponce,MEX,Goalkeeper,Puebla,,1990,24,24,2160,40,117,75,4,6,3,3,0,36.5,125,439,414,61,255,478,17,9
Julio José González,MEX,Goalkeeper,UNAM,,1991,13,13,1170,11,44,34,6,2,2,0,0,10.8,62,178,319,62,113,143,6,30
Julio José González,MEX,Goalkeeper,Puebla,,1991,6,6,540,8,30,22,1,1,1,0,0,6.1,25,71,111,25,69,83,3,5
Sebastián Jurado,MEX,Goalkeeper,FC Juárez,,1997,21,21,1890,30,87,58,5,2,2,0,0,27.2,69,258,578,64,120,263,11,13
Pablo Lara,MEX,Goalkeeper,UNAM,,2005,7,7,630,9,32,24,2,0,0,0,0,7.5,35,97,173,24,57,70,5,19
Cesar López,MEX,Goalkeeper,Atlético,,2000,5,4,436,7,22,15,2,0,0,0,0,5.4,17,64,152,21,46,61,1,14
Pau López,ESP,Goalkeeper,Toluca,,1994,10,10,900,13,37,25,4,0,0,0,0,8.9,29,88,354,39,78,106,4,13
Luis Manuel García,MEX,Goalkeeper,Toluca,,1992,5,5,450,6,15,9,1,0,0,0,0,4.6,17,53,134,17,27,64,3,2
Kevin Mier,COL,Goalkeeper,Cruz Azul,,2000,33,33,2970,27,88,61,14,4,3,1,0,25.2,115,285,1254,98,217,373,14,43
Carlos Moreno,MEX,Goalkeeper,Pachuca,,1998,32,32,2880,48,142,93,6,5,4,1,0,38.4,180,373,646,177,276,405,27,42
Miguel Ortega,MEX,Goalkeeper,Tijuana,,1995,3,3,270,6,13,7,0,1,1,0,0,5.8,14,31,107,10,12,32,2,4
Alex Padilla,ESP,Goalkeeper,UNAM,,2003,10,10,900,17,39,22,2,1,1,0,0,13.5,48,131,264,40,67,124,9,6
José Rangel Aguilar,MEX,Goalkeeper,Guadalajara,,2000,32,32,2879,32,121,87,11,3,1,2,0,32.4,147,391,919,150,215,383,32,36
Jesús Rodríguez,MEX,Goalkeeper,Puebla,,1993,4,4,360,8,20,12,1,0,0,0,0,8.0,21,41,123,18,38,48,4,4
Andrés Sánchez,MEX,Goalkeeper,Atlético,,1997,30,30,2624,45,132,86,3,2,1,1,0,40.5,92,272,866,135,269,398,23,49
José Santiago Hernández,MEX,Goalkeeper,Atlas,,1997,3,3,270,3,6,3,1,1,1,0,0,2.5,10,27,66,9,14,24,1,2
Fernando Tapia,MEX,Goalkeeper,UANL,,2001,3,3,270,2,17,15,1,0,0,0,0,3.0,12,35,68,14,36,52,2,5
Ezequiel Unsain,ARG,Goalkeeper,Necaxa,,1995,34,34,3060,55,165,110,9,5,5,0,0,52.0,203,551,859,115,287,531,33,29
Camilo Vargas,COL,Goalkeeper,Atlas,,1989,31,31,2790,52,151,99,7,4,3,1,0,42.3,126,404,866,137,249,429,11,32
Tiago Volpi,BRA,Goalkeeper,Toluca,,1990,19,19,1710,19,87,68,6,1,1,0,0,24.3,107,249,643,66,125,259,18,23
Lucas Acosta,ARG,Goalkeeper,Sarmiento,30,1995,19,19,1710,23,93,72,5,2,1,0,1,29.1,107,301,417,41,144,327,14,18
Alan Aguerre,ARG,Goalkeeper,Cen. Córdoba–SdE,34,1990,17,17,1530,21,56,36,6,2,2,0,0,18.9,57,191,253,39,120,214,6,6
Ignacio Arce,ARG,Goalkeeper,Deportivo Riestra,33,1992,19,19,1710,10,65,57,14,3,3,0,0,17.0,211,527,480,14,161,419,39,31
Gabriel Arias,CHI,Goalkeeper,Racing Club,37,1987,14,14,1194,10,47,36,5,2,1,1,0,11.2,64,169,283,50,111,169,5,19
Franco Armani,ARG,Goalkeeper,River Plate,38,1986,19,19,1710,10,58,48,11,0,0,0,0,15.9,55,124,327,92,114,193,7,20
Williams Barlasina,ARG,Goalkeeper,Aldosivi,27,1998,4,4,360,8,16,8,0,0,0,0,0,6.3,13,42,66,19,33,54,4,1
Williams Barlasina,ARG,Goalkeeper,Newell's OB,27,1998,2,2,180,3,13,10,0,0,0,0,0,3.0,12,25,28,8,13,44,2,0
Enrique Bologna,ARG,Goalkeeper,Defensa y Just,43,1982,19,19,1710,24,87,63,7,1,1,0,0,27.3,138,279,454,67,138,304,12,11
Matías Borgogno,ARG,Goalkeeper,San Martín de San Juan,26,1998,19,19,1710,22,71,49,4,1,1,0,0,22.2,139,371,421,33,155,273,22,15
Leandro Brey,ARG,Goalkeeper,Boca Juniors,22,2002,2,2,180,1,4,3,1,0,0,0,0,1.0,6,20,44,10,16,40,0,2
Jorge Broun,ARG,Goalkeeper,Rosario Central,39,1986,17,17,1530,9,54,46,9,0,0,0,0,12.3,92,192,310,73,161,287,10,1
Javier Burrai,ECU,Goalkeeper,Talleres,34,1990,2,1,135,1,4,3,1,0,0,0,0,0.3,10,22,45,4,15,34,1,2
Facundo Cambeses,ARG,Goalkeeper,Racing Club,28,1997,7,5,513,8,30,22,2,0,0,0,0,6.2,25,79,106,19,55,89,2,4
Thiago Cardozo,URU,Goalkeeper,Unión,28,1996,14,14,1256,16,51,35,3,2,2,0,0,16.5,47,136,248,66,98,180,7,6
Thiago Cardozo,URU,Goalkeeper,Belgrano,28,1996,3,3,270,1,7,6,2,1,0,0,1,1.3,15,61,62,8,21,56,4,0
Jorge Carranza,ARG,Goalkeeper,Aldosivi,44,1981,15,15,1350,22,65,43,4,3,3,0,0,16.9,75,184,301,63,95,238,12,11
Ezequiel Centurión,ARG,Goalkeeper,Ind. Rivadavia,28,1997,19,19,1710,19,77,58,8,4,3,1,0,20.4,106,324,397,69,161,337,18,10
Juan Cozzani,ARG,Goalkeeper,Platense,26,1998,19,19,1710,14,70,58,8,2,2,0,0,19.9,101,381,377,27,121,284,12,19
Tomás Durso,ARG,Goalkeeper,Atlé Tucumán,26,1999,11,11,990,17,46,29,2,3,1,1,1,17.2,63,177,245,46,87,128,8,16
Juan Espínola,PAR,Goalkeeper,Belgrano,30,1994,11,11,990,18,41,23,3,1,1,0,0,12.0,65,204,289,39,71,182,13,8
Juan Espínola,PAR,Goalkeeper,Newell's OB,30,1994,1,1,90,0,6,6,1,0,0,0,0,0.4,11,21,16,4,9,13,2,1
Hernán Galíndez,ECU,Goalkeeper,Huracán,38,1987,16,16,1440,12,44,32,8,3,2,1,0,14.9,71,217,345,43,109,226,13,6
Orlando Gil,PAR,Goalkeeper,San Lorenzo,25,2000,19,19,1710,11,55,45,11,0,0,0,0,13.1,97,306,336,45,161,280,12,4
Juan González,URU,Goalkeeper,Atlé Tucumán,32,1993,6,6,540,5,22,18,2,1,1,0,0,5.0,39,92,137,17,42,87,9,6
Guido Herrera,ARG,Goalkeeper,Talleres,33,1992,18,18,1575,17,55,40,6,1,1,0,0,16.9,104,262,485,57,98,243,18,10
Marcos Ignacio Ledesma,ARG,Goalkeeper,Barracas Central,28,1996,19,19,1710,22,78,58,6,0,0,0,0,19.9,117,320,324,67,130,351,31,8
Luis Ingolotti,ARG,Goalkeeper,Gimnasia–LP,25,2000,3,3,270,7,14,7,0,2,2,0,0,7.1,11,31,55,12,21,54,1,0
Nelson Insfrán,ARG,Goalkeeper,Gimnasia–LP,30,1995,16,16,1440,12,61,47,8,3,1,2,0,18.6,97,264,350,46,115,279,16,5
Nahuel Losada,ARG,Goalkeeper,Lanús,32,1993,18,18,1620,12,65,52,8,4,2,1,1,17.9,78,207,438,95,84,269,29,23
Matías Mansilla,ARG,Goalkeeper,Atlé Tucumán,29,1996,2,2,180,2,5,3,0,1,1,0,0,2.1,9,30,39,4,9,28,2,1
Matías Mansilla,ARG,Goalkeeper,Estudiantes–LP,29,1996,16,16,1440,19,52,32,5,2,1,1,0,15.8,67,186,274,69,131,234,9,20
Agustín Marchesín,ARG,Goalkeeper,Boca Juniors,37,1988,17,17,1530,12,57,45,8,0,0,0,0,14.5,57,157,370,81,143,245,12,9
Tomás Marchiori,ARG,Goalkeeper,Vélez Sarsfield,30,1995,18,18,1620,19,61,43,7,2,1,0,1,16.4,46,147,315,70,147,225,14,6
Diego Matías Rodríguez,ARG,Goalkeeper,Arg Juniors,36,1989,19,19,1710,11,56,45,11,1,0,1,0,13.8,111,240,519,37,101,205,6,3
Sebastián Meza,ARG,Goalkeeper,Huracán,25,2000,3,3,270,5,10,5,1,1,1,0,0,3.5,8,35,57,14,12,37,2,2
Lautaro Morales,ARG,Goalkeeper,Lanús,25,1999,1,1,90,1,2,1,0,0,0,0,0,1.0,3,6,16,2,6,7,0,0
Fernando Muslera,URU,Goalkeeper,Estudiantes–LP,39,1986,3,3,270,2,16,14,1,0,0,0,0,4.5,20,43,66,15,38,62,4,2
Keylor Navas,CRC,Goalkeeper,Newell's OB,38,1986,14,14,1260,11,64,54,6,1,0,0,1,16.7,106,222,247,48,132,272,10,3
Franco Petroli,ARG,Goalkeeper,Godoy Cruz,27,1998,19,19,1710,19,68,49,9,2,1,1,0,19.5,147,361,558,73,108,286,29,20
Josue Reinatti,ARG,Goalkeeper,Newell's OB,22,2003,2,2,180,4,14,10,0,1,1,0,0,4.6,7,11,55,20,6,33,3,1
Rodrigo Rey,ARG,Goalkeeper,Independiente,34,1991,19,19,1710,17,58,44,7,3,3,0,0,18.9,92,216,435,77,116,229,11,6
Randall Rodríguez,URU,Goalkeeper,Vélez Sarsfield,21,2003,1,1,90,4,8,4,0,1,1,0,0,3.1,4,16,23,5,7,10,1,0
Manuel Roffo,ARG,Goalkeeper,Instituto,25,2000,19,19,1710,24,77,53,7,2,2,0,0,21.8,104,260,373,62,136,266,20,12
Facundo Sanguinetti,ARG,Goalkeeper,Banfield,24,2001,19,19,1710,23,81,57,5,5,3,2,0,23.7,105,288,350,58,139,289,12,13
Matías Tagliamonte,ARG,Goalkeeper,Unión,27,1998,5,5,450,2,13,10,3,1,0,1,0,3.1,24,71,76,19,35,74,5,2
Manuel Vicentini,ARG,Goalkeeper,Belgrano,35,1990,5,5,450,5,18,12,2,1,0,1,0,8.8,24,93,113,18,41,107,3,14
Axel Werner,ARG,Goalkeeper,Rosario Central,29,1996,2,2,180,0,3,3,2,0,0,0,0,1.5,6,19,28,7,15,30,1,0
Felipe Zenobio,ARG,Goalkeeper,Tigre,25,2000,19,19,1710,15,65,50,8,3,2,0,1,18.8,81,222,332,67,123,279,21,8
Juan Zozaya,ARG,Goalkeeper,Cen. Córdoba–SdE,24,2001,2,2,180,3,8,5,0,0,0,0,0,3.9,6,14,28,6,12,29,0,0
Andrew,BRA,Goalkeeper,Gil Vicente FC,,2001,33,33,2970,46,125,80,7,7,6,0,1,42.9,129,357,969,158,278,488,36,34
Brian Araújo,FRA,Goalkeeper,Gil Vicente FC,,2000,1,1,90,1,3,2,0,0,0,0,0,1.0,5,9,28,3,3,14,0,2
Daniel Azevedo,POR,Goalkeeper,Casa Pia,,1998,1,1,90,2,4,2,0,0,0,0,0,2.1,1,10,19,1,9,20,1,1
Gabriel Batista,BRA,Goalkeeper,Santa Clara,,1998,34,34,3060,32,114,81,11,6,4,1,1,29.1,164,518,738,118,283,453,39,27
Ricardo Batista,POR,Goalkeeper,Casa Pia,,1986,1,1,90,1,2,1,0,1,1,0,0,0.8,1,2,31,3,3,10,0,2
Simão Bertelli,BRA,Goalkeeper,AVS Futebol,,1993,11,11,990,15,57,41,2,3,2,1,0,21.1,60,154,295,45,82,150,8,8
Bruno Brigido,BRA,Goalkeeper,Estrela,,1991,18,18,1575,30,83,54,1,2,2,0,0,27.3,66,243,425,90,132,257,9,15
Lazar Carević,MNE,Goalkeeper,Famalicão,,1999,18,18,1620,21,73,52,7,4,3,1,0,23.7,71,183,430,71,97,247,6,18
César,BRA,Goalkeeper,Boavista,,1992,16,16,1440,30,79,51,2,3,3,0,0,28.6,75,219,251,60,125,213,18,10
Kevin Chamorro,CRC,Goalkeeper,Estoril,,2000,4,4,360,3,12,9,2,1,1,0,0,3.7,12,57,81,11,22,46,4,13
Diogo Costa,POR,Goalkeeper,Porto,,1999,32,32,2880,27,85,57,16,7,5,2,0,29.2,132,305,1072,139,146,310,19,51
João Paulo Santos Costa,POR,Goalkeeper,Estrela,,1996,14,14,1260,17,54,36,4,4,3,1,0,19.0,94,244,312,37,120,181,2,14
Rui Encarnação,POR,Goalkeeper,Nacional,,1998,2,1,135,4,7,3,0,2,2,0,0,2.8,5,14,30,2,7,19,0,2
Daniel Figueira,POR,Goalkeeper,Estoril,,1998,1,1,90,4,7,3,0,1,1,0,0,2.4,2,6,19,6,5,16,1,0
Lucas França,BRA,Goalkeeper,Nacional,,1996,33,33,2925,46,149,103,8,9,7,0,2,48.9,167,482,663,108,308,509,33,24
João Gonçalves,POR,Goalkeeper,Boavista,,2000,4,4,360,2,8,6,2,0,0,0,0,3.3,31,88,74,3,36,59,1,1
Marko Gudžulić,SRB,Goalkeeper,Estrela,,2002,2,2,180,3,9,6,1,1,0,1,0,2.5,15,48,54,7,19,37,4,1
Lukáš Horníček,CZE,Goalkeeper,Braga,,2002,17,17,1530,11,58,47,8,1,1,0,0,13.4,62,209,538,91,92,202,16,34
Franco Israel,URU,Goalkeeper,Sporting CP,,2000,11,11,990,9,25,16,7,0,0,0,0,7.0,13,33,214,45,50,99,2,4
Jhonatan,BRA,Goalkeeper,Rio Ave,,1991,8,8,720,13,43,30,2,0,0,0,0,12.3,30,102,231,40,78,126,3,5
Luiz Lúcio Reis Júnior,BRA,Goalkeeper,Famalicão,,2001,1,1,90,0,2,2,1,0,0,0,0,0.3,11,24,32,7,6,17,3,2
Kaique,BRA,Goalkeeper,Farense,,2003,6,6,540,6,21,14,1,1,0,1,0,7.1,31,104,170,33,53,115,5,1
Kewin,BRA,Goalkeeper,Moreirense,,1995,29,29,2610,42,114,72,6,3,3,0,0,39.3,154,440,789,126,229,472,36,19
Vladan Kovačević,BIH,Goalkeeper,Sporting CP,,1998,6,6,540,5,16,11,2,0,0,0,0,3.7,6,16,98,20,14,52,3,4
Nico Mantl,GER,Goalkeeper,Arouca,,2000,29,29,2610,43,120,79,7,8,8,0,0,40.6,115,284,746,127,202,445,22,42
Matheus,BRA,Goalkeeper,Braga,,1992,17,17,1530,19,65,47,7,2,2,0,0,17.6,42,167,478,72,106,183,9,25
Francisco Meixedo,POR,Goalkeeper,Estrela,,2001,1,0,45,0,3,3,1,0,0,0,0,0.2,4,9,14,4,7,6,0,0
Mika,POR,Goalkeeper,Moreirense,,1991,1,0,3,0,0,0,1,0,0,0,0,0.0,0,0,2,0,0,0,0,0
Cezary Miszta,POL,Goalkeeper,Rio Ave,,2001,26,26,2325,42,126,89,3,3,3,0,0,40.8,105,349,696,124,225,406,19,24
Guillermo Ochoa,MEX,Goalkeeper,AVS Futebol,,1985,23,23,2070,45,118,74,6,1,1,0,0,39.4,128,293,486,90,219,378,8,16
Cláudio Ramos,POR,Goalkeeper,Porto,,1991,2,2,180,3,8,5,0,1,1,0,0,3.3,4,10,44,6,7,14,2,2
Joel Robles,ESP,Goalkeeper,Estoril,,1990,29,29,2610,46,132,85,5,6,5,1,0,50.0,159,513,659,111,222,405,17,43
Caio Secco,BRA,Goalkeeper,Moreirense,,1990,5,5,447,8,23,15,0,2,2,0,0,7.4,12,66,113,21,40,92,5,11
Patrick Sequeira,CRC,Goalkeeper,Casa Pia,,1999,32,32,2880,41,157,117,7,7,6,0,1,42.5,118,442,919,160,190,472,37,24
Rui Silva,POR,Goalkeeper,Sporting CP,,1994,17,17,1530,13,32,21,6,4,4,0,0,13.5,44,121,294,51,91,185,12,28
Samuel Soares,POR,Goalkeeper,Benfica,,2002,2,2,180,0,5,4,2,1,0,1,0,1.0,2,6,28,11,10,13,2,1
Matheus Teixeira,BRA,Goalkeeper,Rio Ave,,1999,1,0,15,0,0,0,0,0,0,0,0,0.0,0,3,8,0,2,1,0,0
Tomé,POR,Goalkeeper,Boavista,,2006,2,2,180,5,10,5,0,0,0,0,0,2.3,13,44,21,0,26,33,0,2
Anatolii Trubin,UKR,Goalkeeper,Benfica,,2001,32,32,2880,28,101,72,13,3,2,1,0,33.5,73,196,696,137,163,287,22,18
Tomáš Vaclík,CZE,Goalkeeper,Boavista,,1989,12,12,1080,22,76,55,3,3,3,0,0,22.9,75,195,247,65,120,202,11,12
João Valido,POR,Goalkeeper,Arouca,,2000,5,5,450,6,20,14,1,1,1,0,0,5.5,17,32,105,22,50,70,9,8
Bruno Varela,CPV,Goalkeeper,Vitória,,1994,34,34,3060,37,100,63,13,7,5,0,2,32.9,115,311,875,120,235,389,21,35
Ricardo Velho,POR,Goalkeeper,Farense,,1998,28,28,2520,40,126,88,6,7,6,0,1,40.1,155,463,636,109,254,453,31,24
Ivan Zlobin,RUS,Goalkeeper,Famalicão,,1997,15,15,1350,18,63,45,5,1,1,0,0,23.0,48,158,353,61,92,212,16,7
