Player,Nationality,Team,League,Position,General Position,Age,Minutes,Shots on Target Against,Goals Against,Saves,Post-Shot Expected Goals (PSxG),Save Efficiency,Clean Sheets,Completed Long Passes,Attempted Long Passes,Attempted Passes (excluding GK),Attempted Throws,Pass Length (Total),Attempted Goal Kicks,Goal Kick Length (Total),Crosses Faced,Crosses Stopped,Defensive Actions Outside Penalty Area,Distance of Defensive Actions (Total),Matches
Aaron Ramsdale,ENG,Southampton,English Premier League,GK,Goalkeeper,27,2700,188.0,66.0,120.0,63.7,-2.3,3,196.0,605.0,1026.0,129.0,36992.0,190.0,10627.6,457.0,25.0,20.0,341.4,1
Adrian Rodriguez,ESP,Alavés,Spanish La Liga,GK,Goalkeeper,24,122,6.0,2.0,4.0,1.5,-0.5,1,18.0,48.0,26.0,0.0,1464.0,24.0,1618.6,33.0,0.0,0.0,0.0,1
Adrián,ESP,Betis,"Spanish La Liga, UEFA Europa Conference League",GK,Goalkeeper,38,2340,101.0,36.0,65.0,36.0,0.0,5,73.0,224.0,688.0,113.0,21180.6,142.0,4576.2,309.0,20.0,23.0,395.3,1
Aitor Fernández,ESP,Osasuna,Spanish La Liga,GK,Goalkeeper,33,90,5.0,0.0,5.0,1.2,1.2,1,19.0,35.0,34.0,4.0,1509.6,11.0,658.9,14.0,1.0,1.0,10.6,1
Alban Lafont,FRA,Nantes,French Ligue 1,GK,Goalkeeper,25,1080,49.0,19.0,32.0,16.8,-2.2,2,40.0,143.0,309.0,56.0,10774.5,57.0,2913.8,200.0,16.0,6.0,87.3,1
Albert Posiadala,POL,Molde,UEFA Europa Conference League,GK,Goalkeeper,21,540,19.0,11.0,8.0,8.9,-2.1,1,21.0,53.0,158.0,21.0,4659.5,24.0,807.4,58.0,3.0,10.0,165.4,1
Alberto Paleari,ITA,Torino,Italian Serie A,GK,Goalkeeper,32,90,7.0,3.0,4.0,2.2,-0.8,0,8.0,12.0,26.0,5.0,806.0,6.0,252.0,12.0,0.0,5.0,136.5,1
Aleksandr Zarutskiy,KAZ,Astana FK,UEFA Europa Conference League,GK,Goalkeeper,31,90,6.0,2.0,4.0,2.4,0.4,0,2.0,6.0,19.0,5.0,507.3,5.0,204.0,18.0,1.0,0.0,0.0,1
Aleksei Ploshchadnyi,RUS,FC Noah,UEFA Europa Conference League,GK,Goalkeeper,20,270,18.0,7.0,10.0,7.1,0.1,1,9.0,29.0,68.0,14.0,2285.3,17.0,544.7,41.0,2.0,4.0,62.8,1
Alen Sherri,ALB,Cagliari,Italian Serie A,GK,Goalkeeper,27,621,31.0,11.0,20.0,11.0,0.0,1,29.0,84.0,168.0,22.0,5411.6,57.0,2110.0,85.0,4.0,5.0,67.3,1
Alex McCarthy,ENG,Southampton,English Premier League,GK,Goalkeeper,35,450,37.0,13.0,24.0,12.6,-0.4,0,24.0,52.0,132.0,29.0,3890.1,23.0,707.6,74.0,8.0,0.0,0.0,1
Alex Meret,ITA,Napoli,Italian Serie A,GK,Goalkeeper,28,3005,84.0,25.0,59.0,25.2,0.2,16,88.0,214.0,1041.0,117.0,28868.1,181.0,6321.0,378.0,21.0,47.0,907.6,1
Alex Padilla,ESP,Athletic Club,Spanish La Liga,GK,Goalkeeper,21,321,17.0,6.0,12.0,4.8,-1.2,1,27.0,78.0,98.0,15.0,4071.5,22.0,1419.7,57.0,2.0,3.0,47.8,1
Alex Palmer,ENG,Ipswich Town,English Premier League,GK,Goalkeeper,28,1170,71.0,30.0,43.0,25.2,-4.8,0,71.0,186.0,329.0,55.0,11165.8,94.0,4774.5,249.0,20.0,13.0,181.9,1
Alexander Meyer,GER,Dortmund,"German Bundesliga, UEFA Champions League",GK,Goalkeeper,33,270,12.0,4.0,8.0,4.1,0.1,1,11.0,42.0,121.0,8.0,3818.8,11.0,630.0,33.0,3.0,3.0,44.6,1
Alexander Nübel,GER,Stuttgart,"German Bundesliga, UEFA Champions League",GK,Goalkeeper,28,3690,162.0,66.0,96.0,52.3,-13.7,8,184.0,480.0,1447.0,162.0,43694.0,139.0,5354.6,475.0,26.0,60.0,1306.1,1
Alexander Schlager,AUT,RB Salzburg,UEFA Champions League,GK,Goalkeeper,28,335,31.0,13.0,18.0,10.5,-2.5,0,14.0,49.0,95.0,14.0,3659.7,22.0,744.1,57.0,4.0,11.0,235.2,1
Alexander Schwolow,GER,Union Berlin,German Bundesliga,GK,Goalkeeper,32,540,28.0,13.0,15.0,9.8,-3.2,0,28.0,73.0,166.0,26.0,5141.7,40.0,1701.9,85.0,0.0,4.0,83.0,1
Aleš Mandous,CZE,Slavia Prague,UEFA Europa League,GK,Goalkeeper,32,180,14.0,4.0,9.0,4.8,0.8,0,7.0,18.0,72.0,11.0,1911.0,7.0,333.1,19.0,1.0,2.0,32.3,1
Alisson,BRA,Liverpool,"English Premier League, UEFA Champions League",GK,Goalkeeper,32,3048,127.0,32.0,97.0,37.1,4.1,12,102.0,290.0,1099.0,153.0,30553.2,101.0,3560.4,318.0,15.0,56.0,1020.1,1
Alphonse Areola,FRA,West Ham,English Premier League,GK,Goalkeeper,32,2260,115.0,41.0,77.0,35.5,-5.5,5,135.0,384.0,788.0,119.0,25328.0,196.0,8418.0,394.0,15.0,30.0,568.1,1
Altay Bayındır,TUR,Manchester Utd,"English Premier League, UEFA Europa League",GK,Goalkeeper,27,540,27.0,11.0,17.0,12.0,1.0,2,13.0,72.0,180.0,19.0,5679.9,31.0,1474.0,70.0,4.0,9.0,143.7,1
Amir Saipi,KVX,Lugano,UEFA Europa Conference League,GK,Goalkeeper,24,720,38.0,12.0,26.0,12.7,0.7,3,53.0,121.0,366.0,30.0,11308.0,45.0,1865.7,106.0,5.0,1.0,13.8,1
Anatolii Trubin,UKR,Benfica,UEFA Champions League,GK,Goalkeeper,23,1080,60.0,19.0,41.0,14.0,-5.0,4,21.0,94.0,271.0,67.0,8379.1,65.0,2261.1,173.0,8.0,8.0,123.3,1
Andrea Mazza,ITA,Monza,Italian Serie A,GK,Goalkeeper,21,8,0.0,0.0,0.0,0.0,0.0,1,1.0,2.0,5.0,1.0,120.0,2.0,80.0,1.0,0.0,0.0,0.0,1
Andriy Lunin,UKR,Real Madrid,"Spanish La Liga, UEFA Champions League",GK,Goalkeeper,26,810,32.0,11.0,21.0,11.3,0.3,4,23.0,46.0,186.0,40.0,4902.1,48.0,1447.3,78.0,6.0,15.0,292.6,1
André Ferreira,POR,Valladolid,Spanish La Liga,GK,Goalkeeper,28,540,39.0,20.0,19.0,15.2,-4.8,0,30.0,83.0,138.0,26.0,4664.1,56.0,2337.0,92.0,4.0,3.0,37.4,1
André Onana,CMR,Manchester Utd,"English Premier League, UEFA Europa League",GK,Goalkeeper,29,4230,180.0,62.0,118.0,60.6,-1.4,11,174.0,591.0,1537.0,179.0,47143.6,198.0,9440.1,548.0,30.0,36.0,717.0,1
Anthony Lopes,POR,Nantes,French Ligue 1,GK,Goalkeeper,34,1563,71.0,26.0,46.0,25.4,-0.6,3,89.0,257.0,451.0,56.0,16147.7,96.0,4746.7,308.0,16.0,8.0,128.8,1
Anthony Moris,LUX,Union SG,UEFA Europa League,GK,Goalkeeper,34,900,37.0,11.0,27.0,12.6,1.6,2,76.0,176.0,311.0,26.0,12288.7,34.0,1378.5,114.0,8.0,5.0,108.4,1
Antonio Sivera,ESP,Alavés,Spanish La Liga,GK,Goalkeeper,28,2810,112.0,39.0,75.0,39.0,-0.8,8,297.0,724.0,735.0,70.0,35022.6,229.0,13731.7,453.0,30.0,29.0,545.4,1
Antonín Kinský,CZE,"Slavia Prague, Tottenham","English Premier League, UEFA Europa League",GK,Goalkeeper,22,1080,48.0,18.0,32.0,16.2,-1.8,2,47.0,121.0,409.0,57.0,12380.7,50.0,1507.9,155.0,12.0,18.0,346.7,1
Arijanet Muric,KVX,Ipswich Town,English Premier League,GK,Goalkeeper,26,1620,100.0,33.0,67.0,31.5,-1.5,1,76.0,229.0,534.0,94.0,16201.0,94.0,5136.3,249.0,39.0,20.0,353.6,1
Arnau Rafús,ESP,Valladolid,Spanish La Liga,GK,Goalkeeper,21,90,2.0,2.0,0.0,0.5,-1.5,0,7.0,15.0,38.0,5.0,1326.2,5.0,195.0,14.0,1.0,1.0,11.4,1
Arnau Tenas,ESP,Paris S-G,French Ligue 1,GK,Goalkeeper,23,90,4.0,1.0,3.0,1.5,0.5,0,3.0,4.0,30.0,4.0,762.0,2.0,43.0,5.0,1.0,1.0,15.6,1
Arthur Desmas,FRA,Le Havre,French Ligue 1,GK,Goalkeeper,30,1620,93.0,38.0,54.0,38.7,0.7,3,56.0,151.0,404.0,72.0,12473.2,117.0,3468.6,277.0,12.0,7.0,132.7,1
Augusto Batalla,ARG,Rayo Vallecano,Spanish La Liga,GK,Goalkeeper,29,2880,133.0,39.0,93.0,40.3,1.3,8,177.0,534.0,989.0,129.0,37826.6,184.0,9394.6,453.0,35.0,38.0,730.8,1
Bart Verbruggen,NED,Brighton,English Premier League,GK,Goalkeeper,22,3240,143.0,58.0,87.0,50.8,-7.2,7,122.0,386.0,1226.0,122.0,36405.2,83.0,4027.3,414.0,27.0,47.0,882.2,1
Bartłomiej Drągowski,POL,Panathinaikos,UEFA Europa Conference League,GK,Goalkeeper,27,630,39.0,12.0,27.0,12.6,0.6,2,11.0,52.0,192.0,30.0,5384.2,29.0,896.3,73.0,6.0,11.0,177.7,1
Ben Alexander Voll,GER,St. Pauli,German Bundesliga,GK,Goalkeeper,24,91,5.0,2.0,3.0,2.4,0.4,1,7.0,28.0,37.0,5.0,1652.2,13.0,516.1,15.0,0.0,0.0,0.0,1
Benjamin Lecomte,FRA,Montpellier,French Ligue 1,GK,Goalkeeper,34,2610,167.0,66.0,103.0,57.6,-8.4,1,177.0,449.0,814.0,115.0,29501.0,184.0,7807.9,408.0,20.0,26.0,487.7,1
Benjamin Siegrist,SUI,Genoa,Italian Serie A,GK,Goalkeeper,33,152,12.0,2.0,10.0,2.4,0.0,0,6.0,30.0,54.0,9.0,1935.9,19.0,888.3,26.0,1.0,1.0,8.0,1
Bernd Leno,GER,Fulham,English Premier League,GK,Goalkeeper,33,3420,159.0,54.0,106.0,48.5,-5.5,5,141.0,367.0,1231.0,167.0,35522.4,172.0,7201.9,507.0,23.0,33.0,540.6,1
Brandon Austin,ENG,Tottenham,"English Premier League, UEFA Europa League",GK,Goalkeeper,26,270,9.0,4.0,5.0,5.1,1.1,1,8.0,19.0,70.0,15.0,1802.6,13.0,492.2,53.0,8.0,4.0,64.4,1
Brice Samba,FRA,"Lens, Rennes",French Ligue 1,GK,Goalkeeper,31,2879,141.0,41.0,98.0,47.0,6.0,12,140.0,341.0,1004.0,125.0,30138.7,178.0,6136.0,377.0,33.0,37.0,697.6,1
Bruno Varela,CPV,Vitória,UEFA Europa Conference League,GK,Goalkeeper,30,720,32.0,12.0,20.0,11.2,-0.8,0,21.0,59.0,203.0,17.0,6166.6,33.0,1265.9,65.0,3.0,3.0,38.4,1
Caoimhín Kelleher,IRL,Liverpool,"English Premier League, UEFA Champions League",GK,Goalkeeper,26,1260,54.0,15.0,37.0,17.5,2.5,7,40.0,148.0,498.0,61.0,14177.5,36.0,1348.2,154.0,8.0,16.0,333.3,1
Christian Walton,ENG,Ipswich Town,English Premier League,GK,Goalkeeper,29,630,39.0,19.0,20.0,16.9,-2.1,1,42.0,116.0,204.0,35.0,6996.1,51.0,2267.3,111.0,12.0,2.0,27.5,1
Christos Mandas,GRE,Lazio,"Italian Serie A, UEFA Europa League",GK,Goalkeeper,23,1620,61.0,15.0,46.0,19.6,4.6,6,94.0,245.0,597.0,71.0,21151.7,59.0,2552.8,207.0,28.0,34.0,738.8,1
Colin Coosemans,BEL,Anderlecht,UEFA Europa League,GK,Goalkeeper,32,810,37.0,13.0,24.0,10.4,-2.6,1,47.0,155.0,407.0,38.0,13991.6,33.0,1346.3,140.0,7.0,11.0,231.2,1
Connor Roberts,WAL,The New Saints,UEFA Europa Conference League,GK,Goalkeeper,32,540,41.0,10.0,31.0,14.2,4.2,1,32.0,93.0,199.0,12.0,6641.3,43.0,1863.0,98.0,5.0,1.0,10.0,1
Craig Gordon,SCO,Hearts,UEFA Europa Conference League,GK,Goalkeeper,41,540,23.0,9.0,14.0,8.5,-0.5,1,22.0,85.0,127.0,27.0,4660.6,45.0,2099.0,63.0,2.0,3.0,55.5,1
Damjan Šiškovski,MKD,Borac Banja Luka,UEFA Europa Conference League,GK,Goalkeeper,29,90,2.0,1.0,1.0,1.0,0.0,0,5.0,13.0,23.0,6.0,685.4,7.0,378.7,11.0,1.0,1.0,11.3,1
Dani Cárdenas,ESP,Rayo Vallecano,Spanish La Liga,GK,Goalkeeper,28,540,20.0,6.0,14.0,5.7,-0.3,2,26.0,106.0,132.0,21.0,5843.2,46.0,2389.7,79.0,2.0,1.0,13.0,1
Daniel Bentley,ENG,Wolves,English Premier League,GK,Goalkeeper,31,180,12.0,4.0,8.0,3.9,-0.1,1,7.0,21.0,52.0,6.0,1462.8,13.0,603.1,25.0,0.0,3.0,64.8,1
Daniel Peretz,ISR,Bayern Munich,"German Bundesliga, UEFA Champions League",GK,Goalkeeper,24,360,11.0,6.0,5.0,5.2,-0.8,0,9.0,32.0,122.0,5.0,3522.8,12.0,332.0,21.0,0.0,8.0,172.1,1
Daniel Schmidt,JPN,Gent,UEFA Europa Conference League,GK,Goalkeeper,32,90,3.0,2.0,1.0,1.8,-0.2,0,4.0,9.0,17.0,5.0,581.4,3.0,108.0,7.0,1.0,1.0,15.0,1
Daniele Padelli,ITA,Udinese,Italian Serie A,GK,Goalkeeper,39,90,3.0,0.0,3.0,0.8,0.8,1,3.0,7.0,18.0,2.0,549.0,2.0,64.0,11.0,1.0,0.0,0.0,1
Daniele Sommariva,ITA,Genoa,Italian Serie A,GK,Goalkeeper,27,28,3.0,1.0,2.0,0.9,-0.1,0,1.0,10.0,9.0,0.0,380.7,6.0,285.0,19.0,0.0,0.0,0.0,1
Daniil Khudiakov,RUS,Sturm Graz,UEFA Champions League,GK,Goalkeeper,20,180,10.0,3.0,7.0,2.7,-0.3,1,9.0,39.0,61.0,9.0,2262.8,11.0,695.0,32.0,4.0,1.0,12.4,1
Danijel Zagorac,CRO,Dinamo Zagreb,UEFA Champions League,GK,Goalkeeper,37,270,12.0,4.0,8.0,4.4,0.4,1,18.0,52.0,70.0,6.0,2504.2,33.0,1636.7,56.0,2.0,3.0,38.8,1
Danny Ward,WAL,Leicester City,English Premier League,GK,Goalkeeper,31,135,10.0,6.0,4.0,2.8,-3.2,0,10.0,22.0,46.0,9.0,1471.8,7.0,364.0,11.0,0.0,2.0,43.5,1
David Raya,ESP,Arsenal,"English Premier League, UEFA Champions League",GK,Goalkeeper,29,4590,159.0,43.0,114.0,48.9,5.9,19,219.0,661.0,1646.0,228.0,51091.2,206.0,9749.5,538.0,67.0,84.0,1709.9,1
David Soria,ESP,Getafe,Spanish La Liga,GK,Goalkeeper,32,3420,126.0,39.0,86.0,41.8,2.8,9,300.0,799.0,719.0,68.0,35057.8,304.0,18684.1,479.0,25.0,39.0,738.2,1
David de Gea,ESP,Fiorentina,"Italian Serie A, UEFA Europa Conference League",GK,Goalkeeper,34,3600,160.0,46.0,113.0,46.6,0.6,11,242.0,544.0,1000.0,147.0,35476.5,273.0,11998.5,546.0,14.0,39.0,766.7,1
David von Ballmoos,SUI,Young Boys,UEFA Champions League,GK,Goalkeeper,29,360,29.0,15.0,13.0,9.5,-5.5,0,23.0,67.0,127.0,9.0,4620.8,23.0,1065.4,59.0,1.0,4.0,102.4,1
Davy Roef,BEL,Gent,UEFA Europa Conference League,GK,Goalkeeper,31,630,37.0,9.0,28.0,8.3,-0.7,3,19.0,50.0,174.0,35.0,5409.9,40.0,1040.0,85.0,0.0,2.0,43.5,1
Dean Henderson,ENG,Crystal Palace,English Premier League,GK,Goalkeeper,28,3420,150.0,51.0,101.0,50.8,-0.2,11,157.0,600.0,942.0,115.0,36278.3,273.0,12245.0,559.0,30.0,40.0,775.6,1
Deniz Dilmen,NAN,Başakşehir,UEFA Europa Conference League,GK,Goalkeeper,19,180,13.0,7.0,6.0,6.4,-0.6,0,4.0,11.0,56.0,5.0,1411.2,11.0,313.0,17.0,0.0,8.0,205.1,1
Devis Vásquez,COL,Empoli,Italian Serie A,GK,Goalkeeper,27,2880,125.0,45.0,79.0,40.2,-4.8,6,161.0,560.0,953.0,104.0,37187.1,150.0,7800.2,490.0,36.0,15.0,278.6,1
Diant Ramaj,GER,FC Copenhagen,UEFA Europa Conference League,GK,Goalkeeper,23,360,20.0,6.0,14.0,7.5,1.5,0,15.0,68.0,169.0,21.0,5763.2,14.0,634.2,40.0,5.0,4.0,99.4,1
Diego Conde,ESP,Villarreal,Spanish La Liga,GK,Goalkeeper,26,1962,94.0,33.0,62.0,26.3,-6.7,2,61.0,161.0,532.0,111.0,15007.0,107.0,3887.9,323.0,18.0,16.0,279.6,1
Dimitry Bertaud,COD,Montpellier,French Ligue 1,GK,Goalkeeper,26,360,21.0,11.0,10.0,8.8,-2.2,0,20.0,47.0,86.0,19.0,2967.7,27.0,1176.9,55.0,8.0,3.0,50.9,1
Dinko Horkaš,CRO,Las Palmas,Spanish La Liga,GK,Goalkeeper,26,1085,54.0,19.0,35.0,19.4,0.4,1,69.0,175.0,475.0,53.0,15436.3,47.0,2021.0,148.0,9.0,16.0,337.3,1
Diogo Costa,POR,Porto,UEFA Europa League,GK,Goalkeeper,25,900,38.0,15.0,23.0,12.3,-2.7,3,50.0,128.0,374.0,39.0,11561.4,51.0,1975.7,146.0,9.0,13.0,268.2,1
Dmytro Riznyk,UKR,Shakhtar,UEFA Champions League,GK,Goalkeeper,25,720,52.0,16.0,36.0,17.1,1.1,2,46.0,131.0,311.0,34.0,10437.9,54.0,2193.4,141.0,16.0,4.0,41.6,1
Dominik Greif,SVK,Mallorca,Spanish La Liga,GK,Goalkeeper,28,2790,116.0,34.0,83.0,33.7,-0.3,7,191.0,475.0,847.0,126.0,30846.1,193.0,9332.2,511.0,15.0,21.0,375.8,1
Dominik Kotarski,CRO,PAOK,UEFA Europa League,GK,Goalkeeper,25,900,45.0,14.0,32.0,16.9,2.9,3,38.0,132.0,349.0,34.0,11649.8,42.0,1958.1,135.0,3.0,8.0,164.7,1
Dominik Livaković,CRO,Fenerbahçe,UEFA Europa League,GK,Goalkeeper,29,540,34.0,9.0,24.0,10.0,1.0,0,35.0,107.0,225.0,32.0,7656.4,26.0,1294.9,73.0,3.0,6.0,132.9,1
Dominik Takáč,SVK,Slovan Bratislava,UEFA Champions League,GK,Goalkeeper,26,720,64.0,27.0,36.0,23.6,-3.4,0,34.0,101.0,157.0,39.0,5593.3,80.0,3009.2,163.0,11.0,0.0,0.0,1
Donovan Léon,GUF,Auxerre,French Ligue 1,GK,Goalkeeper,32,2880,164.0,48.0,118.0,56.0,8.0,9,213.0,649.0,935.0,173.0,39261.8,195.0,10990.4,518.0,28.0,39.0,714.3,1
Dávid Gróf,HUN,Ferencváros,UEFA Europa League,GK,Goalkeeper,35,180,9.0,3.0,6.0,2.4,-0.6,1,10.0,32.0,47.0,4.0,1867.6,7.0,396.2,33.0,2.0,1.0,20.0,1
Dénes Dibusz,HUN,Ferencváros,UEFA Europa League,GK,Goalkeeper,34,572,31.0,10.0,21.0,11.1,0.7,2,27.0,59.0,167.0,24.0,5050.3,29.0,1074.7,79.0,1.0,7.0,221.9,1
Ed McGinty,IRL,Shamrock Rov,UEFA Europa Conference League,GK,Goalkeeper,25,180,5.0,1.0,4.0,0.7,-0.3,1,6.0,16.0,48.0,16.0,1379.7,10.0,359.9,18.0,2.0,8.0,158.4,1
Ederson,BRA,Manchester City,"English Premier League, UEFA Champions League",GK,Goalkeeper,31,3040,125.0,46.0,80.0,46.8,0.8,11,90.0,207.0,1064.0,141.0,29412.4,106.0,3431.9,279.0,17.0,66.0,1383.8,1
Elia Caprile,ITA,"Cagliari, Napoli",Italian Serie A,GK,Goalkeeper,23,1945,74.0,23.0,51.0,25.7,2.7,8,143.0,357.0,628.0,102.0,22704.1,174.0,7653.5,297.0,21.0,26.0,512.5,1
Elías Rafn Ólafsson,ISL,Midtjylland,UEFA Europa League,GK,Goalkeeper,24,520,30.0,7.0,23.0,7.4,0.4,2,25.0,96.0,156.0,32.0,5890.8,49.0,2326.5,62.0,5.0,12.0,287.7,1
Emil Audero,IDN,Como,Italian Serie A,GK,Goalkeeper,27,720,34.0,18.0,16.0,12.4,-5.6,0,17.0,55.0,232.0,30.0,6643.6,21.0,578.4,95.0,5.0,8.0,122.6,1
Emiliano Martínez,ARG,Aston Villa,"English Premier League, UEFA Champions League",GK,Goalkeeper,32,4274,202.0,57.0,144.0,61.8,4.1,13,214.0,546.0,1634.0,173.0,49391.6,213.0,9871.3,612.0,69.0,43.0,828.3,1
Enrico Del Prato,ITA,Parma,Italian Serie A,GK,Goalkeeper,24,13,2.0,2.0,0.0,0.3,-1.7,0,0.0,12.0,12.0,1.0,548.4,3.0,150.0,8.0,1.0,0.0,0.0,1
Ersin Destanoğlu,TUR,Beşiktaş,UEFA Europa League,GK,Goalkeeper,23,270,17.0,5.0,12.0,4.7,-0.3,1,7.0,35.0,80.0,20.0,2690.3,26.0,850.2,39.0,4.0,1.0,15.3,1
Fabian Bredlow,GER,Stuttgart,UEFA Champions League,GK,Goalkeeper,29,90,6.0,4.0,2.0,3.3,-0.7,0,4.0,14.0,31.0,5.0,1181.1,2.0,25.0,8.0,0.0,2.0,47.4,1
Fabiano,BRA,AC Omonia,UEFA Europa Conference League,GK,Goalkeeper,36,630,33.0,9.0,23.0,11.3,2.3,2,24.0,68.0,105.0,24.0,3437.4,58.0,2567.4,111.0,6.0,1.0,12.8,1
Fabijan Buntić,CRO,Qarabağ,UEFA Europa League,GK,Goalkeeper,27,180,10.0,5.0,5.0,4.4,-0.6,0,1.0,6.0,31.0,7.0,817.9,6.0,213.0,17.0,1.0,2.0,34.5,1
Fabrice Ondoa,CMR,FK Rīgas FS,UEFA Europa League,GK,Goalkeeper,29,720,40.0,13.0,27.0,11.0,-2.0,1,33.0,110.0,194.0,30.0,7566.1,41.0,1867.1,129.0,6.0,4.0,62.6,1
Federico Ravaglia,ITA,Bologna,"Italian Serie A, UEFA Champions League",GK,Goalkeeper,25,1146,29.0,15.0,14.0,12.4,-2.6,5,53.0,154.0,471.0,51.0,14602.1,49.0,1945.7,104.0,11.0,9.0,144.8,1
Fernando Muslera,URU,Galatasaray,UEFA Europa League,GK,Goalkeeper,38,540,29.0,14.0,15.0,13.8,-0.2,0,25.0,61.0,168.0,25.0,5306.3,25.0,942.1,63.0,5.0,6.0,156.3,1
Filip Jørgensen,DEN,Chelsea,"English Premier League, UEFA Europa Conference League",GK,Goalkeeper,23,1620,77.0,18.0,59.0,23.2,5.2,6,20.0,77.0,599.0,93.0,13454.8,54.0,1252.9,154.0,16.0,14.0,242.5,1
Filip Manojlović,SRB,Borac Banja Luka,UEFA Europa Conference League,GK,Goalkeeper,28,810,39.0,9.0,29.0,13.5,4.5,4,40.0,87.0,181.0,53.0,5541.9,65.0,2893.5,133.0,8.0,7.0,144.3,1
Filip Stankovic,SRB,Venezia,Italian Serie A,GK,Goalkeeper,22,1367,83.0,23.0,60.0,25.3,2.3,0,48.0,161.0,433.0,51.0,13662.6,73.0,2503.7,249.0,12.0,13.0,190.4,1
Finn Dahmen,GER,Augsburg,German Bundesliga,GK,Goalkeeper,27,1710,82.0,19.0,65.0,24.2,5.2,9,129.0,341.0,614.0,51.0,21430.2,145.0,7713.7,337.0,9.0,26.0,432.2,1
Florian Müller,GER,Freiburg,German Bundesliga,GK,Goalkeeper,27,753,30.0,16.0,15.0,11.6,-4.4,2,54.0,166.0,267.0,28.0,9910.9,57.0,3291.7,104.0,6.0,9.0,142.2,1
Fran,ESP,Real Madrid,Spanish La Liga,GK,Goalkeeper,19,90,2.0,2.0,0.0,0.9,-1.1,0,1.0,2.0,16.0,3.0,384.0,4.0,59.2,5.0,1.0,1.0,12.0,1
Fran Vieites,ESP,Betis,"Spanish La Liga, UEFA Europa Conference League",GK,Goalkeeper,26,1080,26.0,12.0,14.0,8.5,-3.5,3,42.0,165.0,295.0,38.0,10836.6,76.0,3763.8,168.0,11.0,9.0,137.9,1
Francis Uzoho,NGA,AC Omonia,UEFA Europa Conference League,GK,Goalkeeper,26,90,4.0,1.0,3.0,1.5,0.5,0,15.0,29.0,19.0,1.0,896.8,16.0,809.6,18.0,1.0,0.0,0.0,1
Franco Israel,URU,Sporting CP,UEFA Champions League,GK,Goalkeeper,24,720,39.0,12.0,28.0,13.0,1.0,2,19.0,59.0,201.0,30.0,5288.4,59.0,2164.4,76.0,3.0,3.0,43.7,1
Frank Feller,GER,Heidenheim,"German Bundesliga, UEFA Europa Conference League",GK,Goalkeeper,21,301,14.0,4.0,10.0,5.1,1.1,2,22.0,71.0,158.0,17.0,5328.5,23.0,1243.6,54.0,1.0,7.0,110.9,1
Fraser Forster,ENG,Tottenham,"English Premier League, UEFA Europa League",GK,Goalkeeper,36,990,66.0,21.0,45.0,23.7,2.7,2,17.0,53.0,267.0,53.0,6827.3,86.0,1529.8,152.0,9.0,9.0,145.5,1
Frederik Rønnow,DEN,Union Berlin,German Bundesliga,GK,Goalkeeper,32,2520,111.0,37.0,71.0,39.3,2.3,8,143.0,395.0,734.0,135.0,25179.0,161.0,8738.2,483.0,40.0,35.0,657.1,1
Fyodor Lapoukhov,BLR,Dinamo Minsk,UEFA Europa Conference League,GK,Goalkeeper,21,540,30.0,13.0,16.0,11.5,-1.5,1,40.0,93.0,205.0,31.0,6638.8,39.0,2128.8,67.0,5.0,13.0,237.2,1
Gabriel Kobylak,POL,Legia Warsaw,UEFA Europa Conference League,GK,Goalkeeper,22,360,23.0,5.0,18.0,5.8,0.8,2,8.0,23.0,69.0,13.0,1971.5,24.0,726.3,47.0,2.0,1.0,16.3,1
Gauthier Gallon,FRA,Rennes,French Ligue 1,GK,Goalkeeper,31,45,0.0,0.0,0.0,0.0,0.0,1,0.0,3.0,15.0,2.0,357.0,4.0,105.2,2.0,0.0,1.0,28.0,1
Gautier Larsonneur,FRA,Saint-Étienne,French Ligue 1,GK,Goalkeeper,28,2970,206.0,77.0,129.0,73.5,-3.5,4,131.0,486.0,978.0,145.0,33974.5,205.0,8307.0,510.0,24.0,33.0,596.2,1
Gerónimo Rulli,ARG,Marseille,French Ligue 1,GK,Goalkeeper,32,3060,135.0,47.0,87.0,47.4,0.4,5,92.0,202.0,1097.0,133.0,26765.9,105.0,3431.3,309.0,28.0,59.0,1271.0,1
Gianluigi Donnarumma,ITA,Paris S-G,"French Ligue 1, UEFA Champions League",GK,Goalkeeper,26,3441,122.0,39.0,84.0,36.8,-2.6,10,76.0,233.0,886.0,148.0,23488.4,179.0,5770.3,362.0,24.0,33.0,568.8,1
Giorgi Mamardashvili,GEO,Valencia,Spanish La Liga,GK,Goalkeeper,24,3060,136.0,48.0,89.0,46.0,-2.0,8,141.0,449.0,859.0,134.0,29660.5,219.0,10857.1,472.0,33.0,38.0,758.0,1
Giuseppe Ciocci,ITA,Cagliari,Italian Serie A,GK,Goalkeeper,23,9,0.0,0.0,0.0,0.0,0.0,1,0.0,0.0,1.0,0.0,6.0,0.0,0.0,0.0,0.0,1.0,21.0,1
Gregor Kobel,SUI,Dortmund,"German Bundesliga, UEFA Champions League",GK,Goalkeeper,27,4050,186.0,66.0,121.0,64.9,-1.1,11,152.0,455.0,1525.0,185.0,43340.7,168.0,7040.3,544.0,28.0,67.0,1279.8,1
Grégoire Coudert,FRA,Brest,"French Ligue 1, UEFA Champions League",GK,Goalkeeper,26,270,22.0,12.0,11.0,8.5,-3.5,0,13.0,40.0,89.0,16.0,2934.3,16.0,798.8,38.0,3.0,5.0,93.9,1
Guglielmo Vicario,ITA,Tottenham,"English Premier League, UEFA Europa League",GK,Goalkeeper,28,2970,132.0,42.0,93.0,44.3,2.3,8,55.0,176.0,1038.0,154.0,25143.3,115.0,3434.4,438.0,42.0,37.0,666.2,1
Guillaume Restes,FRA,Toulouse,French Ligue 1,GK,Goalkeeper,20,2543,92.0,36.0,58.0,27.9,-8.8,8,80.0,286.0,675.0,83.0,20478.0,135.0,5781.1,360.0,5.0,34.0,682.0,1
Günay Güvenç,NAN,Galatasaray,UEFA Europa League,GK,Goalkeeper,33,360,25.0,8.0,17.0,9.6,1.6,0,14.0,25.0,128.0,15.0,3400.3,17.0,427.2,36.0,2.0,6.0,98.8,1
Hendrik Bonmann,GER,Ludogorets,UEFA Europa League,GK,Goalkeeper,31,360,24.0,4.0,20.0,6.7,2.7,2,27.0,79.0,167.0,20.0,5612.6,33.0,1593.1,77.0,7.0,3.0,44.4,1
Heorhiy Bushchan,UKR,Dynamo Kyiv,UEFA Europa League,GK,Goalkeeper,30,450,44.0,14.0,29.0,14.5,0.5,0,25.0,76.0,167.0,28.0,5984.4,19.0,987.0,70.0,3.0,4.0,64.0,1
Hervé Koffi,BFA,Lens,French Ligue 1,GK,Goalkeeper,28,450,26.0,8.0,18.0,11.0,3.0,0,14.0,42.0,115.0,22.0,3822.1,19.0,692.2,53.0,4.0,2.0,21.6,1
Hákon Rafn Valdimarsson,ISL,Brentford,English Premier League,GK,Goalkeeper,23,145,4.0,2.0,3.0,0.5,-1.5,1,15.0,38.0,54.0,7.0,1883.7,16.0,947.8,16.0,2.0,0.0,0.0,1
Ingvar Jónsson,ISL,KV,UEFA Europa Conference League,GK,Goalkeeper,35,720,38.0,11.0,27.0,13.7,2.7,2,41.0,117.0,286.0,29.0,9527.4,39.0,1571.7,125.0,7.0,18.0,328.8,1
Ionuț Radu,ROU,Venezia,Italian Serie A,GK,Goalkeeper,27,1350,65.0,18.0,47.0,19.2,1.2,4,67.0,275.0,470.0,61.0,18888.5,73.0,4034.2,215.0,13.0,3.0,39.9,1
Isak Pettersson,SWE,Elfsborg,UEFA Europa League,GK,Goalkeeper,27,720,46.0,14.0,34.0,13.9,-0.1,3,39.0,182.0,212.0,32.0,9082.1,68.0,3876.8,174.0,9.0,5.0,86.2,1
Ivan Guteša,SRB,Red Star,UEFA Champions League,GK,Goalkeeper,22,270,15.0,3.0,12.0,4.9,1.9,1,20.0,52.0,62.0,12.0,2391.4,30.0,1450.7,38.0,1.0,1.0,14.8,1
Ivan Nevistić,CRO,Dinamo Zagreb,UEFA Champions League,GK,Goalkeeper,26,450,34.0,15.0,19.0,14.9,-0.1,1,26.0,78.0,132.0,13.0,4728.4,34.0,1369.0,75.0,1.0,0.0,0.0,1
Ivan Provedel,ITA,Lazio,"Italian Serie A, UEFA Europa League",GK,Goalkeeper,31,2880,106.0,44.0,64.0,34.9,-9.1,6,164.0,427.0,1111.0,109.0,37585.5,121.0,5726.0,414.0,31.0,33.0,672.9,1
Ivica Ivušić,CRO,Pafos FC,UEFA Europa Conference League,GK,Goalkeeper,30,810,24.0,10.0,14.0,9.9,-0.1,3,28.0,85.0,225.0,37.0,7140.7,36.0,1111.5,88.0,5.0,10.0,189.9,1
Iván Villar,ESP,Celta Vigo,Spanish La Liga,GK,Goalkeeper,27,360,18.0,9.0,10.0,8.2,-0.8,0,3.0,22.0,82.0,15.0,1964.3,35.0,939.4,65.0,1.0,5.0,115.2,1
Iñaki Peña,ESP,Barcelona,"Spanish La Liga, UEFA Champions League",GK,Goalkeeper,26,1846,61.0,23.0,38.0,20.7,-2.3,7,28.0,103.0,690.0,94.0,17080.3,102.0,3153.4,188.0,5.0,104.0,2518.4,1
Jack Butland,ENG,Rangers,UEFA Europa League,GK,Goalkeeper,32,900,37.0,13.0,25.0,11.8,-1.2,2,66.0,175.0,262.0,36.0,9957.3,80.0,4083.6,166.0,7.0,4.0,65.1,1
Jacob Karlstrom,NOR,Molde,UEFA Europa Conference League,GK,Goalkeeper,28,360,16.0,5.0,11.0,6.2,1.2,1,11.0,46.0,222.0,20.0,6055.1,23.0,792.5,82.0,6.0,10.0,195.0,1
Jacob Rinne,SWE,Djurgården,UEFA Europa Conference League,GK,Goalkeeper,31,735,29.0,11.0,20.0,8.8,-2.2,2,29.0,100.0,220.0,28.0,7139.2,55.0,2307.2,116.0,8.0,9.0,172.9,1
Jacopo Seghetti,ITA,Empoli,Italian Serie A,GK,Goalkeeper,19,90,6.0,3.0,3.0,1.9,-1.1,0,3.0,9.0,16.0,5.0,540.8,5.0,195.0,4.0,0.0,1.0,26.0,1
Jakub Stolarczyk,POL,Leicester City,English Premier League,GK,Goalkeeper,24,900,44.0,16.0,28.0,15.4,-0.6,2,57.0,195.0,328.0,36.0,11223.7,58.0,2909.6,169.0,10.0,8.0,182.0,1
Jan Oblak,SVN,Atlético Madrid,"Spanish La Liga, UEFA Champions League",GK,Goalkeeper,32,4140,160.0,44.0,118.0,40.4,-3.6,17,136.0,353.0,842.0,232.0,25800.1,330.0,12423.2,596.0,42.0,33.0,645.9,1
Janis Blaswich,GER,RB Salzburg,UEFA Champions League,GK,Goalkeeper,33,381,25.0,14.0,11.0,10.0,-4.0,0,14.0,44.0,105.0,13.0,3216.2,27.0,1041.8,48.0,1.0,6.0,100.2,1
Jason Steele,ENG,Brighton,English Premier League,GK,Goalkeeper,34,180,4.0,1.0,3.0,0.4,-0.6,1,7.0,16.0,110.0,7.0,2766.0,2.0,86.0,22.0,2.0,3.0,47.9,1
Jasper Cillessen,NED,Las Palmas,Spanish La Liga,GK,Goalkeeper,35,2335,128.0,42.0,85.0,43.9,1.8,3,124.0,409.0,806.0,142.0,27764.3,179.0,7722.4,413.0,13.0,20.0,389.2,1
Jay Gorter,NED,Ajax,UEFA Europa League,GK,Goalkeeper,24,67,3.0,2.0,1.0,1.0,-1.0,0,3.0,6.0,27.0,3.0,726.3,2.0,89.0,6.0,0.0,0.0,0.0,1
Jean Butez,FRA,Como,Italian Serie A,GK,Goalkeeper,29,1666,68.0,20.0,48.0,19.8,-0.2,5,90.0,235.0,709.0,92.0,22701.6,43.0,1836.4,190.0,22.0,51.0,1072.7,1
Jeroen Zoet,NED,AZ Alkmaar,UEFA Europa League,GK,Goalkeeper,33,90,5.0,1.0,4.0,2.6,1.6,0,5.0,22.0,25.0,5.0,970.0,10.0,498.0,25.0,2.0,0.0,0.0,1
Jesse Joronen,FIN,Venezia,Italian Serie A,GK,Goalkeeper,31,703,40.0,15.0,27.0,12.6,-2.4,2,20.0,84.0,260.0,46.0,8052.7,41.0,1430.0,125.0,6.0,5.0,56.8,1
Jesús Owono,EQG,Alavés,Spanish La Liga,GK,Goalkeeper,24,487,14.0,7.0,7.0,5.4,-1.6,0,46.0,105.0,126.0,12.0,5417.2,36.0,2431.8,66.0,6.0,2.0,24.0,1
Joakim Persson,SWE,Malmö,UEFA Europa League,GK,Goalkeeper,17,90,5.0,2.0,3.0,1.2,-0.8,0,4.0,14.0,24.0,6.0,801.6,5.0,269.0,14.0,1.0,0.0,0.0,1
Joan García,ESP,Espanyol,Spanish La Liga,GK,Goalkeeper,24,3420,192.0,51.0,140.0,57.8,6.8,8,194.0,526.0,1040.0,197.0,36156.5,216.0,10471.4,670.0,64.0,35.0,552.0,1
Joe Lumley,ENG,Southampton,English Premier League,GK,Goalkeeper,29,270,20.0,7.0,13.0,7.7,0.7,0,15.0,50.0,135.0,14.0,4053.5,15.0,360.3,56.0,2.0,7.0,187.8,1
Joel Drommel,NED,PSV Eindhoven,UEFA Champions League,GK,Goalkeeper,27,90,6.0,3.0,3.0,3.3,0.3,0,7.0,14.0,40.0,4.0,1300.0,5.0,164.0,11.0,0.0,0.0,0.0,1
Johan Dahlin,SWE,Malmö,UEFA Europa League,GK,Goalkeeper,38,225,11.0,4.0,7.0,3.3,-0.7,0,1.0,13.0,37.0,10.0,949.2,25.0,686.1,25.0,1.0,2.0,60.0,1
Jonas Lössl,DEN,Midtjylland,UEFA Europa League,GK,Goalkeeper,36,380,24.0,9.0,15.0,8.3,-0.7,2,37.0,80.0,143.0,13.0,5438.0,30.0,1306.6,56.0,3.0,5.0,78.4,1
Jonas Omlin,SUI,Gladbach,German Bundesliga,GK,Goalkeeper,31,979,72.0,26.0,45.0,23.9,-2.1,1,68.0,190.0,453.0,46.0,14838.5,57.0,2520.2,166.0,3.0,13.0,271.9,1
Jonas Urbig,GER,Bayern Munich,"German Bundesliga, UEFA Champions League",GK,Goalkeeper,21,1023,40.0,16.0,24.0,13.3,-2.7,4,40.0,126.0,376.0,41.0,12335.0,27.0,1234.4,123.0,5.0,27.0,567.6,1
Jordan Pickford,ENG,Everton,English Premier League,GK,Goalkeeper,31,3420,163.0,44.0,117.0,49.2,5.2,12,304.0,806.0,1355.0,161.0,53839.8,231.0,11244.4,558.0,31.0,57.0,1091.6,1
Josep Martinez,ESP,Inter,"Italian Serie A, UEFA Champions League",GK,Goalkeeper,26,540,19.0,3.0,16.0,4.3,1.3,4,26.0,57.0,261.0,22.0,7342.8,28.0,915.1,96.0,4.0,3.0,67.0,1
Josip Condric,CRO,Astana FK,UEFA Europa Conference League,GK,Goalkeeper,31,270,16.0,2.0,14.0,4.2,2.2,1,17.0,67.0,91.0,18.0,3203.5,43.0,2194.7,53.0,0.0,3.0,64.7,1
José Sá,POR,Wolves,English Premier League,GK,Goalkeeper,32,2609,117.0,48.0,69.0,42.7,-5.3,7,94.0,382.0,771.0,121.0,27152.4,150.0,6223.9,432.0,32.0,43.0,789.7,1
Juan Musso,ARG,"Atalanta, Atlético Madrid","Italian Serie A, Spanish La Liga",GK,Goalkeeper,31,270,6.0,0.0,6.0,0.8,0.8,3,5.0,29.0,65.0,15.0,1733.6,27.0,1123.2,38.0,2.0,1.0,17.5,1
Juan Soriano,ESP,Leganés,Spanish La Liga,GK,Goalkeeper,27,540,25.0,7.0,19.0,8.8,1.8,1,36.0,120.0,131.0,20.0,5755.3,54.0,3390.1,130.0,7.0,0.0,0.0,1
Julen Agirrezabala,ESP,Athletic Club,"Spanish La Liga, UEFA Europa League",GK,Goalkeeper,24,2376,79.0,26.0,52.0,28.0,1.9,10,111.0,323.0,598.0,88.0,20655.0,119.0,6407.2,256.0,26.0,31.0,576.0,1
Justin Bijlow,NED,Feyenoord,UEFA Champions League,GK,Goalkeeper,27,125,8.0,1.0,7.0,2.8,1.8,1,9.0,29.0,39.0,2.0,1548.7,18.0,978.8,40.0,3.0,0.0,0.0,1
Jörg Siebenhandl,AUT,LASK,UEFA Europa Conference League,GK,Goalkeeper,34,276,11.0,4.0,7.0,4.2,0.2,1,3.0,9.0,61.0,12.0,1396.5,11.0,213.9,33.0,1.0,6.0,118.6,1
Kacper Tobiasz,POL,Legia Warsaw,UEFA Europa Conference League,GK,Goalkeeper,22,360,18.0,3.0,14.0,5.7,2.7,3,17.0,49.0,95.0,15.0,3369.6,26.0,985.8,69.0,4.0,4.0,54.4,1
Kamil Grabara,POL,Wolfsburg,German Bundesliga,GK,Goalkeeper,26,2585,137.0,49.0,88.0,49.9,-0.1,5,186.0,511.0,979.0,114.0,35898.8,154.0,7987.8,413.0,15.0,19.0,306.5,1
Karl Jakob Hein,EST,Valladolid,Spanish La Liga,GK,Goalkeeper,23,2790,163.0,68.0,96.0,58.6,-9.4,5,165.0,452.0,941.0,136.0,31889.4,224.0,11583.8,474.0,34.0,34.0,680.9,1
Karl-Johan Johnsson,SWE,Strasbourg,French Ligue 1,GK,Goalkeeper,34,270,22.0,6.0,16.0,6.7,0.7,0,6.0,22.0,122.0,21.0,2909.9,7.0,277.8,48.0,2.0,3.0,36.0,1
Kasper Schmeichel,DEN,Celtic,UEFA Champions League,GK,Goalkeeper,38,900,54.0,17.0,38.0,17.5,0.5,3,24.0,59.0,332.0,43.0,8622.9,66.0,1963.9,156.0,2.0,5.0,77.1,1
Kauã Santos,BRA,Eint Frankfurt,"German Bundesliga, UEFA Europa League",GK,Goalkeeper,22,1215,77.0,19.0,58.0,21.8,2.8,3,61.0,185.0,405.0,58.0,13273.6,69.0,3014.5,209.0,28.0,21.0,341.3,1
Kepa Arrizabalaga,ESP,Bournemouth,English Premier League,GK,Goalkeeper,30,2790,134.0,39.0,95.0,40.9,1.9,8,132.0,365.0,831.0,122.0,27368.9,192.0,7433.7,367.0,22.0,54.0,1112.5,1
Kevin Müller,GER,Heidenheim,"German Bundesliga, UEFA Europa Conference League",GK,Goalkeeper,34,3389,190.0,68.0,122.0,65.6,-2.7,9,174.0,484.0,1187.0,175.0,39662.6,315.0,12012.1,537.0,27.0,25.0,402.2,1
Kevin Trapp,GER,Eint Frankfurt,"German Bundesliga, UEFA Europa League",GK,Goalkeeper,34,2925,137.0,41.0,96.0,41.5,0.4,9,110.0,374.0,998.0,146.0,29456.7,178.0,6647.9,514.0,29.0,34.0,630.8,1
Kjell Scherpen,NED,Sturm Graz,UEFA Champions League,GK,Goalkeeper,25,540,35.0,11.0,24.0,12.6,1.6,1,28.0,93.0,161.0,19.0,5988.6,40.0,1983.4,105.0,8.0,4.0,46.9,1
Kjetil Haug,NOR,Toulouse,French Ligue 1,GK,Goalkeeper,26,498,16.0,7.0,9.0,6.8,-0.2,1,16.0,60.0,95.0,13.0,3235.4,35.0,1718.0,72.0,5.0,3.0,50.3,1
Kostas Tzolakis,GRE,Olympiacos,UEFA Europa League,GK,Goalkeeper,22,897,34.0,7.0,27.0,10.1,3.1,6,56.0,169.0,222.0,45.0,9715.8,44.0,2375.1,81.0,11.0,34.0,723.7,1
Krapyvtsov Vladyslav,UKR,Girona,Spanish La Liga,GK,Goalkeeper,19,180,18.0,7.0,11.0,6.3,-0.7,0,10.0,21.0,63.0,13.0,2242.1,7.0,200.2,27.0,1.0,1.0,16.8,1
Lars Unnerstall,GER,Twente,UEFA Europa League,GK,Goalkeeper,34,730,36.0,11.0,26.0,9.9,-1.1,2,37.0,115.0,234.0,32.0,8189.2,41.0,1260.7,104.0,4.0,11.0,179.4,1
Lasse Rieß,GER,Mainz 05,German Bundesliga,GK,Goalkeeper,23,180,8.0,2.0,6.0,2.2,0.2,0,13.0,43.0,72.0,7.0,2992.8,12.0,547.2,23.0,2.0,8.0,146.8,1
Lawrence Ati-Zigi,GHA,St. Gallen,UEFA Europa Conference League,GK,Goalkeeper,28,540,50.0,18.0,33.0,15.6,-2.4,0,27.0,57.0,193.0,27.0,5704.4,40.0,1162.3,81.0,6.0,8.0,150.5,1
Leandro Chichizola,ARG,Parma,Italian Serie A,GK,Goalkeeper,34,90,6.0,3.0,3.0,2.5,-0.5,0,3.0,16.0,41.0,5.0,1389.9,8.0,275.2,21.0,2.0,2.0,32.6,1
Leo Román,ESP,Mallorca,Spanish La Liga,GK,Goalkeeper,24,630,49.0,10.0,39.0,13.5,3.5,2,48.0,139.0,188.0,18.0,7861.5,52.0,2988.7,127.0,8.0,6.0,68.6,1
Liam Kelly,SCO,Rangers,UEFA Europa League,GK,Goalkeeper,29,180,6.0,2.0,3.0,3.1,1.1,1,11.0,42.0,53.0,8.0,2200.8,19.0,1088.1,49.0,4.0,4.0,67.4,1
Lorenzo Montipò,ITA,Hellas Verona,Italian Serie A,GK,Goalkeeper,29,3240,161.0,64.0,97.0,50.7,-13.3,8,210.0,720.0,760.0,91.0,33159.0,298.0,17660.0,498.0,30.0,23.0,337.4,1
Lorenzo Torriani,ITA,Milan,UEFA Champions League,GK,Goalkeeper,19,40,4.0,1.0,3.0,1.4,0.4,0,0.0,2.0,12.0,1.0,381.6,3.0,60.0,4.0,0.0,0.0,0.0,1
Lovro Štubljar,SVN,NK Celje,UEFA Europa Conference League,GK,Goalkeeper,20,180,12.0,5.0,6.0,3.9,-1.1,0,19.0,37.0,57.0,13.0,2172.3,20.0,940.6,29.0,4.0,0.0,0.0,1
Luca Philipp,GER,Hoffenheim,"German Bundesliga, UEFA Europa League",GK,Goalkeeper,24,630,41.0,18.0,24.0,13.4,-4.6,0,37.0,117.0,182.0,25.0,7111.9,45.0,1860.1,108.0,4.0,5.0,84.9,1
Lucas Chevalier,FRA,Lille,"French Ligue 1, UEFA Champions League",GK,Goalkeeper,23,3960,171.0,49.0,123.0,57.7,8.7,12,156.0,413.0,1271.0,178.0,38607.4,148.0,5798.8,485.0,26.0,27.0,464.7,1
Lucas Perri,BRA,Lyon,"French Ligue 1, UEFA Europa League",GK,Goalkeeper,27,3960,208.0,58.0,150.0,65.1,7.1,13,137.0,439.0,1223.0,226.0,37846.7,211.0,7724.7,545.0,37.0,34.0,637.3,1
Luiz Lúcio Reis Júnior,BRA,Villarreal,Spanish La Liga,GK,Goalkeeper,24,1458,66.0,18.0,48.0,17.9,-0.1,6,61.0,178.0,392.0,96.0,12387.4,99.0,4316.3,256.0,16.0,20.0,353.0,1
Lukas Jungwirth,AUT,LASK,UEFA Europa Conference League,GK,Goalkeeper,20,262,19.0,10.0,10.0,8.3,-1.7,0,11.0,31.0,87.0,14.0,2577.1,19.0,773.3,58.0,7.0,1.0,15.7,1
Lukáš Horníček,CZE,Braga,UEFA Europa League,GK,Goalkeeper,22,290,16.0,4.0,12.0,5.1,1.1,1,12.0,41.0,91.0,13.0,3125.2,16.0,525.0,53.0,2.0,9.0,139.8,1
Lukáš Hrádecký,FIN,Leverkusen,"German Bundesliga, UEFA Champions League",GK,Goalkeeper,35,2970,139.0,44.0,98.0,42.2,-1.8,8,133.0,343.0,888.0,125.0,27647.6,156.0,6310.6,339.0,13.0,46.0,955.1,1
Lukáš Zima,CZE,FCSB,UEFA Europa League,GK,Goalkeeper,31,90,6.0,4.0,2.0,3.2,-0.8,0,2.0,6.0,19.0,5.0,547.2,6.0,166.2,10.0,0.0,0.0,0.0,1
Léon-Maurice Pöhls,GER,Shamrock Rov,UEFA Europa Conference League,GK,Goalkeeper,27,540,23.0,9.0,14.0,7.9,-1.1,1,16.0,63.0,104.0,22.0,3602.4,41.0,1723.5,114.0,2.0,4.0,63.0,1
Maarten Vandevoordt,BEL,RB Leipzig,"German Bundesliga, UEFA Champions League",GK,Goalkeeper,23,609,28.0,11.0,17.0,8.8,-2.2,2,23.0,66.0,192.0,34.0,5511.0,47.0,2008.1,102.0,8.0,16.0,309.4,1
Mads Hermansen,DEN,Leicester City,English Premier League,GK,Goalkeeper,24,2385,155.0,58.0,99.0,56.3,-1.7,1,114.0,471.0,926.0,133.0,32029.4,143.0,7363.8,419.0,26.0,26.0,477.5,1
Mads Kikkenborg,DEN,Anderlecht,UEFA Europa League,GK,Goalkeeper,25,90,5.0,4.0,2.0,2.5,-1.5,0,5.0,9.0,27.0,2.0,780.3,5.0,99.0,8.0,0.0,1.0,11.8,1
Maduka Okoye,NGA,Udinese,Italian Serie A,GK,Goalkeeper,25,2250,110.0,40.0,73.0,37.2,-2.8,4,120.0,292.0,776.0,80.0,23418.7,99.0,4678.2,315.0,14.0,23.0,400.5,1
Malkolm Nilsson,SWE,Djurgården,UEFA Europa Conference League,GK,Goalkeeper,31,165,7.0,1.0,6.0,1.7,0.6,0,7.0,29.0,39.0,6.0,1441.5,17.0,915.6,39.0,1.0,0.0,0.0,1
Manolis Saliakas,GRE,St. Pauli,German Bundesliga,GK,Goalkeeper,28,1,0.0,0.0,0.0,0.0,0.0,1,0.0,0.0,2.0,0.0,60.0,0.0,0.0,0.0,0.0,0.0,0.0,1
Manuel Neuer,GER,Bayern Munich,"German Bundesliga, UEFA Champions League",GK,Goalkeeper,39,2802,66.0,26.0,40.0,23.5,-2.9,15,138.0,283.0,1234.0,125.0,34508.8,81.0,2835.2,210.0,7.0,68.0,1793.5,1
Marc-André ter Stegen,GER,Barcelona,"Spanish La Liga, UEFA Champions League",GK,Goalkeeper,33,764,30.0,11.0,19.0,8.5,-2.5,1,19.0,44.0,274.0,52.0,7445.0,33.0,1155.2,99.0,9.0,22.0,411.2,1
Marcin Bułka,POL,Nice,"French Ligue 1, UEFA Europa League",GK,Goalkeeper,25,3600,197.0,55.0,143.0,54.8,-0.2,8,129.0,314.0,1122.0,203.0,31868.8,194.0,6214.3,536.0,46.0,50.0,896.2,1
Marco Bizot,NED,Brest,"French Ligue 1, UEFA Champions League",GK,Goalkeeper,34,3690,171.0,68.0,104.0,59.9,-8.1,12,298.0,696.0,1134.0,167.0,42767.3,254.0,12664.8,570.0,44.0,69.0,1372.9,1
Marco Carnesecchi,ITA,Atalanta,"Italian Serie A, UEFA Champions League",GK,Goalkeeper,24,3870,152.0,43.0,111.0,43.3,0.3,18,161.0,488.0,1084.0,199.0,35487.1,253.0,12525.6,379.0,23.0,60.0,1074.7,1
Marco Silvestri,ITA,Empoli,Italian Serie A,GK,Goalkeeper,34,450,27.0,11.0,17.0,8.0,-3.0,0,35.0,85.0,135.0,16.0,5646.6,13.0,328.0,62.0,1.0,4.0,51.0,1
Marco Sportiello,ITA,Milan,Italian Serie A,GK,Goalkeeper,32,126,6.0,2.0,4.0,2.1,0.1,1,5.0,13.0,46.0,8.0,1277.1,14.0,429.2,15.0,1.0,3.0,98.1,1
Marius Müller,GER,Wolfsburg,German Bundesliga,GK,Goalkeeper,31,475,23.0,5.0,18.0,7.6,2.6,1,37.0,97.0,184.0,29.0,6738.9,34.0,1745.4,99.0,9.0,3.0,43.6,1
Mark Flekken,NED,Brentford,English Premier League,GK,Goalkeeper,31,3275,203.0,55.0,150.0,52.6,-3.1,7,249.0,659.0,1498.0,122.0,51602.8,212.0,11629.9,581.0,46.0,34.0,503.0,1
Mark Travers,IRL,Bournemouth,English Premier League,GK,Goalkeeper,25,450,25.0,5.0,20.0,9.4,4.4,1,33.0,73.0,103.0,29.0,3736.6,39.0,2177.1,63.0,1.0,5.0,74.1,1
Marko Dmitrović,SRB,Leganés,Spanish La Liga,GK,Goalkeeper,33,2880,150.0,49.0,103.0,50.1,1.1,10,201.0,765.0,743.0,112.0,35050.3,303.0,20053.3,579.0,49.0,53.0,906.6,1
Marko Ilić,SRB,Red Star,UEFA Champions League,GK,Goalkeeper,26,180,17.0,10.0,7.0,8.7,-1.3,0,12.0,45.0,37.0,6.0,1699.5,25.0,1330.4,29.0,2.0,0.0,0.0,1
Martin Dúbravka,SVK,Newcastle Utd,English Premier League,GK,Goalkeeper,36,900,41.0,12.0,29.0,12.8,0.8,5,18.0,80.0,273.0,54.0,6892.7,59.0,2676.4,127.0,10.0,11.0,223.0,1
Martin Jedlička,CZE,Viktoria Plzeň,UEFA Europa League,GK,Goalkeeper,27,1080,59.0,16.0,42.0,20.4,4.4,3,71.0,203.0,292.0,32.0,12038.7,68.0,3638.9,176.0,10.0,13.0,296.5,1
Marvin Keller,SUI,Young Boys,UEFA Champions League,GK,Goalkeeper,22,360,24.0,9.0,16.0,7.7,-1.3,0,12.0,53.0,165.0,19.0,5194.4,11.0,478.0,76.0,0.0,2.0,30.6,1
Matej Kovar,CZE,Leverkusen,"German Bundesliga, UEFA Champions League",GK,Goalkeeper,24,990,29.0,11.0,19.0,8.9,-2.1,6,42.0,92.0,294.0,37.0,8589.8,44.0,1676.6,109.0,7.0,9.0,177.4,1
Mateusz Kochalski,POL,Qarabağ,UEFA Europa League,GK,Goalkeeper,24,540,43.0,15.0,28.0,16.9,1.9,0,22.0,83.0,191.0,21.0,6399.1,30.0,1387.0,67.0,3.0,6.0,106.1,1
Matevž Vidovšek,SVN,Olimpija,UEFA Europa Conference League,GK,Goalkeeper,25,720,34.0,7.0,25.0,11.8,4.8,5,34.0,80.0,198.0,34.0,6572.3,51.0,1851.0,137.0,9.0,6.0,126.5,1
Matheus,BRA,"Ajax, Braga",UEFA Europa League,GK,Goalkeeper,32,517,32.0,12.0,20.0,10.0,-2.0,1,16.0,48.0,208.0,21.0,6063.7,35.0,951.5,85.0,4.0,15.0,350.4,1
Mathew Ryan,AUS,Lens,French Ligue 1,GK,Goalkeeper,33,1260,62.0,17.0,44.0,19.5,2.5,6,46.0,135.0,342.0,79.0,11050.5,66.0,2326.2,176.0,20.0,10.0,175.9,1
Mathieu Gorgelin,FRA,Le Havre,French Ligue 1,GK,Goalkeeper,34,1440,82.0,33.0,50.0,34.3,1.3,1,79.0,183.0,435.0,75.0,14081.8,99.0,3428.1,269.0,21.0,8.0,133.8,1
Matjaž Rozman,SVN,NK Celje,UEFA Europa Conference League,GK,Goalkeeper,37,360,20.0,8.0,12.0,6.9,-1.1,0,15.0,35.0,98.0,20.0,2966.1,32.0,996.4,53.0,1.0,0.0,0.0,1
Matouš Trmal,CZE,Mladá Boleslav,UEFA Europa Conference League,GK,Goalkeeper,26,540,39.0,10.0,30.0,10.6,0.6,1,19.0,83.0,196.0,33.0,6087.3,44.0,2233.0,88.0,7.0,6.0,99.7,1
Mattia Perin,ITA,Juventus,"Italian Serie A, UEFA Champions League",GK,Goalkeeper,32,660,37.0,7.0,29.0,10.7,3.7,3,19.0,63.0,243.0,47.0,7071.3,23.0,937.6,91.0,5.0,4.0,87.5,1
Matvei Safonov,RUS,Paris S-G,"French Ligue 1, UEFA Champions League",GK,Goalkeeper,26,1059,33.0,10.0,24.0,9.2,-0.8,4,41.0,111.0,312.0,51.0,9319.4,58.0,1867.6,109.0,7.0,18.0,367.6,1
Matz Sels,BEL,Nott'ham Forest,English Premier League,GK,Goalkeeper,33,3420,165.0,46.0,119.0,49.0,3.0,13,244.0,698.0,715.0,83.0,31936.7,270.0,14657.3,710.0,19.0,12.0,195.7,1
Maxime Delanghe,BEL,Cercle Brugge,UEFA Europa Conference League,GK,Goalkeeper,23,599,29.0,10.0,19.0,10.4,0.4,2,50.0,162.0,146.0,8.0,7324.0,43.0,2749.9,82.0,5.0,6.0,145.6,1
Maxime Dupé,FRA,Nice,UEFA Europa League,GK,Goalkeeper,31,180,8.0,2.0,6.0,2.2,0.2,0,4.0,7.0,52.0,12.0,1244.3,13.0,320.8,19.0,1.0,1.0,19.0,1
Melvin Zinga,FRA,Angers,French Ligue 1,GK,Goalkeeper,23,90,4.0,2.0,2.0,2.4,0.4,0,2.0,11.0,22.0,4.0,858.0,11.0,281.6,20.0,1.0,2.0,33.6,1
Mert Günok,TUR,Beşiktaş,UEFA Europa League,GK,Goalkeeper,35,450,32.0,10.0,22.0,13.2,3.2,0,18.0,61.0,131.0,27.0,4499.6,34.0,1257.2,70.0,3.0,1.0,14.0,1
Michael Zetterer,GER,Werder Bremen,German Bundesliga,GK,Goalkeeper,29,3060,156.0,57.0,102.0,53.1,-3.9,10,134.0,370.0,1204.0,188.0,38358.8,107.0,3934.5,464.0,35.0,34.0,643.5,1
Michele Di Gregorio,ITA,Juventus,"Italian Serie A, UEFA Champions League",GK,Goalkeeper,27,3658,130.0,39.0,91.0,36.9,-2.1,17,159.0,423.0,1067.0,167.0,33592.9,185.0,8410.6,561.0,35.0,34.0,691.1,1
Mike Maignan,FRA,Milan,"Italian Serie A, UEFA Champions League",GK,Goalkeeper,29,4154,185.0,53.0,134.0,47.5,-5.7,13,144.0,377.0,1664.0,211.0,45804.9,238.0,9281.5,543.0,33.0,85.0,1946.8,1
Mile Svilar,SRB,Roma,"Italian Serie A, UEFA Europa League",GK,Goalkeeper,25,4500,190.0,48.0,144.0,56.4,8.4,19,178.0,553.0,1632.0,224.0,49650.8,280.0,12591.2,662.0,44.0,46.0,781.8,1
Moritz Nicolas,GER,Gladbach,German Bundesliga,GK,Goalkeeper,27,1639,92.0,25.0,69.0,29.9,4.7,4,95.0,199.0,734.0,88.0,20723.3,60.0,2389.2,319.0,18.0,14.0,294.8,1
Muhammed Şengezer,TUR,Başakşehir,UEFA Europa Conference League,GK,Goalkeeper,27,360,23.0,5.0,18.0,6.9,1.9,0,25.0,86.0,142.0,12.0,5874.2,16.0,781.9,58.0,6.0,3.0,55.5,1
Mukhammedzhan Seysen,KAZ,Astana FK,UEFA Europa Conference League,GK,Goalkeeper,25,180,25.0,4.0,21.0,6.5,2.5,0,7.0,38.0,53.0,12.0,1802.1,25.0,1313.0,47.0,3.0,3.0,56.4,1
Nathan Trott,ENG,FC Copenhagen,UEFA Europa Conference League,GK,Goalkeeper,26,450,21.0,8.0,13.0,6.9,-1.1,1,12.0,38.0,142.0,12.0,3761.8,17.0,445.4,42.0,1.0,1.0,9.3,1
Nediljko Labrović,CRO,Augsburg,German Bundesliga,GK,Goalkeeper,25,1350,74.0,32.0,42.0,25.7,-6.3,2,83.0,220.0,397.0,72.0,13955.1,105.0,4981.0,217.0,12.0,18.0,307.8,1
Neofytos Michael,CYP,Pafos FC,UEFA Europa Conference League,GK,Goalkeeper,31,90,5.0,2.0,3.0,1.9,-0.1,0,1.0,2.0,21.0,5.0,441.0,6.0,109.2,4.0,0.0,0.0,0.0,1
Neto,BRA,"Arsenal, Bournemouth","English Premier League, UEFA Champions League",GK,Goalkeeper,35,270,16.0,3.0,13.0,4.7,1.7,0,13.0,39.0,82.0,14.0,2830.3,17.0,661.9,38.0,4.0,8.0,134.3,1
Nick Pope,ENG,Newcastle Utd,English Premier League,GK,Goalkeeper,33,2520,120.0,35.0,86.0,34.9,-0.1,8,72.0,257.0,595.0,192.0,18255.4,187.0,8163.4,359.0,39.0,64.0,1236.5,1
Nicola Leali,ITA,Genoa,Italian Serie A,GK,Goalkeeper,32,2610,111.0,31.0,82.0,34.2,3.2,10,150.0,391.0,722.0,112.0,24487.5,214.0,8792.3,390.0,21.0,14.0,247.2,1
Nikita Haikin,RUS,Bodø/Glimt,UEFA Europa League,GK,Goalkeeper,29,1440,87.0,25.0,62.0,29.3,4.3,3,79.0,224.0,638.0,76.0,20323.6,86.0,3462.5,294.0,14.0,23.0,412.0,1
Niklas Hedl,AUT,Rapid Wien,UEFA Europa Conference League,GK,Goalkeeper,24,900,43.0,11.0,32.0,12.3,1.3,4,27.0,85.0,277.0,42.0,7782.5,49.0,2175.0,130.0,6.0,19.0,444.8,1
Nikola Vasilj,BIH,St. Pauli,German Bundesliga,GK,Goalkeeper,29,2969,135.0,39.0,93.0,47.3,8.3,9,164.0,493.0,1267.0,107.0,41431.9,134.0,5094.1,411.0,24.0,27.0,440.9,1
Noah Atubolu,GER,Freiburg,German Bundesliga,GK,Goalkeeper,22,2307,120.0,37.0,81.0,37.1,0.1,10,159.0,414.0,1012.0,110.0,33532.3,126.0,6486.6,377.0,34.0,28.0,446.4,1
Ognjen Čančarević,ARM,FC Noah,UEFA Europa Conference League,GK,Goalkeeper,35,270,31.0,9.0,22.0,8.6,-0.4,1,11.0,30.0,91.0,16.0,2915.7,23.0,631.5,36.0,0.0,3.0,57.6,1
Oliver Baumann,GER,Hoffenheim,"German Bundesliga, UEFA Europa League",GK,Goalkeeper,34,3150,167.0,64.0,102.0,62.3,-1.7,6,197.0,557.0,1134.0,143.0,40333.9,162.0,7826.2,486.0,22.0,36.0,631.4,1
Omri Glazer,ISR,Red Star,UEFA Champions League,GK,Goalkeeper,28,270,15.0,9.0,6.0,5.2,-3.8,0,11.0,22.0,70.0,9.0,2140.6,20.0,518.6,35.0,1.0,0.0,0.0,1
Oscar Jansson,SWE,Djurgården,UEFA Europa Conference League,GK,Goalkeeper,33,180,4.0,3.0,1.0,1.5,-1.5,0,5.0,12.0,37.0,4.0,1001.7,10.0,437.8,26.0,0.0,6.0,133.2,1
Panagiotis Retsos,GRE,Olympiacos,UEFA Europa League,GK,Goalkeeper,26,1,0.0,0.0,0.0,0.0,0.0,1,2.0,2.0,3.0,0.0,129.0,0.0,0.0,0.0,0.0,0.0,0.0,1
Patrick Drewes,GER,Bochum,German Bundesliga,GK,Goalkeeper,32,1889,99.0,46.0,51.0,42.3,-3.7,2,218.0,484.0,681.0,65.0,25606.8,177.0,9306.4,285.0,12.0,33.0,631.0,1
Patrik Carlgren,SWE,Nantes,French Ligue 1,GK,Goalkeeper,33,417,28.0,7.0,21.0,8.4,1.4,1,22.0,63.0,99.0,27.0,3402.5,37.0,1800.6,80.0,1.0,1.0,15.3,1
Pau López,ESP,Girona,"Spanish La Liga, UEFA Champions League",GK,Goalkeeper,30,135,9.0,4.0,4.0,3.3,-0.7,0,6.0,16.0,56.0,7.0,1766.9,8.0,289.9,39.0,5.0,1.0,9.8,1
Paulo Gazzaniga,ARG,Girona,"Spanish La Liga, UEFA Champions League",GK,Goalkeeper,33,3825,181.0,62.0,120.0,57.2,-5.3,9,113.0,364.0,1213.0,161.0,35643.5,224.0,9094.0,493.0,39.0,35.0,623.6,1
Pepe Reina,ESP,Como,Italian Serie A,GK,Goalkeeper,42,1034,41.0,14.0,27.0,12.1,-1.9,2,43.0,115.0,330.0,41.0,10539.0,34.0,964.2,148.0,2.0,6.0,95.3,1
Peter Vindahl Jensen,DEN,Sparta Prague,UEFA Champions League,GK,Goalkeeper,26,720,61.0,21.0,41.0,17.0,-4.0,1,42.0,148.0,243.0,38.0,9217.4,52.0,2869.7,120.0,7.0,7.0,105.3,1
Philipp Hofmann,GER,Bochum,German Bundesliga,GK,Goalkeeper,31,1,0.0,0.0,0.0,0.0,0.0,1,0.0,0.0,3.0,0.0,36.0,1.0,10.0,0.0,0.0,0.0,0.0,1
Philipp Köhn,SUI,Monaco,"French Ligue 1, UEFA Champions League",GK,Goalkeeper,27,1890,67.0,22.0,45.0,18.6,-3.4,8,53.0,165.0,477.0,78.0,14264.7,107.0,4000.9,242.0,17.0,22.0,465.6,1
Pierluigi Gollini,ITA,Genoa,Italian Serie A,GK,Goalkeeper,29,630,32.0,15.0,16.0,12.3,-2.7,1,33.0,75.0,198.0,21.0,6017.5,52.0,2308.6,92.0,2.0,2.0,44.0,1
Pietro Terracciano,ITA,Fiorentina,"Italian Serie A, UEFA Europa Conference League",GK,Goalkeeper,34,810,34.0,13.0,21.0,11.4,-1.6,2,29.0,65.0,234.0,26.0,6658.3,40.0,1019.6,74.0,2.0,5.0,89.4,1
Przemysław Tytoń,POL,Twente,UEFA Europa League,GK,Goalkeeper,37,167,9.0,4.0,5.0,4.5,0.5,0,21.0,46.0,68.0,7.0,2540.8,12.0,568.0,31.0,1.0,2.0,47.0,1
Péter Gulácsi,HUN,RB Leipzig,"German Bundesliga, UEFA Champions League",GK,Goalkeeper,35,3171,169.0,52.0,117.0,53.0,1.0,14,89.0,246.0,896.0,171.0,24980.0,251.0,8058.2,522.0,28.0,34.0,657.1,1
Radosław Majecki,POL,Monaco,"French Ligue 1, UEFA Champions League",GK,Goalkeeper,25,2070,110.0,36.0,74.0,38.2,2.2,5,42.0,191.0,515.0,130.0,15723.9,148.0,5730.3,242.0,20.0,19.0,301.6,1
Razvan Sava,ROU,Udinese,Italian Serie A,GK,Goalkeeper,22,1080,51.0,16.0,37.0,14.4,-1.6,4,44.0,148.0,337.0,26.0,10848.6,55.0,2615.1,202.0,4.0,13.0,254.2,1
Remko Pasveer,NED,Ajax,UEFA Europa League,GK,Goalkeeper,41,923,47.0,10.0,37.0,14.1,3.6,4,60.0,181.0,385.0,38.0,13493.9,40.0,1756.5,171.0,15.0,7.0,134.8,1
Ricardo,BRA,Malmö,UEFA Europa League,GK,Goalkeeper,31,405,21.0,11.0,10.0,8.0,-3.0,1,8.0,52.0,99.0,14.0,3160.1,26.0,1318.3,73.0,4.0,2.0,33.8,1
Ricardo Manuel Silva,POR,NK Celje,UEFA Europa Conference League,GK,Goalkeeper,25,540,27.0,11.0,16.0,8.7,-2.3,2,28.0,71.0,165.0,30.0,5260.6,35.0,1488.4,86.0,6.0,9.0,166.8,1
Robert Sánchez,ESP,Chelsea,"English Premier League, UEFA Europa Conference League",GK,Goalkeeper,27,2970,129.0,35.0,93.0,36.1,1.1,10,99.0,429.0,1192.0,193.0,39502.1,84.0,3340.0,379.0,48.0,57.0,1020.5,1
Robin Olsen,SWE,Aston Villa,English Premier League,GK,Goalkeeper,35,226,14.0,6.0,8.0,6.3,0.3,1,19.0,54.0,75.0,1.0,2693.3,26.0,1559.2,40.0,3.0,0.0,0.0,1
Robin Zentner,GER,Mainz 05,German Bundesliga,GK,Goalkeeper,30,2880,142.0,41.0,100.0,45.0,4.0,9,175.0,567.0,977.0,132.0,37815.1,179.0,9330.8,524.0,45.0,58.0,1038.9,1
Roei Mashpati,ISR,Maccabi Tel Aviv,UEFA Europa League,GK,Goalkeeper,32,630,42.0,16.0,24.0,18.5,2.5,0,30.0,91.0,234.0,38.0,7208.0,31.0,1176.2,95.0,3.0,4.0,67.2,1
Rohan Ferguson,SCO,Larne FC,UEFA Europa Conference League,GK,Goalkeeper,27,540,34.0,12.0,23.0,11.1,-0.9,1,53.0,143.0,175.0,22.0,7551.5,55.0,2618.8,139.0,6.0,6.0,88.8,1
Rome-Jayden Owusu-Oduro,NED,AZ Alkmaar,UEFA Europa League,GK,Goalkeeper,20,990,46.0,18.0,27.0,14.0,-4.0,2,44.0,161.0,269.0,38.0,10024.2,61.0,3321.3,142.0,15.0,7.0,121.1,1
Rui Patrício,POR,Atalanta,"Italian Serie A, UEFA Champions League",GK,Goalkeeper,37,360,18.0,5.0,13.0,5.2,0.2,1,14.0,29.0,116.0,18.0,3321.3,27.0,840.3,37.0,0.0,10.0,236.3,1
Rui Silva,POR,"Betis, Sporting CP","Spanish La Liga, UEFA Champions League",GK,Goalkeeper,31,1530,66.0,21.0,45.0,23.0,2.0,5,48.0,158.0,510.0,81.0,15232.6,86.0,3172.6,234.0,14.0,34.0,706.2,1
Ruslan Neshcheret,UKR,Dynamo Kyiv,UEFA Europa League,GK,Goalkeeper,23,270,14.0,4.0,10.0,4.8,0.8,1,7.0,34.0,97.0,15.0,3210.7,20.0,765.9,60.0,0.0,3.0,61.3,1
Rémy Descamps,FRA,Lyon,"French Ligue 1, UEFA Europa League",GK,Goalkeeper,28,180,17.0,4.0,13.0,3.5,-0.5,0,5.0,18.0,65.0,7.0,1987.3,6.0,197.2,28.0,0.0,2.0,54.0,1
Sam Johnstone,ENG,Wolves,English Premier League,GK,Goalkeeper,31,630,39.0,17.0,23.0,12.9,-4.1,0,52.0,129.0,252.0,28.0,9222.8,25.0,1081.2,104.0,8.0,11.0,151.8,1
Semuel Pizzignacco,ITA,Monza,Italian Serie A,GK,Goalkeeper,23,736,38.0,17.0,22.0,12.4,-4.6,2,39.0,113.0,273.0,30.0,8573.4,49.0,1881.6,119.0,4.0,7.0,136.5,1
Sergio Herrera,ESP,Osasuna,Spanish La Liga,GK,Goalkeeper,31,3330,182.0,52.0,131.0,56.2,4.2,8,277.0,614.0,966.0,139.0,36288.6,276.0,13995.6,524.0,32.0,85.0,1912.7,1
Sergio Padt,NED,Ludogorets,UEFA Europa League,GK,Goalkeeper,34,360,27.0,7.0,20.0,9.1,2.1,0,21.0,71.0,123.0,12.0,4195.8,34.0,1488.4,72.0,2.0,4.0,61.1,1
Silviu Șmalenea,MDA,Petrocub,UEFA Europa Conference League,GK,Goalkeeper,22,540,34.0,13.0,21.0,11.5,-1.5,0,20.0,83.0,159.0,33.0,5678.2,42.0,1668.7,105.0,10.0,3.0,55.6,1
Simon Mignolet,BEL,Club Brugge,UEFA Champions League,GK,Goalkeeper,37,1080,53.0,19.0,35.0,17.9,-1.1,3,58.0,129.0,406.0,39.0,12819.9,50.0,1696.5,148.0,12.0,8.0,126.3,1
Simon Sluga,CRO,Maccabi Tel Aviv,UEFA Europa League,GK,Goalkeeper,31,90,3.0,1.0,2.0,1.0,0.0,0,4.0,7.0,42.0,3.0,995.4,5.0,104.0,11.0,0.0,0.0,0.0,1
Simone Perilli,ITA,Hellas Verona,Italian Serie A,GK,Goalkeeper,30,180,11.0,2.0,9.0,3.0,1.0,0,7.0,41.0,34.0,2.0,1883.6,14.0,887.6,46.0,2.0,3.0,66.9,1
Simone Scuffet,ITA,"Cagliari, Napoli",Italian Serie A,GK,Goalkeeper,28,1260,60.0,24.0,36.0,22.1,-1.9,1,74.0,193.0,340.0,55.0,11858.7,108.0,4477.9,218.0,7.0,7.0,107.2,1
Stefan Ortega,GER,Manchester City,"English Premier League, UEFA Champions League",GK,Goalkeeper,32,1280,51.0,18.0,34.0,16.5,-1.5,6,40.0,107.0,450.0,58.0,11888.4,54.0,1519.0,142.0,7.0,14.0,301.5,1
Stefan Târnovanu,ROU,FCSB,UEFA Europa League,GK,Goalkeeper,24,990,44.0,13.0,32.0,12.7,-0.3,5,60.0,162.0,252.0,32.0,9288.8,97.0,4174.0,174.0,11.0,6.0,87.9,1
Stefano Turati,ITA,Monza,Italian Serie A,GK,Goalkeeper,23,2676,145.0,52.0,93.0,47.5,-4.5,2,177.0,442.0,942.0,126.0,31706.0,131.0,6142.6,414.0,22.0,26.0,543.7,1
Steve Mandanda,FRA,Rennes,French Ligue 1,GK,Goalkeeper,40,1486,51.0,23.0,29.0,16.9,-6.1,7,61.0,180.0,426.0,66.0,13941.5,73.0,3039.9,175.0,7.0,21.0,389.1,1
Stole Dimitrievski,MKD,Valencia,Spanish La Liga,GK,Goalkeeper,31,360,12.0,6.0,6.0,4.4,-1.6,0,15.0,72.0,113.0,25.0,4578.2,20.0,1071.2,51.0,3.0,16.0,410.5,1
Sven Ulreich,GER,Bayern Munich,"German Bundesliga, UEFA Champions League",GK,Goalkeeper,36,135,3.0,2.0,1.0,0.8,-1.2,1,3.0,8.0,43.0,5.0,1054.4,1.0,9.0,8.0,1.0,3.0,60.9,1
Sławomir Abramowicz,POL,Jagiellonia,UEFA Europa Conference League,GK,Goalkeeper,20,1080,46.0,12.0,35.0,14.7,2.7,4,22.0,87.0,285.0,42.0,8496.1,62.0,1893.5,184.0,12.0,10.0,187.6,1
Theo Sander,DEN,FC Copenhagen,UEFA Europa Conference League,GK,Goalkeeper,19,90,4.0,1.0,3.0,1.3,0.3,0,3.0,9.0,35.0,4.0,1060.5,4.0,78.0,12.0,1.0,1.0,15.8,1
Thibaut Courtois,BEL,Real Madrid,"Spanish La Liga, UEFA Champions League",GK,Goalkeeper,33,3780,174.0,47.0,127.0,49.4,2.4,12,82.0,328.0,1251.0,232.0,36174.4,198.0,7269.0,485.0,33.0,15.0,257.3,1
Thijmen Nijhuis,NED,HJK,UEFA Europa Conference League,GK,Goalkeeper,26,540,33.0,9.0,25.0,10.8,1.8,1,13.0,47.0,174.0,28.0,4917.5,36.0,1199.4,94.0,3.0,1.0,29.0,1
Thomas Dähne,GER,Holstein Kiel,German Bundesliga,GK,Goalkeeper,31,810,55.0,19.0,36.0,18.4,-0.6,0,47.0,133.0,304.0,55.0,9222.0,91.0,4155.1,177.0,15.0,5.0,56.3,1
Théo De Percin,MTQ,Auxerre,French Ligue 1,GK,Goalkeeper,23,180,9.0,3.0,5.0,3.5,0.5,1,8.0,31.0,46.0,5.0,1854.8,12.0,664.2,38.0,3.0,3.0,45.0,1
Tiago Cardoso,LUX,Gladbach,German Bundesliga,GK,Goalkeeper,19,379,23.0,3.0,20.0,4.7,1.7,3,23.0,62.0,148.0,22.0,4327.4,31.0,1515.7,96.0,14.0,1.0,11.0,1
Timo Horn,GER,Bochum,German Bundesliga,GK,Goalkeeper,32,1170,54.0,22.0,32.0,18.6,-3.4,3,129.0,332.0,400.0,29.0,17444.2,98.0,6060.2,182.0,6.0,18.0,307.9,1
Timon Weiner,GER,Holstein Kiel,German Bundesliga,GK,Goalkeeper,26,2250,140.0,61.0,81.0,47.3,-13.7,2,167.0,444.0,789.0,116.0,27216.6,198.0,9585.0,491.0,27.0,18.0,287.2,1
Timon Wellenreuther,GER,Feyenoord,UEFA Champions League,GK,Goalkeeper,29,955,63.0,25.0,40.0,23.5,-1.5,1,39.0,127.0,398.0,43.0,12831.6,32.0,1273.5,134.0,8.0,8.0,149.5,1
Tobias Sippel,GER,Gladbach,German Bundesliga,GK,Goalkeeper,36,59,4.0,3.0,1.0,1.2,-1.8,0,9.0,22.0,22.0,2.0,862.4,12.0,830.4,13.0,0.0,0.0,0.0,1
Tom King,WAL,Wolves,English Premier League,GK,Goalkeeper,30,1,0.0,0.0,0.0,0.0,0.0,1,0.0,0.0,1.0,1.0,14.0,0.0,0.0,1.0,0.0,0.0,0.0,1
Tommaso Martinelli,ITA,Fiorentina,UEFA Europa Conference League,GK,Goalkeeper,18,90,3.0,0.0,3.0,1.3,1.3,1,3.0,6.0,17.0,3.0,499.8,5.0,135.0,7.0,0.0,1.0,14.5,1
Unai Marrero,ESP,Real Sociedad,"Spanish La Liga, UEFA Europa League",GK,Goalkeeper,23,450,22.0,5.0,16.0,6.5,1.5,1,11.0,34.0,103.0,20.0,2852.3,28.0,925.3,52.0,2.0,6.0,105.6,1
Unai Simón,ESP,Athletic Club,"Spanish La Liga, UEFA Europa League",GK,Goalkeeper,27,1980,62.0,14.0,47.0,16.3,2.3,11,107.0,286.0,551.0,94.0,18805.4,120.0,6940.4,252.0,20.0,30.0,539.7,1
Vanja Milinković-Savić,SRB,Torino,Italian Serie A,GK,Goalkeeper,28,3330,173.0,42.0,129.0,51.4,9.4,10,223.0,702.0,1352.0,191.0,50781.8,271.0,13848.7,585.0,37.0,46.0,789.1,1
Veljko Ilic,SRB,TSC,UEFA Europa Conference League,GK,Goalkeeper,21,720,44.0,19.0,26.0,18.2,-0.8,0,44.0,134.0,326.0,34.0,10650.4,29.0,1184.6,74.0,3.0,13.0,272.9,1
Vicente Guaita,ESP,Celta Vigo,Spanish La Liga,GK,Goalkeeper,38,3060,127.0,48.0,79.0,40.4,-7.6,8,66.0,220.0,740.0,195.0,20208.8,230.0,8133.1,436.0,26.0,44.0,777.2,1
Vid Belec,SVN,APOEL,UEFA Europa Conference League,GK,Goalkeeper,34,720,38.0,9.0,28.0,10.4,1.4,1,25.0,89.0,152.0,33.0,5499.9,43.0,1879.3,92.0,6.0,0.0,0.0,1
Vitezslav Jaros,CZE,Liverpool,English Premier League,GK,Goalkeeper,23,12,1.0,0.0,1.0,0.0,0.0,1,5.0,7.0,7.0,2.0,356.3,1.0,59.0,2.0,0.0,0.0,0.0,1
Vitus Eicher,GER,Heidenheim,UEFA Europa Conference League,GK,Goalkeeper,34,90,6.0,3.0,3.0,1.5,-1.5,0,5.0,12.0,37.0,4.0,1147.0,2.0,52.0,16.0,1.0,0.0,0.0,1
Vladan Kovačević,BIH,Legia Warsaw,UEFA Europa Conference League,GK,Goalkeeper,27,180,14.0,4.0,10.0,4.9,0.9,0,4.0,9.0,38.0,7.0,1008.9,5.0,142.0,13.0,3.0,0.0,0.0,1
Walter Benítez,ARG,PSV Eindhoven,UEFA Champions League,GK,Goalkeeper,32,990,59.0,21.0,38.0,19.0,-2.0,1,66.0,149.0,400.0,49.0,12457.6,61.0,2714.3,147.0,13.0,11.0,179.5,1
Warleson,BRA,Cercle Brugge,UEFA Europa Conference League,GK,Goalkeeper,28,121,2.0,0.0,2.0,0.2,0.2,1,7.0,20.0,23.0,4.0,951.1,6.0,382.2,8.0,0.0,3.0,81.0,1
Wladimiro Falcone,ITA,Lecce,Italian Serie A,GK,Goalkeeper,30,3420,181.0,58.0,125.0,53.9,-4.1,9,220.0,656.0,1017.0,120.0,39787.0,178.0,8928.4,590.0,29.0,19.0,320.3,1
Wojciech Szczęsny,POL,Barcelona,"Spanish La Liga, UEFA Champions League",GK,Goalkeeper,35,2070,76.0,29.0,48.0,29.3,0.3,10,41.0,133.0,675.0,98.0,17854.1,86.0,3150.4,220.0,15.0,87.0,1842.7,1
Yahia Fofana,CIV,Angers,French Ligue 1,GK,Goalkeeper,24,2970,186.0,51.0,135.0,63.2,12.2,7,144.0,435.0,751.0,180.0,26876.8,261.0,11380.4,531.0,48.0,20.0,303.4,1
Yann Sommer,SUI,Inter,"Italian Serie A, UEFA Champions League",GK,Goalkeeper,36,4230,182.0,48.0,135.0,49.5,1.5,20,155.0,379.0,1762.0,196.0,47547.3,198.0,6055.5,574.0,27.0,17.0,302.2,1
Yehvann Diouf,SEN,Reims,French Ligue 1,GK,Goalkeeper,25,3060,179.0,47.0,131.0,61.7,14.7,7,154.0,477.0,993.0,153.0,33067.6,220.0,9891.9,554.0,31.0,42.0,752.9,1
Yuri Lodygin,RUS,Panathinaikos,UEFA Europa Conference League,GK,Goalkeeper,34,270,8.0,2.0,6.0,2.7,0.7,2,7.0,17.0,68.0,8.0,1863.4,11.0,231.1,25.0,1.0,3.0,60.9,1
Zion Suzuki,JPN,Parma,Italian Serie A,GK,Goalkeeper,22,3314,150.0,53.0,99.0,51.7,-2.2,7,204.0,669.0,1272.0,184.0,47744.7,223.0,11687.3,614.0,64.0,38.0,608.9,1
Ádám Varga,HUN,Ferencváros,UEFA Europa League,GK,Goalkeeper,25,148,9.0,5.0,4.0,3.5,-1.5,0,17.0,35.0,44.0,2.0,1651.6,18.0,749.0,15.0,1.0,0.0,0.0,1
Álex Domínguez,ESP,Toulouse,French Ligue 1,GK,Goalkeeper,26,19,0.0,0.0,0.0,0.0,0.0,1,2.0,5.0,8.0,1.0,240.0,3.0,207.9,7.0,0.0,0.0,0.0,1
Álex Remiro,ESP,Real Sociedad,"Spanish La Liga, UEFA Europa League",GK,Goalkeeper,30,4050,168.0,58.0,108.0,49.1,-8.9,15,225.0,605.0,1328.0,144.0,43397.6,285.0,14151.7,563.0,37.0,52.0,929.6,1
Álvaro Fernández,ESP,Sevilla,Spanish La Liga,GK,Goalkeeper,27,747,36.0,16.0,20.0,11.1,-4.9,3,37.0,142.0,277.0,32.0,9496.1,46.0,2271.6,105.0,7.0,14.0,268.0,1
Ørjan Nyland,NOR,Sevilla,Spanish La Liga,GK,Goalkeeper,34,2673,112.0,39.0,73.0,37.0,-2.1,7,118.0,445.0,836.0,114.0,31094.7,166.0,7632.0,408.0,20.0,29.0,495.6,1
Đorđe Petrović,SRB,Strasbourg,French Ligue 1,GK,Goalkeeper,25,2790,147.0,38.0,110.0,45.5,7.5,10,117.0,361.0,1438.0,127.0,39375.0,107.0,4875.7,491.0,41.0,47.0,844.0,1
İrfan Can Eğribayat,TUR,Fenerbahçe,UEFA Europa League,GK,Goalkeeper,26,540,35.0,7.0,28.0,12.5,5.5,3,34.0,98.0,165.0,27.0,6224.4,43.0,1752.2,96.0,12.0,9.0,135.8,1
Łukasz Fabiański,POL,West Ham,English Premier League,GK,Goalkeeper,40,1160,71.0,21.0,50.0,22.5,1.0,2,77.0,226.0,394.0,55.0,13976.6,100.0,4512.7,220.0,10.0,12.0,228.8,1
Łukasz Skorupski,POL,Bologna,"Italian Serie A, UEFA Champions League",GK,Goalkeeper,34,2994,111.0,41.0,70.0,40.1,-0.9,10,140.0,385.0,1208.0,148.0,37502.3,120.0,5194.2,284.0,25.0,33.0,543.4,1
