Player,Nation,General Position,Team,Age,Born,Matches Played,Starts,Minutes Played,Goals Against,Shots on Target Against,Saves,Clean Sheets,Penalty Kicks Attempted,Penalty Kicks Allowed,Penalty Kicks Saved,Penalty Kicks Missed,Post-Shot Expected Goals,Launched Passes Completed,Launched Passes Attempted,Passes Attempted (GK),Through Balls,Goal Kicks Attempted,Crosses Opposed,Crosses Stopped,Sweeper Actions,Penalties Winner,Efficiency,% Saves,% Long Passes,% Crosses Stopped
AJ Marcucci,USA,Goalkeeper,NY Red Bulls,25.0,1999,1,1,90,70,5,2,11,18,21,38,45,9,42,74,57,20,9,6,73,90,35,15,6,10,94
Adam Beaudry,USA,Goalkeeper,Colorado Rapids,19.0,2006,1,1,90,3,76,59,11,18,21,38,45,94,42,84,23,94,40,0,5,6,35,3,17,7,5
Adam Davies,WAL,Goalkeeper,Sheffield Utd,0.0,1992,3,3,270,70,7,5,65,18,21,38,45,17,69,50,54,87,34,79,88,6,35,34,12,81,81
Adrian Šemper,CRO,Goalkeeper,Pisa,0.0,1998,36,36,3240,77,22,32,60,37,43,38,45,27,91,80,65,10,19,53,79,31,35,69,71,83,76
Agustín Marchesín,ARG,Goalkeeper,Boca Juniors,37.0,1988,17,17,1530,85,21,41,83,18,21,38,45,14,28,21,28,75,81,58,50,27,35,74,85,57,46
Agustín Rossi,ARG,Goalkeeper,br Flamengo,29.0,1995,22,22,1980,93,8,19,94,61,48,92,45,6,17,11,51,27,7,16,79,47,91,74,88,66,88
Alan Aguerre,ARG,Goalkeeper,ar Cen. Córdoba–SdE,34.0,1990,23,23,2070,53,18,18,59,50,58,38,45,23,18,35,3,12,69,40,22,19,35,20,24,17,22
Aldair Quintana,COL,Goalkeeper,co CA Bucaramanga,31.0,1994,6,6,540,25,89,86,32,89,77,97,45,80,50,33,23,89,62,45,45,59,97,63,43,77,48
Alec Smir,USA,Goalkeeper,Minnesota Utd,26.0,1999,2,1,161,24,79,72,11,18,21,38,45,77,75,93,33,3,43,88,5,66,35,50,38,14,5
Alessandro Micai,ITA,Goalkeeper,Cosenza,0.0,1993,37,37,3296,38,53,54,36,48,48,38,92,46,89,86,82,37,29,66,90,94,74,24,49,68,89
Alessandro Russo,ITA,Goalkeeper,Sassuolo,0.0,2001,1,1,90,70,76,89,11,98,98,38,45,66,3,3,63,100,9,6,96,59,35,93,86,43,99
Alessandro Sorrentino,ITA,Goalkeeper,Frosinone,0.0,2002,2,2,180,1,97,89,11,94,95,38,45,98,42,27,42,68,13,46,29,6,35,4,9,74,29
Alessio Cragno,ITA,Goalkeeper,Sampdoria,0.0,1994,14,14,1260,70,9,8,80,45,54,38,45,29,86,76,38,44,68,58,90,72,35,60,24,77,90
Alex Muralha,BRA,Goalkeeper,Mirassol,35.0,1989,6,6,540,35,50,42,11,68,77,38,45,49,11,17,20,25,34,92,29,94,35,21,28,10,20
Alex Padilla,ESP,Goalkeeper,UNAM,0.0,2003,10,10,900,23,39,21,38,52,61,38,45,55,58,54,54,52,54,33,65,30,35,13,11,60,74
Alex Palmer,ENG,Goalkeeper,West Brom,0.0,1996,30,30,2700,78,22,38,73,37,43,38,45,17,54,66,90,75,26,69,82,76,35,50,79,32,73
Alexis Martin Arias,ARG,Goalkeeper,py Cerro Porteño,33.0,1992,3,3,270,13,96,96,65,18,21,38,45,86,98,92,6,14,97,93,18,36,35,34,62,97,13
Alexis Villa,ECU,Goalkeeper,ec LDU de Quito,23.0,2001,1,0,14,97,0,0,99,18,21,38,45,0,99,99,52,0,98,38,5,6,35,50,0,44,5
Alfonso Blanco Antúnez,MEX,Goalkeeper,León,0.0,1987,26,26,2340,49,74,84,54,63,67,38,94,56,60,50,55,78,89,53,25,43,79,64,78,68,22
Alfred Gomis,SEN,Goalkeeper,Palermo,0.0,1993,1,1,36,97,76,96,11,18,21,38,45,0,14,2,95,81,2,4,5,6,35,50,98,99,5
Aljaž Ivačič,SVN,Goalkeeper,NE Revolution,31.0,1993,24,24,2160,38,51,45,65,68,77,38,45,51,29,40,11,11,79,31,22,23,35,26,32,27,23
Anatolii Trubin,UKR,Goalkeeper,Benfica,0.0,2001,32,32,2880,79,17,23,77,50,51,80,45,28,12,6,28,62,23,8,48,28,74,76,61,63,77
Andre Blake,JAM,Goalkeeper,Philadelphia Union,34.0,1990,15,15,1350,77,17,21,65,59,69,38,45,29,64,38,33,24,30,14,27,81,35,70,56,89,42
Andrea Fulignati,ITA,Goalkeeper,Cremonese,0.0,1994,38,38,3420,59,15,12,41,65,69,38,92,30,47,32,94,39,7,31,64,65,74,36,27,73,75
Andreas Jungdal,DEN,Goalkeeper,Westerlo,0.0,2002,8,8,720,51,22,20,49,82,67,96,45,38,81,82,83,81,55,78,73,71,95,34,23,48,63
Andrew,BRA,Goalkeeper,Gil Vicente FC,0.0,2001,33,33,2970,42,36,30,41,78,81,38,92,49,39,34,70,76,81,62,81,62,74,36,26,56,76
Andrew Rick,USA,Goalkeeper,Philadelphia Union,19.0,2006,10,10,900,70,7,4,75,52,61,38,45,21,75,69,7,15,59,12,15,30,35,46,12,60,23
Andrew Tarbell,USA,Goalkeeper,Houston Dynamo,31.0,1993,4,4,306,11,57,27,56,18,21,38,45,82,32,24,46,66,7,11,14,69,35,18,9,57,24
Andrew Thomas,RUS,Goalkeeper,Seattle Sounders,26.0,1998,6,6,540,6,93,81,11,96,96,38,45,88,3,11,13,87,34,56,88,13,35,6,18,2,86
Andries Noppert,NED,Goalkeeper,Heerenveen,0.0,1994,16,16,1365,31,57,53,38,45,54,38,45,73,49,67,89,46,42,36,62,82,35,55,33,22,71
Andrés Gudiño,MEX,Goalkeeper,Cruz Azul,0.0,1997,1,1,90,70,14,15,11,18,21,38,45,5,9,3,80,52,21,1,5,6,35,8,39,99,5
Andrés Sánchez,MEX,Goalkeeper,Atlético,0.0,1997,30,30,2624,33,62,55,24,45,43,80,45,58,25,21,72,71,88,48,57,85,74,26,31,46,59
Angus Gunn,SCO,Goalkeeper,Norwich City,0.0,1996,35,35,3104,53,28,29,38,57,67,38,45,29,11,16,88,79,12,47,49,86,35,25,43,9,50
Anthoni,BRA,Goalkeeper,br Internacional,23.0,2002,18,17,1575,37,37,31,45,43,51,38,45,31,15,14,5,15,66,20,34,64,35,11,28,34,50
Anthony Moris,LUX,Goalkeeper,Union SG,0.0,1990,30,30,2700,80,20,32,80,45,43,38,92,34,85,66,69,28,6,48,41,48,74,85,73,86,42
Anthony Patterson,ENG,Goalkeeper,Sunderland,0.0,2000,42,42,3780,70,15,20,65,57,61,77,45,20,36,48,69,68,51,42,33,34,71,40,56,26,36
Arnaud Bodart,BEL,Goalkeeper,Standard Liège,0.0,1998,2,2,180,91,14,35,86,18,21,38,45,49,97,98,39,7,76,95,99,99,35,97,91,38,98
Arturo Delgado,MEX,Goalkeeper,FC Juárez,0.0,2002,2,2,180,91,87,96,86,18,21,38,45,23,73,74,73,52,91,6,73,6,35,93,95,50,94
Axel Werner,ARG,Goalkeeper,Rosario Central,29.0,1996,2,2,180,97,2,5,97,18,21,38,45,10,21,23,2,35,67,65,29,6,35,96,98,35,26
Aynsley Pears,ENG,Goalkeeper,Blackburn,0.0,1998,40,40,3600,63,36,44,61,52,56,77,45,37,51,66,55,26,18,65,29,20,71,60,61,24,26
Balázs Tóth,HUN,Goalkeeper,Blackburn,0.0,1997,6,6,540,80,26,42,65,18,21,38,45,44,21,84,44,25,72,74,73,48,35,90,79,3,66
Ben Killip,ENG,Goalkeeper,Portsmouth,0.0,1995,2,2,180,70,60,78,11,18,21,38,45,45,97,97,93,52,59,65,5,25,35,83,83,66,5
Ben Wilson,ENG,Goalkeeper,Coventry City,0.0,1992,4,4,360,51,87,93,86,18,21,38,45,42,42,84,71,62,13,25,55,96,35,43,82,7,66
Benjamin Lundt,GER,Goalkeeper,St. Louis,29.0,1995,9,9,810,32,80,75,43,79,64,94,45,71,74,50,38,75,85,52,45,36,93,53,42,87,45
Benny Díaz,MEX,Goalkeeper,FC Juárez,0.0,1998,11,11,990,8,90,73,34,93,94,38,45,89,48,52,59,81,89,73,52,86,35,12,15,41,42
Blake Gillingham,USA,Goalkeeper,Houston Dynamo,22.0,2002,4,3,294,53,65,73,92,18,21,38,45,85,13,44,51,90,25,46,39,70,35,96,71,6,40
Boris Radunović,SRB,Goalkeeper,Bari,0.0,1996,37,37,3311,65,59,77,65,65,71,38,92,38,36,22,22,86,50,67,66,33,74,72,83,70,62
Brad Guzan,USA,Goalkeeper,Atlanta Utd,40.0,1984,23,23,2070,16,85,77,23,79,86,38,45,78,49,31,48,70,61,19,15,70,35,21,29,81,20
Brad Stuver,USA,Goalkeeper,Austin,34.0,1991,23,23,2070,61,64,77,70,59,58,84,45,44,78,72,74,65,64,63,73,51,79,66,79,56,70
Bradley Collins,ENG,Goalkeeper,Coventry City,0.0,1997,15,14,1313,31,30,18,41,18,21,38,45,40,69,68,66,24,44,30,20,81,35,10,12,52,21
Brayan Cortés,CHI,Goalkeeper,cl Colo-Colo,30.0,1995,5,5,450,3,95,74,11,18,21,38,45,85,21,41,3,13,49,20,73,21,35,1,9,13,84
Brenno,BRA,Goalkeeper,Fortaleza,26.0,1999,1,1,90,70,14,15,11,18,21,38,45,89,21,19,23,81,94,6,5,6,35,98,39,43,5
Brian Araújo,FRA,Goalkeeper,Gil Vicente FC,0.0,2000,1,1,90,70,14,15,11,18,21,38,45,23,62,19,63,20,3,52,5,90,35,50,39,98,5
Bruno Brigido,BRA,Goalkeeper,Estrela,0.0,1991,18,18,1575,23,68,64,22,55,64,38,45,71,37,60,44,84,68,61,31,50,35,26,31,18,27
Bruno Ferreira,BRA,Goalkeeper,Ceará,31.0,1994,9,9,783,65,12,12,45,18,21,38,45,35,67,76,20,13,84,80,83,46,35,64,31,39,73
Bruno Varela,CPV,Goalkeeper,Vitória,0.0,1994,34,34,3060,62,12,10,74,78,73,38,97,21,29,20,53,36,57,23,40,62,86,30,23,61,54
C.J. dos Santos,USA,Goalkeeper,San Diego FC,24.0,2000,21,21,1890,42,53,53,65,81,82,87,45,54,5,3,64,64,10,8,34,81,83,43,44,80,66
Caio Secco,BRA,Goalkeeper,Moreirense,0.0,1990,5,5,447,29,66,62,11,92,93,38,45,65,13,55,35,61,77,91,78,93,35,30,31,4,54
Camilo Vargas,COL,Goalkeeper,Atlas,0.0,1989,31,31,2790,24,71,67,45,59,61,80,45,56,44,54,62,66,77,50,21,62,74,14,33,33,18
Carl Rushworth,ENG,Goalkeeper,Hull City,0.0,2001,2,2,180,70,5,2,86,18,21,38,45,12,31,32,71,68,1,70,29,59,35,21,6,43,25
Carlos Acevedo,MEX,Goalkeeper,Santos,0.0,1996,33,33,2970,15,89,84,23,50,51,80,45,77,61,53,48,70,89,73,27,49,74,16,41,66,23
Carlos Coronel,PAR,Goalkeeper,NY Red Bulls,28.0,1996,24,24,2160,38,70,75,56,48,56,38,45,74,18,45,52,76,30,29,55,92,35,75,63,9,65
Carlos Felipe Rodríguez,MEX,Goalkeeper,UANL,0.0,1989,3,3,270,94,21,59,94,18,21,38,45,6,9,12,14,52,48,48,18,18,35,80,95,14,18
Carlos Lampe,BOL,Goalkeeper,bo Bolívar,38.0,1987,1,1,90,97,14,59,97,18,21,38,45,7,3,1,98,98,21,1,5,98,35,95,98,95,5
Carlos Moreno,MEX,Goalkeeper,Pachuca,0.0,1998,32,32,2880,35,58,54,36,65,67,80,45,42,76,42,18,90,83,36,61,73,74,15,33,93,69
Caíque França,BRA,Goalkeeper,Sport Recife,30.0,1995,12,12,1080,25,73,72,32,89,88,38,99,65,35,17,13,64,78,48,59,53,90,23,44,80,61
Cesar López,MEX,Goalkeeper,Atlético,0.0,2000,5,4,436,39,62,64,77,18,21,38,45,33,32,54,78,64,91,35,13,97,35,14,47,16,12
Cezary Miszta,POL,Goalkeeper,Rio Ave,0.0,2001,26,26,2325,28,72,75,26,57,67,38,45,72,44,56,56,76,83,72,53,54,35,43,59,28,43
Chris Brady,USA,Goalkeeper,Chicago Fire,21.0,2004,18,18,1565,21,79,70,32,91,87,89,97,84,8,7,58,66,25,41,48,50,95,57,30,25,52
Cleiton Schwengber,BRA,Goalkeeper,RB Bragantino,27.0,1997,14,14,1260,60,44,55,71,18,21,38,45,30,25,14,44,91,54,83,42,45,35,40,69,69,30
Cláudio Ramos,POR,Goalkeeper,Porto,0.0,1991,2,2,180,35,44,35,11,94,95,38,45,75,9,4,30,20,7,3,73,59,35,74,22,74,96
Colin Coosemans,BEL,Goalkeeper,Anderlecht,0.0,1992,28,28,2520,79,64,80,86,45,21,91,45,58,79,62,98,41,5,48,55,71,88,93,85,77,55
Conor Hazard,NIR,Goalkeeper,Plymouth Argyle,0.0,1998,25,25,2250,32,72,74,22,38,45,38,45,84,87,96,60,41,90,91,61,34,35,84,54,19,40
Cássio,BRA,Goalkeeper,Cruzeiro,38.0,1987,16,16,1440,85,41,67,86,43,21,89,45,15,17,12,1,13,64,76,15,32,86,79,89,63,14
César,BRA,Goalkeeper,Boavista,0.0,1992,16,16,1440,17,73,67,26,74,82,38,45,82,57,58,5,41,72,44,83,32,35,36,29,48,82
Daniel,BRA,Goalkeeper,SJ Earthquakes,31.0,1994,21,21,1775,28,86,87,24,40,48,38,45,79,38,37,49,72,38,34,50,92,35,69,60,48,56
Daniel Azevedo,POR,Goalkeeper,Casa Pia,0.0,1998,1,1,90,13,44,15,11,18,21,38,45,91,3,27,14,2,85,95,73,59,35,66,6,1,47
Daniel Bachmann,AUT,Goalkeeper,Watford,0.0,1994,22,22,1902,46,49,47,47,40,21,87,45,48,47,62,53,74,52,63,25,40,83,45,45,28,21
Daniel Bielica,POL,Goalkeeper,NAC Breda,0.0,1999,32,32,2880,28,80,78,30,74,82,38,45,74,77,51,59,69,79,76,51,46,35,53,50,88,39
Daniel Figueira,POR,Goalkeeper,Estoril,0.0,1998,1,1,90,0,96,59,11,98,98,38,45,96,9,6,14,94,21,75,73,6,35,0,3,43,65
Daniel Fuzato,BRA,Goalkeeper,Vasco da Gama,28.0,1997,1,0,2,0,100,100,11,18,21,38,45,100,100,100,100,0,100,100,5,6,35,0,6,43,5
Daniel Grimshaw,ENG,Goalkeeper,Plymouth Argyle,0.0,1998,21,21,1890,8,92,79,22,61,71,38,45,93,52,92,97,67,66,67,14,70,35,40,18,7,14
Daniel Schmidt,JPN,Goalkeeper,Gent,0.0,1992,1,1,90,97,76,96,97,18,21,38,45,91,9,35,92,81,1,3,73,6,35,100,98,4,96
David Bingham,USA,Goalkeeper,Charlotte,35.0,1989,2,2,180,70,87,94,86,18,21,38,45,42,6,19,42,52,59,90,96,25,35,80,90,3,92
David Cornell,WAL,Goalkeeper,Preston,0.0,1991,10,9,811,21,44,22,24,89,92,38,45,65,85,83,68,75,80,50,64,65,35,15,11,56,66
David Ochoa,USA,Goalkeeper,LAFC,24.0,2001,1,1,90,70,1,0,11,18,21,38,45,17,0,0,10,96,21,40,5,6,35,34,0,0,5
David Ospina,COL,Goalkeeper,co Nacional,36.0,1988,5,5,450,56,56,68,38,96,96,38,45,54,62,38,90,85,2,35,38,30,35,72,68,88,44
Davor Matijas,CRO,Goalkeeper,Beerschot,0.0,1999,10,9,852,9,68,24,41,97,96,94,45,91,15,25,78,49,15,43,25,82,93,23,4,17,24
Davy Roef,BEL,Goalkeeper,Gent,0.0,1994,26,26,2340,60,87,94,78,38,45,38,45,80,42,29,55,94,80,81,83,27,35,95,85,70,71
Dayne St. Clair,CAN,Goalkeeper,Minnesota Utd,28.0,1997,21,21,1890,78,31,51,74,61,61,38,96,23,67,85,59,23,38,91,40,18,83,64,83,23,26
Demba Thiam,SEN,Goalkeeper,Juve Stabia,0.0,1998,38,38,3420,63,39,47,61,72,69,80,92,44,78,88,83,42,23,65,93,40,83,74,64,29,92
Diant Ramaj,GER,Goalkeeper,Ajax,0.0,2001,1,1,90,97,5,15,97,18,21,38,45,2,3,27,98,20,21,1,5,59,35,80,98,1,5
Diego Enriquez,PER,Goalkeeper,pe Sporting Cristal,23.0,2002,6,6,540,5,96,94,11,89,92,38,45,92,26,21,29,20,76,54,45,59,35,6,23,47,44
Diego Matías Rodríguez,ARG,Goalkeeper,Arg Juniors,36.0,1989,19,19,1710,90,12,28,91,40,21,87,45,10,79,50,60,5,27,16,16,13,83,74,88,91,22
Diogo Costa,POR,Goalkeeper,Porto,0.0,1999,32,32,2880,80,9,9,86,79,74,89,45,18,45,23,86,64,15,12,36,83,86,62,42,85,62
Drake Callender,USA,Goalkeeper,Inter Miami,27.0,1997,3,2,185,7,94,87,11,18,21,38,45,94,59,15,62,78,12,4,5,78,35,26,20,98,5
Earl Edwards Jr.,USA,Goalkeeper,SJ Earthquakes,33.0,1992,6,4,475,10,55,19,74,74,82,38,45,75,46,45,35,92,27,22,12,68,35,5,4,50,12
Edoardo Motta,ITA,Goalkeeper,Reggiana,0.0,2005,2,2,180,35,26,15,11,18,21,38,45,49,94,88,5,12,96,98,73,6,35,21,13,82,39
Eduardo García,MEX,Goalkeeper,Guadalajara,0.0,2002,2,2,180,35,60,59,86,18,21,38,45,23,53,35,37,35,91,86,73,25,35,8,39,78,57
Egil Selvik,NOR,Goalkeeper,Watford,0.0,1997,16,16,1440,57,58,69,74,18,21,38,45,68,60,76,79,41,45,59,58,59,35,89,69,30,55
Elhan Kastrati,ALB,Goalkeeper,Cittadella,0.0,1997,29,29,2565,41,50,52,55,72,71,84,45,56,25,34,12,38,73,69,53,30,79,43,50,24,45
Emil Audero,IDN,Goalkeeper,Palermo,0.0,1997,14,14,1260,40,64,66,41,45,54,38,45,70,82,80,74,76,68,91,94,45,35,69,49,52,87
Enrique Bologna,ARG,Goalkeeper,Defensa y Just,43.0,1982,19,19,1710,50,65,71,73,40,48,38,45,62,90,65,40,36,64,75,41,29,35,76,67,94,33
Esteban Andrada,ARG,Goalkeeper,Monterrey,0.0,1991,24,24,2160,54,48,52,65,68,77,38,45,38,59,47,84,93,44,33,86,66,35,43,58,71,89
Ethan Horvath,USA,Goalkeeper,Cardiff City,0.0,1995,17,17,1530,27,41,32,34,18,21,38,45,47,46,71,43,14,49,17,24,54,35,11,22,15,31
Etienne Vaessen,SUR,Goalkeeper,Groningen,0.0,1995,32,32,2880,32,56,50,43,74,74,80,45,72,92,94,86,27,42,52,87,72,74,53,30,44,86
Evan Bush,USA,Goalkeeper,Columbus Crew,39.0,1986,5,5,450,89,2,1,75,18,21,38,45,6,5,4,66,45,49,5,38,95,35,41,13,18,79
Ezequiel Centurión,ARG,Goalkeeper,Ind. Rivadavia,28.0,1997,19,19,1710,70,47,63,78,78,74,87,45,30,75,79,22,38,81,88,68,27,83,62,77,40,53
Ezequiel Unsain,ARG,Goalkeeper,Necaxa,0.0,1995,34,34,3060,28,71,68,52,63,73,38,45,68,80,75,49,31,81,71,68,49,35,36,41,60,64
Fabian de Keijzer,NED,Goalkeeper,Heracles Almelo,0.0,2000,34,34,3060,18,85,82,34,72,81,38,45,78,93,92,76,11,65,64,21,38,35,28,47,62,17
Facundo Cambeses,ARG,Goalkeeper,Racing Club,28.0,1997,7,5,513,41,83,86,70,18,21,38,45,31,51,60,14,29,93,70,21,39,35,14,71,36,16
Facundo Sanguinetti,ARG,Goalkeeper,Banfield,24.0,2001,19,19,1710,54,53,59,52,84,74,94,45,45,74,68,12,23,65,67,41,38,93,59,57,58,35
Federico Lanzillota,ARG,Goalkeeper,bo Bolívar,32.0,1992,3,3,270,8,44,7,65,18,21,38,45,77,1,3,97,97,94,7,73,98,35,5,2,2,94
Felipe Zenobio,ARG,Goalkeeper,Tigre,25.0,2000,19,19,1710,82,24,40,78,65,64,38,96,22,48,43,8,36,50,60,82,22,83,80,81,58,76
Fernando Miguel,BRA,Goalkeeper,Ceará,40.0,1985,8,7,657,76,61,79,77,84,89,38,45,41,66,73,38,32,77,96,85,70,35,82,84,40,61
Fernando Muslera,URU,Goalkeeper,Estudiantes–LP,39.0,1986,3,3,270,87,84,95,65,18,21,38,45,66,87,64,30,81,98,96,88,36,35,98,94,91,67
Fernando Tapia,MEX,Goalkeeper,UANL,0.0,2001,3,3,270,87,89,96,65,18,21,38,45,23,42,42,34,73,97,85,45,85,35,88,94,49,32
Fernando de Paul,CHI,Goalkeeper,cl Colo-Colo,34.0,1991,1,1,90,97,44,89,97,18,21,38,45,2,21,6,23,99,9,9,5,6,35,80,98,95,5
Francesco Bardi,ITA,Goalkeeper,Reggiana,0.0,1992,36,36,3240,43,37,40,43,43,51,38,45,45,39,43,12,26,62,82,45,12,35,31,44,41,33
Francesco Corriere,ITA,Goalkeeper,Salernitana,0.0,2006,1,0,47,16,3,0,11,18,21,38,45,68,99,99,82,5,92,85,5,6,35,11,0,97,5
Francisco Meixedo,POR,Goalkeeper,Estrela,0.0,2001,1,0,45,97,93,99,99,18,21,38,45,4,94,84,63,98,99,29,5,6,35,90,98,88,5
Franco Armani,ARG,Goalkeeper,ar River Plate,38.0,1986,25,25,2250,86,10,20,89,18,21,38,45,11,21,9,7,73,49,13,23,63,35,63,81,84,35
Franco Israel,URU,Goalkeeper,Sporting CP,0.0,2000,11,11,990,81,7,5,93,18,21,38,45,8,5,3,15,57,15,9,12,20,35,24,27,70,15
Franco Petroli,ARG,Goalkeeper,Godoy Cruz,27.0,1998,19,19,1710,70,29,39,83,55,48,87,45,25,93,88,70,46,34,66,91,63,83,57,66,78,90
Freddie Woodman,ENG,Goalkeeper,Preston,0.0,1997,37,37,3329,59,27,26,61,55,56,80,45,27,88,79,85,91,45,59,63,84,74,28,36,71,61
Fábio,BRA,Goalkeeper,Fluminense,44.0,1980,15,15,1350,45,38,32,38,45,21,91,45,44,7,5,4,47,40,45,63,30,88,34,26,46,68
Gabriel,BRA,Goalkeeper,Sport Recife,32.0,1992,4,4,360,22,52,35,11,18,21,38,45,44,42,55,38,35,31,25,5,25,35,6,15,30,5
Gabriel Arias,CHI,Goalkeeper,ar Racing Club,37.0,1987,20,20,1734,87,17,30,83,52,48,87,45,11,45,48,26,24,73,24,27,75,83,64,81,45,34
Gabriel Batista,BRA,Goalkeeper,Santa Clara,0.0,1998,34,34,3060,77,21,28,61,72,67,80,92,15,58,70,27,34,80,45,83,45,86,36,59,35,83
Gabriel Brazão,BRA,Goalkeeper,Santos,24.0,2000,16,16,1440,47,76,83,49,74,82,38,45,55,31,23,10,28,72,68,14,54,35,59,75,58,12
Gabriel Castellón,CHI,Goalkeeper,cl U de Chile,31.0,1993,6,6,540,70,37,50,65,68,77,38,45,24,35,20,9,25,40,50,18,59,35,55,72,75,17
Gabriel Delfim,BRA,Goalkeeper,Atlético Mineiro,23.0,2002,1,1,90,13,76,59,11,18,21,38,45,17,9,27,57,52,40,29,99,99,35,1,17,5,99
Gastón Olveira,URU,Goalkeeper,py Olimpia,32.0,1993,3,3,270,45,54,59,65,18,21,38,45,20,62,53,25,3,53,24,5,18,35,10,52,66,5
Gatito Fernández,PAR,Goalkeeper,py Cerro Porteño,37.0,1988,3,3,270,25,76,72,11,18,21,38,45,81,50,31,14,39,85,40,18,85,35,66,38,81,19
Gavin Bazunu,IRL,Goalkeeper,Standard Liège,0.0,2002,6,6,540,13,50,20,32,18,21,38,45,87,46,70,72,59,16,38,5,96,35,38,9,18,5
George Evans,ENG,Goalkeeper,Millwall,0.0,2005,4,4,360,13,68,45,49,18,21,38,45,34,97,94,19,7,71,86,73,80,35,2,14,80,57
George Long,ENG,Goalkeeper,Norwich City,0.0,1993,9,8,765,10,82,49,26,91,87,96,45,82,11,15,78,91,16,66,27,69,95,9,10,11,24
Giacomo Drago,ITA,Goalkeeper,Südtirol,0.0,2001,5,5,450,13,82,68,11,76,84,38,45,79,17,16,25,95,33,38,73,83,35,18,19,39,78
Giacomo Poluzzi,ITA,Goalkeeper,Südtirol,0.0,1988,18,18,1620,29,41,26,43,79,64,89,97,60,92,82,37,43,80,88,67,65,93,21,16,86,51
Giacomo Satalino,ITA,Goalkeeper,Sassuolo,0.0,1999,10,10,900,70,39,53,75,18,21,38,45,37,55,44,21,38,25,84,73,14,35,72,72,69,59
Gil Alcalá,MEX,Goalkeeper,UNAM,0.0,1992,4,4,360,91,3,4,95,18,21,38,45,5,57,27,81,97,13,16,14,80,35,43,62,92,17
Gonzalo Valle,ECU,Goalkeeper,ec LDU de Quito,29.0,1996,6,6,526,86,69,91,89,18,21,38,45,48,60,58,65,49,96,92,62,19,35,95,93,57,40
Guido Herrera,ARG,Goalkeeper,ar Talleres,33.0,1992,21,21,1845,61,19,22,56,40,48,38,45,34,72,57,56,27,28,43,66,38,35,50,48,72,73
Guido Villar,ARG,Goalkeeper,ec Independiente,27.0,1998,6,6,540,19,70,59,32,89,77,97,45,64,26,12,12,20,51,54,18,48,97,12,21,79,17
Guillaume Dietsch,FRA,Goalkeeper,Dender,0.0,2001,1,0,49,18,31,10,11,18,21,38,45,64,0,1,0,39,0,0,5,6,35,12,8,0,5
Guillermo Allison,MEX,Goalkeeper,Querétaro,0.0,1990,25,25,2250,24,83,77,38,85,84,92,45,72,79,79,15,30,95,80,66,63,90,36,36,49,55
Guillermo Ochoa,MEX,Goalkeeper,AVS Futebol,0.0,1985,23,23,2070,15,81,68,52,38,45,38,45,78,74,51,24,49,92,79,21,39,35,19,23,86,15
Guillermo Vizcarra,BOL,Goalkeeper,pe Alianza Lima,32.0,1993,6,6,540,19,70,59,11,89,92,38,45,35,81,64,16,89,88,60,59,25,35,3,21,79,56
Guillermo de Amores,URU,Goalkeeper,uy Peñarol,30.0,1994,3,3,270,87,21,42,94,18,21,38,45,7,35,55,37,94,53,12,18,6,35,40,88,19,26
Gustavo,BRA,Goalkeeper,Juventude,32.0,1993,10,10,855,9,91,76,24,88,85,94,45,86,18,15,40,78,60,70,61,12,93,10,15,41,54
Harlen Castillo,COL,Goalkeeper,co Nacional,31.0,1993,1,1,90,97,5,15,97,18,21,38,45,2,42,53,80,7,0,6,5,6,35,66,98,32,5
Hendrik Van Crombrugge,BEL,Goalkeeper,Genk,0.0,1993,19,19,1710,50,34,32,78,40,21,38,96,43,71,49,89,29,11,45,16,23,83,45,34,86,17
Hernán Galíndez,ECU,Goalkeeper,Huracán,38.0,1987,16,16,1440,83,10,15,86,74,67,89,45,20,52,57,26,14,56,54,58,20,86,77,68,40,58
Hidde Jurjus,NED,Goalkeeper,Groningen,0.0,1994,2,2,180,35,26,15,11,18,21,38,45,32,88,90,92,7,51,9,5,99,35,10,13,55,5
Horaţiu Moldovan,ROU,Goalkeeper,Sassuolo,0.0,1998,27,27,2430,70,40,56,77,38,45,38,45,25,33,39,26,43,36,60,80,16,35,57,77,36,75
Hugo González Durán,MEX,Goalkeeper,Mazatlán,0.0,1990,34,34,3015,44,57,64,54,81,81,38,97,47,75,61,45,71,83,56,58,52,86,40,55,75,56
Hugo Lloris,FRA,Goalkeeper,LAFC,38.0,1986,20,20,1800,62,19,21,75,63,73,38,45,27,55,36,34,31,25,23,23,63,35,41,45,80,27
Hugo Souza,BRA,Goalkeeper,Corinthians,26.0,1999,12,12,1080,58,26,26,78,68,77,38,45,47,28,11,16,29,51,22,18,13,35,68,37,89,21
Héctor Holguín,MEX,Goalkeeper,Santos,0.0,2001,1,1,90,70,76,89,11,98,98,38,45,73,9,9,91,81,94,97,5,6,35,95,86,21,5
Ignacio Arce,ARG,Goalkeeper,Deportivo Riestra,33.0,1992,19,19,1710,90,24,59,95,65,74,38,45,16,98,98,49,2,81,97,97,84,35,90,94,75,87
Ignacio De Arruabarrena,URU,Goalkeeper,ec Barcelona,28.0,1997,2,1,144,17,88,83,11,18,21,38,45,51,24,17,3,25,98,27,40,88,35,6,41,54,51
Illan Meslier,FRA,Goalkeeper,Leeds United,0.0,2000,39,39,3510,85,6,6,90,52,56,80,45,7,8,13,76,67,4,8,59,52,74,36,64,9,86
Ivan Zlobin,RUS,Goalkeeper,Famalicão,0.0,1997,15,15,1350,56,51,59,65,45,54,38,45,68,26,32,39,56,43,54,80,23,35,88,62,30,76
Ivor Pandur,CRO,Goalkeeper,Hull City,0.0,2000,44,44,3960,57,36,41,28,61,58,77,91,40,17,30,95,60,47,70,61,77,83,50,53,19,54
Jacob Widell Zetterström,SWE,Goalkeeper,Derby County,0.0,1998,40,40,3600,51,35,33,43,48,42,87,45,45,73,89,45,63,47,49,82,42,83,50,35,20,79
Jacopo Sassi,ITA,Goalkeeper,Modena,0.0,2003,1,1,90,3,76,59,11,18,21,38,45,32,81,61,63,52,76,75,5,90,35,0,17,84,5
Jak Alnwick,ENG,Goalkeeper,Cardiff City,0.0,1993,29,29,2610,33,55,47,32,61,61,80,45,66,54,69,46,25,46,44,32,77,74,43,29,27,33
James Beadle,ENG,Goalkeeper,Sheffield Weds,0.0,2004,38,38,3420,33,32,19,47,59,64,80,45,61,56,66,74,26,29,39,39,53,74,30,13,35,44
James Pantemis,CAN,Goalkeeper,Portland Timbers,28.0,1997,12,12,1080,45,84,86,49,92,77,99,45,63,62,40,80,56,66,70,35,71,99,69,65,85,30
James Shea,ENG,Goalkeeper,Luton Town,0.0,1991,2,1,147,89,16,31,92,18,21,38,45,43,91,97,93,39,88,38,98,95,35,96,87,20,97
James Trafford,ENG,Goalkeeper,Burnley,0.0,2002,45,45,4050,93,7,11,93,38,21,84,45,8,27,52,84,63,30,24,45,65,79,84,90,12,57
Jamie Cumming,ENG,Goalkeeper,Oxford United,0.0,1999,45,45,4050,42,59,64,56,50,45,84,45,72,83,89,85,61,63,87,61,67,79,81,51,37,44
Jari De Busser,BEL,Goalkeeper,Go Ahead Eag,0.0,1999,16,16,1440,39,87,92,60,43,51,38,45,51,48,65,96,85,27,94,67,69,35,30,74,23,46
Jasper Schendelaar,NED,Goalkeeper,Zwolle,0.0,2000,30,30,2700,35,70,72,38,68,61,38,98,75,64,81,84,87,44,71,87,43,88,74,53,23,80
Javier Burrai,ECU,Goalkeeper,ar Talleres,34.0,1990,5,4,405,87,16,22,94,79,21,98,45,10,59,30,48,93,71,77,82,51,98,62,61,92,72
Javier Otero,VEN,Goalkeeper,Orlando City,22.0,2002,2,2,180,70,26,35,11,94,95,38,45,49,14,4,5,81,31,94,96,25,35,86,62,98,90
Jayden Hibbert,JAM,Goalkeeper,Atlanta Utd,20.0,2004,1,1,90,70,76,89,11,18,21,38,45,12,0,9,97,52,21,18,73,90,35,21,86,0,85
Jeffrey Gal,USA,Goalkeeper,Chicago Fire,32.0,1993,7,6,591,43,11,8,29,63,73,38,45,20,18,13,34,57,45,20,80,23,35,9,14,59,87
Jeroen Houwen,NED,Goalkeeper,RKC Waalwijk,0.0,1996,24,24,2160,13,88,80,32,48,56,38,45,86,91,85,75,50,74,74,50,51,35,31,32,79,39
Jeroen Zoet,NED,Goalkeeper,AZ Alkmaar,0.0,1991,6,6,540,91,5,7,86,18,21,38,45,3,83,90,73,7,67,17,45,36,35,18,92,35,64
Jesús Camargo,VEN,Goalkeeper,ve Dep Táchira,27.0,1997,6,6,540,19,94,93,11,18,21,38,45,84,35,35,34,81,88,89,45,96,35,55,56,47,30
Jesús Rodríguez,MEX,Goalkeeper,Puebla,0.0,1993,4,4,360,13,76,59,49,18,21,38,45,89,66,30,76,68,91,29,73,59,35,50,17,96,81
Jhonatan,BRA,Goalkeeper,Rio Ave,0.0,1991,8,8,720,28,85,83,49,18,21,38,45,69,37,51,68,81,93,72,22,32,35,36,54,25,18
Jimmy Maurer,USA,Goalkeeper,Houston Dynamo,36.0,1988,2,1,120,83,35,59,11,18,21,38,45,7,53,67,57,20,13,29,55,42,35,26,86,28,65
Jo Coppens,BEL,Goalkeeper,Sint-Truiden,0.0,1990,3,3,270,1,93,26,11,89,92,38,45,98,42,71,80,20,6,81,18,6,35,4,1,12,15
Joe Walsh,ENG,Goalkeeper,QPR,0.0,2002,1,1,90,97,44,89,97,18,21,38,45,77,88,96,92,7,21,99,73,6,35,99,98,24,26
Joe Wildsmith,ENG,Goalkeeper,West Brom,0.0,1995,10,10,900,78,11,11,38,18,21,38,45,17,70,81,74,68,51,26,49,39,35,50,46,32,60
Joe Willis,USA,Goalkeeper,Nashville SC,36.0,1988,25,25,2250,64,31,38,71,65,56,92,45,37,26,17,65,86,26,32,78,28,90,66,57,57,83
Joel Drommel,NED,Goalkeeper,PSV Eindhoven,0.0,1996,1,0,45,97,0,0,11,18,21,38,45,0,97,94,96,7,94,29,5,6,35,50,0,90,5
Joel Robles,ESP,Goalkeeper,Estoril,0.0,1990,29,29,2610,30,62,55,32,78,77,80,45,78,72,82,35,46,69,51,36,79,74,72,29,33,36
Joey Kesting,NED,Goalkeeper,RKC Waalwijk,0.0,2001,3,3,270,25,54,42,11,98,98,38,45,77,96,82,67,10,34,83,5,36,35,57,20,92,5
John,BRA,Goalkeeper,br Botafogo (RJ),29.0,1996,21,21,1890,88,25,45,89,40,48,38,45,14,45,30,67,33,25,56,55,43,35,82,88,75,52
John McCarthy,USA,Goalkeeper,LA Galaxy,33.0,1992,11,11,990,8,80,49,11,92,89,92,45,84,13,38,32,59,19,32,52,47,91,6,11,7,60
John Pulskamp,USA,Goalkeeper,Sporting KC,24.0,2001,24,24,2160,17,84,78,26,86,88,38,94,80,54,78,25,32,82,44,45,45,79,30,35,18,48
Jonas Wendlinger,AUT,Goalkeeper,Almere City,0.0,2000,1,0,10,97,0,0,11,18,21,38,45,0,97,99,91,0,85,9,100,6,35,50,0,5,99
Jonathan Bond,ENG,Goalkeeper,Watford,32.0,1993,25,24,2238,27,56,43,47,48,45,84,45,70,31,22,49,57,24,35,26,81,79,34,19,61,27
Jonathan Klinsmann,USA,Goalkeeper,Cesena,0.0,1997,27,27,2430,61,25,28,52,55,45,91,45,34,6,24,20,84,52,37,56,39,88,53,46,3,62
Jonathan Sirois,CAN,Goalkeeper,CF Montréal,24.0,2001,22,22,1980,24,73,69,34,18,21,38,45,68,33,25,88,58,10,11,47,69,35,25,35,61,74
Jordan Archer,SCO,Goalkeeper,Portsmouth,0.0,1993,2,1,150,56,95,97,11,18,21,38,45,79,47,71,73,20,10,93,5,87,35,94,90,17,5
Jorge Broun,ARG,Goalkeeper,Rosario Central,39.0,1986,17,17,1530,90,18,43,90,18,21,38,45,10,70,39,11,62,90,82,36,12,35,79,93,93,28
Jorge Carranza,ARG,Goalkeeper,Aldosivi,44.0,1981,15,15,1350,37,54,51,54,76,84,38,45,35,62,46,18,60,48,74,57,41,35,13,35,78,48
Jorge Hernández,MEX,Goalkeeper,Querétaro,0.0,1998,9,9,810,39,63,64,43,79,64,38,99,61,29,60,4,10,90,96,26,6,93,46,47,10,15
Josh Vickers,ENG,Goalkeeper,Derby County,0.0,1995,6,6,540,70,11,10,86,18,21,38,45,34,84,92,19,14,88,69,90,25,35,69,30,27,88
Joshua Griffiths,ENG,Goalkeeper,West Brom,0.0,2001,6,6,540,19,54,35,32,18,21,38,45,64,38,47,66,77,11,84,18,59,35,12,13,33,14
Josue Reinatti,ARG,Goalkeeper,Newell's OB,22.0,2003,2,2,180,13,96,96,11,94,95,38,45,94,31,5,61,99,3,80,90,25,35,86,62,99,85
José Antonio Rodríguez,MEX,Goalkeeper,Tijuana,0.0,1992,21,21,1880,22,85,84,28,61,71,38,45,74,77,63,96,59,37,43,56,65,35,34,55,72,59
José Contreras Verna,VEN,Goalkeeper,ec Barcelona,30.0,1994,5,5,396,78,69,80,82,81,21,99,45,54,33,63,9,32,94,53,92,6,98,91,80,12,93
José Corona,MEX,Goalkeeper,Tijuana,0.0,1981,11,10,910,21,83,73,24,87,84,93,45,89,16,8,85,59,11,16,12,45,92,80,28,68,14
José Eulogio,MEX,Goalkeeper,Pachuca,0.0,2004,2,2,180,13,44,15,11,18,21,38,45,45,42,14,1,35,76,4,5,6,35,3,6,95,5
José Rangel Aguilar,MEX,Goalkeeper,Guadalajara,0.0,2000,32,32,2879,70,35,44,68,50,43,89,45,24,55,45,67,73,54,28,73,67,86,53,65,65,82
José Santiago Hernández,MEX,Goalkeeper,Atlas,0.0,1997,3,3,270,70,5,2,65,89,92,38,45,14,28,19,30,20,16,6,18,36,35,25,6,61,35
João Gonçalves,POR,Goalkeeper,Boavista,0.0,2000,4,4,360,91,5,5,86,18,21,38,45,13,93,94,13,2,85,62,14,15,35,87,75,52,13
João Paulo Santos Costa,POR,Goalkeeper,Estrela,0.0,1996,14,14,1260,54,37,38,56,86,85,91,45,56,87,81,32,13,83,39,11,59,88,72,37,67,11
João Ricardo Riedi,BRA,Goalkeeper,br Fortaleza,36.0,1988,18,18,1620,49,80,86,81,55,51,89,45,70,53,42,17,70,56,33,67,64,86,84,75,67,77
João Valido,POR,Goalkeeper,Arouca,0.0,2000,5,5,450,56,44,48,38,76,84,38,45,32,29,7,23,66,94,52,95,83,35,34,55,97,95
Juan Cozzani,ARG,Goalkeeper,Platense,26.0,1998,19,19,1710,84,32,63,78,55,64,38,45,28,68,91,17,3,48,64,41,59,35,87,91,16,36
Juan Espínola,PAR,Goalkeeper,Belgrano,30.0,1994,12,12,1080,35,40,30,65,48,56,38,45,25,84,87,51,37,53,78,86,42,35,9,20,46,77
Juan González,URU,Goalkeeper,Atlé Tucumán,32.0,1993,6,6,540,80,31,59,65,68,77,38,45,14,86,70,36,16,59,58,90,59,35,50,89,82,90
Juan Zozaya,ARG,Goalkeeper,Cen. Córdoba–SdE,24.0,2001,2,2,180,35,44,35,11,18,21,38,45,88,21,9,2,20,40,58,5,6,35,92,22,84,5
Julien Devriendt,BEL,Goalkeeper,Dender,0.0,1998,4,3,315,6,96,95,11,86,90,38,45,90,36,44,30,95,16,52,34,90,35,7,33,32,34
Julio José González,MEX,Goalkeeper,UNAM,0.0,1991,19,19,1710,70,39,55,73,65,74,38,45,16,55,54,33,70,92,27,27,87,35,31,78,51,33
Justin Bijlow,NED,Goalkeeper,Feyenoord,0.0,1998,4,4,360,13,44,15,11,18,21,38,45,66,21,12,99,52,25,2,29,80,35,8,6,74,77
Kaique,BRA,Goalkeeper,Farense,0.0,2003,6,6,540,70,26,26,32,68,21,97,45,40,65,80,65,89,84,92,59,13,97,77,37,26,38
Karl Darlow,WAL,Goalkeeper,Leeds United,0.0,1990,7,7,630,92,2,4,91,18,21,38,45,4,33,33,64,47,17,11,73,50,35,40,90,43,91
Kevin Chamorro,CRC,Goalkeeper,Estoril,0.0,2000,4,4,360,83,14,23,86,82,88,38,45,19,21,63,19,15,31,23,73,98,35,77,75,6,84
Kevin Mier,COL,Goalkeeper,Cruz Azul,0.0,2000,33,33,2970,81,9,10,78,57,58,80,45,11,30,16,93,18,52,21,25,73,74,43,52,76,30
Kewin,BRA,Goalkeeper,Moreirense,0.0,1995,29,29,2610,38,40,33,41,52,61,38,45,56,68,69,59,64,73,78,85,35,35,36,24,51,77
Keylor Navas,CRC,Goalkeeper,Newell's OB,38.0,1986,14,14,1260,82,64,86,80,45,21,38,98,41,92,72,9,33,89,93,50,14,88,90,92,92,29
Kim Joonhong,KOR,Goalkeeper,D.C. United,22.0,2003,7,7,630,7,88,66,28,86,90,38,45,93,90,79,47,40,61,15,50,87,35,21,11,86,69
Koen Van Langendonck,BEL,Goalkeeper,Westerlo,0.0,1989,10,10,900,30,48,29,38,87,84,93,45,74,68,43,62,45,76,57,49,85,92,59,15,89,46
Kostas Lamprou,GRE,Goalkeeper,NAC Breda,0.0,1991,1,1,90,3,76,15,11,18,21,38,45,94,94,91,99,52,3,75,5,59,35,3,1,74,5
Kristijan Kahlina,CRO,Goalkeeper,Charlotte,33.0,1992,23,23,2070,29,81,78,52,84,88,38,45,74,16,11,54,88,31,54,43,34,35,53,49,59,42
Lars Unnerstall,GER,Goalkeeper,Twente,0.0,1990,31,31,2790,50,19,15,70,43,51,38,45,38,32,33,68,74,33,40,53,68,35,34,19,40,57
Laurent Henkinet,BEL,Goalkeeper,Standard Liège,0.0,1992,4,4,315,94,33,74,91,18,21,38,45,9,71,91,27,33,70,98,98,29,35,91,95,15,88
Lautaro Morales,ARG,Goalkeeper,Lanús,25.0,1999,1,1,90,70,5,2,11,18,21,38,45,23,21,6,5,7,40,3,5,6,35,50,6,95,5
Lawrence Vigouroux,CHI,Goalkeeper,Swansea City,0.0,1993,46,46,4140,53,30,31,59,50,58,38,45,40,87,92,94,57,20,41,63,48,35,46,47,38,70
Lazar Carević,MNE,Goalkeeper,Famalicão,0.0,1999,18,18,1620,58,47,52,75,79,77,89,45,53,39,29,40,49,29,49,18,59,86,74,60,68,18
Leandro Brey,ARG,Goalkeeper,Boca Juniors,22.0,2002,2,2,180,91,5,5,86,18,21,38,45,5,21,27,30,81,76,95,5,59,35,50,75,28,5
Leandro Chichizola,ARG,Goalkeeper,Spezia,0.0,1990,11,11,990,78,19,31,54,18,21,38,45,11,89,87,73,52,15,18,87,95,35,28,74,65,93
Leo Kokubo,JPN,Goalkeeper,Sint-Truiden,0.0,2001,27,27,2430,25,59,51,29,92,92,84,45,76,46,44,62,46,48,88,56,74,79,50,25,53,38
Leonardo Loria,ITA,Goalkeeper,Pisa,0.0,1999,1,1,90,3,76,15,11,98,98,38,45,82,21,19,10,20,1,52,5,99,35,1,1,43,5
Liam Roberts,ENG,Goalkeeper,Millwall,0.0,1994,2,1,91,97,12,56,99,18,21,38,45,3,40,99,28,5,98,99,98,88,35,86,98,2,81
Lorenzo Andrenacci,ITA,Goalkeeper,Brescia,0.0,1995,1,1,90,97,5,15,97,18,21,38,45,2,62,27,18,52,40,6,99,6,35,66,98,95,99
Luca Lezzerini,ITA,Goalkeeper,Brescia,0.0,1995,37,37,3330,47,61,68,54,81,71,80,99,48,66,49,41,48,37,78,81,34,93,46,61,81,69
Luca Maniero,ITA,Goalkeeper,Cittadella,0.0,1995,10,9,855,37,86,91,78,88,90,38,45,70,64,62,18,71,70,55,61,55,35,62,77,53,60
Luca Plogmann,GER,Goalkeeper,Go Ahead Eag,0.0,2000,18,18,1620,21,60,44,43,68,77,38,45,61,24,37,89,49,19,85,45,40,35,13,18,19,32
Lucas Acosta,ARG,Goalkeeper,Sarmiento,30.0,1995,19,19,1710,54,72,84,52,55,48,38,96,68,76,72,29,9,68,84,53,55,83,87,83,53,37
Lucas Arcanjo,BRA,Goalkeeper,Vitória,26.0,1998,16,16,1440,70,83,93,49,18,21,38,45,54,38,45,31,66,87,93,64,20,35,88,89,39,41
Lucas Bruera,ARG,Goalkeeper,ve Carabobo,27.0,1997,6,6,540,10,95,93,11,94,95,38,45,85,7,19,0,20,94,74,29,36,35,15,38,5,24
Lucas França,BRA,Goalkeeper,Nacional,0.0,1996,33,33,2925,40,65,66,49,85,86,38,97,66,65,66,19,29,90,71,78,42,86,64,51,50,67
Lucas Pirard,BEL,Goalkeeper,Kortrijk,0.0,1995,7,5,543,26,66,56,32,68,77,38,45,96,80,65,36,84,43,60,43,88,35,97,28,79,40
Lucas Verza,PAR,Goalkeeper,py Olimpia,24.0,2001,1,1,90,97,14,15,97,98,21,100,45,49,42,53,23,96,85,18,73,6,100,98,39,32,85
Lucão,BRA,Goalkeeper,RB Bragantino,24.0,2001,3,3,270,45,93,95,65,18,21,38,45,87,3,7,50,73,85,87,45,36,35,95,83,3,31
Luigi Sepe,ITA,Goalkeeper,Salernitana,0.0,1991,18,18,1575,50,39,40,45,68,77,38,45,51,28,42,53,48,55,20,48,26,35,60,44,22,63
Luis Barraza,USA,Goalkeeper,D.C. United,28.0,1996,18,18,1620,21,79,72,32,55,64,38,45,72,60,76,61,77,63,31,64,59,35,23,34,29,75
Luis Cárdenas,MEX,Goalkeeper,Monterrey,0.0,1993,10,10,900,47,48,48,24,52,61,38,45,42,38,12,54,95,64,32,29,80,35,34,48,96,34
Luis Ingolotti,ARG,Goalkeeper,Gimnasia–LP,25.0,2000,3,3,270,8,67,26,11,96,96,38,45,95,35,31,12,52,59,89,18,6,35,57,4,53,13
Luis Manuel García,MEX,Goalkeeper,Toluca,0.0,1992,5,5,450,56,14,9,38,18,21,38,45,19,29,33,56,31,29,38,38,21,35,17,17,38,43
Luis Mejía,PAN,Goalkeeper,uy Nacional,34.0,1991,6,6,540,25,81,78,32,68,77,38,45,81,12,19,2,7,37,54,73,25,35,69,45,13,73
Luis Ángel Malagón,MEX,Goalkeeper,América,0.0,1997,29,29,2565,76,23,31,70,45,54,38,45,14,42,28,47,16,73,17,25,46,35,30,67,71,32
Luiz Lúcio Reis Júnior,BRA,Goalkeeper,Famalicão,0.0,2001,1,1,90,97,5,15,97,18,21,38,45,3,98,96,80,96,40,83,99,90,35,86,98,90,97
Lukas Jensen,DEN,Goalkeeper,Millwall,0.0,1999,41,41,3689,70,18,23,61,45,42,77,91,25,56,88,25,10,49,46,39,54,83,57,60,9,41
Lukáš Horníček,CZE,Goalkeeper,Braga,0.0,2002,17,17,1530,88,24,45,83,43,51,38,45,12,34,47,79,87,29,27,67,90,35,72,89,26,79
Luuk Koopmans,NED,Goalkeeper,Fortuna Sittard,0.0,1993,6,6,540,6,91,66,11,89,77,97,45,92,94,95,27,7,85,84,45,6,97,15,10,47,32
Léo Aragão,BRA,Goalkeeper,Cruzeiro,23.0,2002,1,1,90,97,1,2,97,18,21,38,45,2,3,1,0,20,21,9,5,6,35,80,98,95,5
Léo Jardim,BRA,Goalkeeper,Vasco da Gama,30.0,1995,15,15,1345,49,32,40,27,18,21,38,45,34,8,11,36,41,57,79,73,46,35,26,59,13,61
Maarten Paes,IDN,Goalkeeper,FC Dallas,27.0,1998,22,22,1980,15,69,49,28,88,90,38,45,84,73,51,47,55,51,82,59,76,35,31,16,85,46
Mads Kikkenborg,DEN,Goalkeeper,Anderlecht,0.0,1999,2,2,180,70,76,89,11,18,21,38,45,91,53,67,89,81,3,90,29,80,35,98,86,28,20
Magrão,BRA,Goalkeeper,Fortaleza,25.0,2000,3,3,270,45,44,42,11,96,96,38,45,59,21,21,3,52,76,14,18,18,35,62,41,38,25
Manuel Roffo,ARG,Goalkeeper,Instituto,25.0,2000,19,19,1710,50,47,47,73,55,64,38,45,38,72,58,16,27,61,52,79,33,35,30,50,73,76
Manuel Vicentini,ARG,Goalkeeper,Belgrano,35.0,1990,5,5,450,70,29,29,75,76,21,98,45,80,58,87,33,38,79,97,38,97,98,96,39,13,21
Marcelo Lomba,BRA,Goalkeeper,br Palmeiras,38.0,1986,1,1,90,97,1,2,97,18,21,38,45,0,3,0,42,98,21,6,96,6,35,50,98,99,99
Marco Bleve,ITA,Goalkeeper,Carrarese,0.0,1995,24,24,2092,63,66,77,89,84,86,84,45,61,81,64,86,31,36,56,84,55,79,89,78,80,80
Marco Festa,ITA,Goalkeeper,Mantova,0.0,1992,38,38,3420,37,62,64,41,40,48,38,45,65,19,14,93,17,18,68,33,55,35,53,48,57,29
Marco Pissardo,ITA,Goalkeeper,Bari,0.0,1998,2,1,109,7,98,98,95,18,21,38,45,93,98,98,17,58,99,92,93,6,35,18,55,70,83
Marco Silvestri,ITA,Goalkeeper,Sampdoria,0.0,1991,7,7,630,23,67,59,28,61,71,38,45,44,21,28,50,37,35,37,62,6,35,9,25,25,71
Marcos Felipe,BRA,Goalkeeper,br Bahia,29.0,1996,15,14,1332,65,35,46,68,61,71,38,45,28,38,24,75,83,72,77,32,88,35,59,70,72,26
Marcos Ignacio Ledesma,ARG,Goalkeeper,Barracas Central,28.0,1996,19,19,1710,59,48,63,61,18,21,38,45,28,83,78,7,36,56,90,93,22,35,31,72,59,84
Marcão,BRA,Goalkeeper,Juventude,33.0,1992,6,5,495,20,97,99,34,72,81,38,45,90,11,29,40,85,12,55,52,41,35,84,84,7,50
Marino Arzamendia,PAR,Goalkeeper,py Olimpia,27.0,1998,2,2,180,1,93,35,11,98,98,38,45,97,86,53,23,35,59,11,29,90,35,2,2,95,51
Marius Adamonis,LTU,Goalkeeper,Südtirol,0.0,1997,15,15,1350,56,51,59,54,18,21,38,45,51,94,90,6,20,77,83,38,27,35,68,62,76,28
Mark Spenkelink,NED,Goalkeeper,RKC Waalwijk,0.0,1997,4,4,360,3,93,59,11,94,95,38,45,97,73,77,94,12,7,62,14,15,35,8,6,43,13
Mark Travers,IRL,Goalkeeper,Middlesbrough,0.0,1999,17,17,1530,57,72,83,47,18,21,38,45,56,11,50,45,59,56,42,64,76,35,77,81,4,70
Marko Gudžulić,SRB,Goalkeeper,Estrela,0.0,2002,2,2,180,35,60,59,86,94,21,99,45,45,92,96,57,35,91,90,96,25,99,18,39,34,92
Marko Ilić,SRB,Goalkeeper,Kortrijk,0.0,1998,5,5,425,16,89,91,11,18,21,38,45,92,80,57,10,84,32,42,61,49,35,82,56,87,67
Martin Delavallée,BEL,Goalkeeper,Charleroi,0.0,2004,8,8,720,28,91,93,26,18,21,38,45,82,84,64,68,97,36,29,40,76,35,77,67,85,51
Martín Campaña,URU,Goalkeeper,uy Peñarol,36.0,1989,3,3,270,87,54,81,94,18,21,38,45,9,77,77,1,3,69,89,88,6,35,50,92,47,74
Martín Silva,URU,Goalkeeper,py Libertad,42.0,1983,1,1,90,13,44,15,11,18,21,38,45,91,21,9,10,7,97,14,5,90,35,66,6,84,5
Matheus,BRA,Goalkeeper,Ajax,0.0,1992,26,26,2340,63,22,27,78,48,56,38,45,20,24,33,79,77,41,19,73,75,35,30,53,23,85
Matheus Donelli,BRA,Goalkeeper,Corinthians,23.0,2002,5,5,450,56,36,39,38,76,84,38,45,37,15,7,15,45,59,15,38,21,35,41,48,71,56
Matheus Teixeira,BRA,Goalkeeper,Rio Ave,0.0,1999,1,0,15,97,0,0,11,18,21,38,45,0,0,84,98,0,97,1,5,6,35,50,0,0,5
Matt Freese,USA,Goalkeeper,NYCFC,26.0,1998,21,21,1890,48,56,68,56,40,48,38,45,51,7,7,52,94,14,32,55,74,35,55,72,12,64
Matt Ingram,ENG,Goalkeeper,Oxford United,0.0,1993,1,1,90,3,76,15,11,18,21,38,45,97,21,67,76,96,85,92,5,6,35,15,1,5,5
Matteo Pisseri,ITA,Goalkeeper,Cesena,0.0,1991,11,11,990,33,44,37,71,50,21,92,45,55,16,22,25,92,65,61,52,71,91,23,26,24,47
Matthieu Epolo,BEL,Goalkeeper,Standard Liège,0.0,2004,19,18,1665,60,79,87,80,40,21,87,45,61,83,86,26,25,70,66,68,53,83,85,82,44,67
Mattijs Branderhorst,NED,Goalkeeper,Fortuna Sittard,0.0,1993,28,28,2520,42,67,70,71,45,54,38,45,62,68,83,27,70,70,71,95,50,35,59,57,26,94
Matías Borgogno,ARG,Goalkeeper,San Martín de San Juan,26.0,1998,19,19,1710,59,34,39,41,40,48,38,45,40,91,90,31,4,78,57,84,45,35,53,51,64,80
Matías Mansilla,ARG,Goalkeeper,ar Estudiantes–LP,29.0,1996,24,24,2160,63,21,22,74,68,67,84,45,27,54,46,10,54,74,62,57,56,79,43,36,62,52
Matías Tagliamonte,ARG,Goalkeeper,Unión,27.0,1998,5,5,450,93,8,15,92,76,21,98,45,8,58,62,3,45,59,62,73,21,98,82,81,46,71
Max O'Leary,IRL,Goalkeeper,Bristol City,0.0,1996,46,46,4140,56,34,37,43,38,45,38,45,41,65,78,55,74,18,30,57,86,35,47,46,31,69
Maxence Prevot,FRA,Goalkeeper,OH Leuven,0.0,1997,1,1,90,70,76,89,11,18,21,38,45,96,99,97,91,81,76,99,96,59,35,99,86,97,72
Maxime Crépeau,CAN,Goalkeeper,Portland Timbers,31.0,1994,12,12,1080,45,76,81,49,18,21,38,45,53,57,49,70,77,42,18,29,48,35,46,71,62,41
Maxime Delanghe,BEL,Goalkeeper,Cercle Brugge,0.0,2001,21,21,1881,48,50,49,65,61,61,87,45,58,63,90,20,5,44,34,14,84,83,66,46,11,16
Michael Brouwer,NED,Goalkeeper,Utrecht,0.0,1993,3,3,270,94,21,59,94,89,92,38,45,32,77,88,60,39,76,96,5,74,35,97,95,24,5
Michael Collodi,USA,Goalkeeper,FC Dallas,24.0,2001,2,2,180,70,14,15,86,18,21,38,45,45,14,19,71,89,9,46,29,98,35,83,39,19,29
Michael Cooper,ENG,Goalkeeper,Sheffield Utd,0.0,1999,43,43,3870,82,20,36,84,57,58,77,45,17,79,70,84,61,24,57,89,50,71,70,80,64,87
Michael Verrips,NED,Goalkeeper,Dender,0.0,1996,27,27,2336,31,74,76,54,84,89,38,45,79,77,73,24,11,55,81,52,12,35,74,54,54,38
Michele Cerofolini,ITA,Goalkeeper,Frosinone,0.0,1999,36,36,3240,57,47,46,43,68,64,89,45,47,49,69,66,39,51,76,55,28,86,63,51,20,43
Mickey van der Hart,NED,Goalkeeper,Heerenveen,0.0,1994,19,18,1695,22,87,85,30,65,74,38,45,88,51,56,97,58,4,22,35,83,35,81,51,38,49
Miguel Jiménez Ponce,MEX,Goalkeeper,Puebla,0.0,1990,24,24,2160,25,72,65,32,82,67,96,45,68,66,86,8,13,96,94,50,20,95,26,27,21,28
Miguel Ortega,MEX,Goalkeeper,Tijuana,0.0,1995,3,3,270,13,54,26,11,89,92,38,45,87,57,31,90,29,9,15,45,74,35,40,10,88,65
Mika,POR,Goalkeeper,Moreirense,0.0,1991,1,0,3,97,0,0,100,18,21,38,45,0,0,0,99,0,0,0,5,6,35,50,0,0,0
Mike Hauptmeijer,NED,Goalkeeper,Zwolle,0.0,1997,4,4,360,35,44,35,11,82,21,38,100,49,81,78,63,85,79,95,94,15,99,21,22,55,84
Mike Penders,BEL,Goalkeeper,Genk,0.0,2005,11,11,989,84,11,20,71,50,58,38,45,20,72,43,87,31,13,19,85,15,35,80,74,91,91
Mirko Pigliacelli,ITA,Goalkeeper,Catanzaro,0.0,1993,38,38,3420,57,41,49,68,59,64,38,92,44,66,47,96,16,6,73,68,63,74,59,61,83,63
Mohamed Koné,CIV,Goalkeeper,Charleroi,0.0,2002,21,21,1890,70,28,36,56,74,71,87,45,35,76,59,77,55,8,24,88,82,83,70,63,78,93
Mouhamadou Sarr,SEN,Goalkeeper,Spezia,0.0,1997,4,4,360,70,35,45,49,18,21,38,45,19,79,74,18,12,45,25,90,80,35,40,70,55,95
Nahuel Guzmán,ARG,Goalkeeper,UANL,0.0,1986,28,28,2519,77,33,47,61,72,71,38,94,30,73,38,74,30,52,21,34,78,79,74,75,94,49
Nahuel Losada,ARG,Goalkeeper,Lanús,32.0,1993,18,18,1620,87,30,52,81,79,64,89,97,22,50,40,44,85,16,64,92,72,93,88,87,65,92
Nelson Insfrán,ARG,Goalkeeper,Gimnasia–LP,30.0,1995,16,16,1440,83,36,55,86,74,51,96,45,39,82,77,29,17,62,86,73,16,95,90,82,60,58
Niccolò Chiorra,ITA,Goalkeeper,Carrarese,0.0,2001,2,1,158,5,63,8,11,18,21,38,45,92,5,6,41,16,46,10,5,29,35,5,0,4,5
Nicholas Hagen,GUA,Goalkeeper,Columbus Crew,28.0,1996,3,3,270,1,98,93,11,18,21,38,45,99,0,0,8,64,28,5,45,74,35,19,12,0,84
Nicholas Hansen,DEN,Goalkeeper,Colorado Rapids,24.0,2001,10,10,900,41,66,71,59,87,84,93,45,61,58,85,48,35,62,37,92,94,92,55,64,15,95
Nick Gillekens,BEL,Goalkeeper,Westerlo,0.0,1995,1,1,90,3,99,99,11,18,21,38,45,99,94,88,86,96,85,97,5,59,35,98,68,82,5
Nick Olij,NED,Goalkeeper,Sparta R'dam,0.0,1995,34,34,3060,50,57,66,34,63,67,80,45,53,90,72,95,61,14,81,89,40,74,60,66,88,80
Nick Shinton,BEL,Goalkeeper,Beerschot,0.0,2001,21,21,1845,20,90,91,29,76,84,38,45,88,45,71,81,45,24,87,32,73,35,75,54,14,23
Nico Mantl,GER,Goalkeeper,Arouca,0.0,2000,29,29,2610,37,49,44,47,85,89,38,45,59,40,25,52,65,57,69,55,77,35,38,34,77,47
Nicola Ravaglia,ITA,Goalkeeper,Carrarese,0.0,1988,2,1,158,23,63,51,11,95,96,38,45,92,88,91,21,4,82,41,34,29,35,94,22,49,38
Nicolas Schmid,AUT,Goalkeeper,Portsmouth,0.0,1997,35,35,3090,41,51,54,45,37,43,38,45,57,95,98,75,4,37,43,21,97,35,46,53,28,19
Nordin Bakker,NED,Goalkeeper,Almere City,0.0,1997,34,34,3050,16,83,77,41,18,21,38,45,74,92,96,71,43,66,76,87,88,35,17,36,31,80
Nordin Jackers,BEL,Goalkeeper,Club Brugge,0.0,1997,1,0,31,4,99,98,11,18,21,38,45,95,96,41,99,99,0,1,99,6,35,5,40,99,99
Novak Mićović,SRB,Goalkeeper,LA Galaxy,23.0,2001,13,13,1170,23,44,24,29,18,21,38,45,76,12,35,47,37,35,26,73,16,35,46,14,6,82
Nícolas Andrade,BRA,Goalkeeper,Pisa,0.0,1988,1,1,90,70,44,59,11,18,21,38,45,12,62,74,30,0,9,3,5,90,35,21,75,34,5
Oliver Christensen,DEN,Goalkeeper,Salernitana,0.0,1999,16,16,1440,77,18,23,74,18,21,38,45,25,76,75,48,52,55,72,86,69,35,64,57,50,79
Oliver Dovin,SWE,Goalkeeper,Coventry City,0.0,2002,28,28,2467,62,25,33,56,38,45,38,45,35,35,41,69,17,30,39,23,75,35,59,63,36,23
Orlando Gil,PAR,Goalkeeper,San Lorenzo,25.0,2000,19,19,1710,90,11,28,91,18,21,38,45,9,65,74,9,11,81,61,41,14,35,68,90,36,37
Ortwin De Wolf,BEL,Goalkeeper,Mechelen,0.0,1997,30,30,2700,45,68,79,59,68,77,38,45,67,50,48,77,81,67,72,80,43,35,77,73,51,71
Oscar Jiménez,MEX,Goalkeeper,León,0.0,1988,8,8,720,42,81,83,26,18,21,38,45,53,70,49,44,71,83,27,73,32,35,43,69,83,82
Pablo Lara,MEX,Goalkeeper,UNAM,0.0,2005,7,7,630,48,64,74,56,18,21,38,45,30,62,60,46,33,78,14,50,96,35,20,76,56,73
Pablo Sisniega,MEX,Goalkeeper,San Diego FC,30.0,1995,4,4,360,83,19,45,49,82,88,38,45,19,1,3,80,96,2,4,90,90,35,77,92,10,98
Paolo Vismara,ITA,Goalkeeper,Sampdoria,0.0,2003,10,7,753,20,90,85,84,57,21,96,45,75,24,60,43,55,60,68,85,20,95,28,36,8,78
Patrick Schulte,USA,Goalkeeper,Columbus Crew,24.0,2001,17,17,1530,44,29,23,26,43,51,38,45,48,12,13,82,72,33,7,12,86,35,38,26,26,15
Patrick Sequeira,CRC,Goalkeeper,Casa Pia,0.0,1999,32,32,2880,49,73,81,43,79,82,38,92,54,36,59,67,81,38,62,84,42,74,60,73,16,78
Patrik Gunnarsson,ISL,Goalkeeper,Kortrijk,0.0,2000,11,11,922,32,27,18,24,18,21,38,45,63,85,80,40,88,67,86,80,38,35,31,14,61,63
Pau López,ESP,Goalkeeper,Toluca,0.0,1994,10,10,900,47,33,35,75,18,21,38,45,16,18,17,88,48,71,15,23,73,35,10,43,41,31
Paul Nardi,FRA,Goalkeeper,QPR,0.0,1994,45,45,4050,41,38,36,38,45,54,38,45,53,52,63,75,57,32,60,13,51,35,38,32,33,11
Pedro Gallese,PER,Goalkeeper,Orlando City,35.0,1990,23,23,2070,44,52,54,70,59,69,38,45,62,51,36,16,11,37,63,43,67,35,66,50,76,38
Pierce Charles,NIR,Goalkeeper,Sheffield Weds,0.0,2005,8,8,720,51,35,28,11,57,21,96,45,72,84,59,92,71,18,45,89,32,95,89,25,90,90
Plamen Andreev,BUL,Goalkeeper,Feyenoord,0.0,2004,1,1,90,13,44,15,11,98,98,38,45,59,62,35,91,20,1,1,73,100,35,5,6,90,97
Przemysław Tytoń,POL,Goalkeeper,Twente,0.0,1987,3,3,270,1,94,59,11,18,21,38,45,97,69,39,85,81,40,22,18,90,35,3,3,91,22
Rafael Cabral,BRA,Goalkeeper,Real Salt Lake,35.0,1990,24,24,2160,51,49,47,49,78,67,92,45,58,37,28,92,32,65,18,11,83,90,72,45,63,12
Rafael Pires,BRA,Goalkeeper,br São Paulo,36.0,1989,23,23,2070,70,28,38,70,68,69,38,94,33,14,23,7,9,57,67,21,42,79,68,68,15,16
Randall Rodríguez,URU,Goalkeeper,Vélez Sarsfield,21.0,2003,1,1,90,0,98,89,11,98,98,38,45,99,42,74,37,81,59,14,73,6,35,2,6,10,89
Remko Pasveer,NED,Goalkeeper,Ajax,0.0,1983,24,24,2160,76,33,47,82,18,21,38,45,37,83,57,95,69,13,23,78,66,35,77,77,89,85
Ricardo Batista,POR,Goalkeeper,Casa Pia,0.0,1986,1,1,90,70,5,2,11,98,98,38,45,12,3,1,76,20,3,14,5,90,35,21,6,95,5
Ricardo Gutiérrez,MEX,Goalkeeper,Mazatlán,0.0,1997,1,0,45,97,99,99,11,18,21,38,45,59,42,27,42,7,40,6,5,6,35,99,98,74,5
Ricardo Velho,POR,Goalkeeper,Farense,0.0,1998,28,28,2520,40,60,66,41,82,85,38,94,61,74,77,35,48,87,77,82,50,79,50,54,45,72
Riccardo Gagno,ITA,Goalkeeper,Modena,0.0,1997,37,37,3330,49,30,27,36,55,56,80,45,37,72,75,44,29,69,88,93,17,74,28,31,46,87
Robin Roefs,NED,Goalkeeper,NEC Nijmegen,0.0,2003,32,32,2880,47,68,79,60,37,43,38,45,65,67,81,86,62,47,59,92,76,35,77,73,29,92
Rocco Ríos Novo,ARG,Goalkeeper,Inter Miami,23.0,2002,6,3,430,64,10,7,78,18,21,38,45,28,46,10,91,60,12,30,25,33,35,50,19,98,27
Rodolfo Cota,MEX,Goalkeeper,América,0.0,1987,6,5,495,84,16,27,90,18,21,38,45,8,14,8,77,27,30,2,22,64,35,36,80,65,53
Rodrigo Morínigo,PAR,Goalkeeper,py Libertad,26.0,1998,5,5,450,89,29,59,92,18,21,38,45,11,95,89,21,7,85,85,12,30,35,77,91,82,11
Rodrigo Rey,ARG,Goalkeeper,Independiente,34.0,1991,19,19,1710,79,15,24,73,65,74,38,45,22,59,40,37,55,42,30,35,17,35,66,79,83,45
Rodrigo Saracho,ARG,Goalkeeper,bo San Antonio Bulo Bulo,31.0,1994,6,6,540,6,98,97,11,68,77,38,45,96,90,95,23,10,99,94,59,48,35,34,43,37,37
Roman Bürki,SUI,Goalkeeper,St. Louis,34.0,1990,15,15,1350,22,89,89,38,76,84,38,45,82,69,58,81,81,53,25,38,67,35,62,58,69,50
Roman Celentano,USA,Goalkeeper,FC Cincinnati,24.0,2000,25,25,2250,52,48,52,71,76,67,84,94,51,30,28,41,73,60,64,57,22,90,62,58,50,53
Rome-Jayden Owusu-Oduro,NED,Goalkeeper,AZ Alkmaar,0.0,2004,28,28,2520,54,15,9,61,55,45,84,94,25,49,52,51,24,11,21,66,25,88,24,16,45,81
Ronaldo,BRA,Goalkeeper,br Bahia,28.0,1996,7,7,558,81,38,53,61,65,21,97,45,25,32,37,72,47,36,46,87,93,96,82,74,37,88
Roy Kortsmit,NED,Goalkeeper,NAC Breda,0.0,1992,1,1,90,3,44,2,11,98,98,38,45,98,99,97,57,2,3,29,96,90,35,34,0,93,97
Rubén Cordano,BOL,Goalkeeper,bo Bolívar,26.0,1998,2,2,180,13,93,89,11,18,21,38,45,49,21,32,96,95,40,11,29,6,35,3,39,21,51
Rui Encarnação,POR,Goalkeeper,Nacional,0.0,1998,2,1,135,5,67,15,11,100,100,38,45,85,28,21,18,3,16,36,5,74,35,2,3,54,5
Rui Silva,POR,Goalkeeper,Sporting CP,0.0,1994,17,17,1530,83,3,4,70,81,87,38,45,12,15,10,8,20,28,17,50,84,35,57,34,58,68
Salvatore Sirigu,ITA,Goalkeeper,Palermo,0.0,1987,3,3,270,87,7,7,94,18,21,38,45,4,42,27,57,7,11,40,18,18,35,14,64,74,19
Samuel Soares,POR,Goalkeeper,Benfica,0.0,2002,2,2,180,97,8,15,97,94,21,99,45,5,3,3,2,89,21,2,73,25,99,93,86,43,96
Samuele Perisan,ITA,Goalkeeper,Sampdoria,0.0,1997,1,1,57,97,2,6,11,18,21,38,45,3,25,36,2,74,90,98,92,6,35,87,98,22,74
Sean Johnson,USA,Goalkeeper,Toronto FC,36.0,1989,24,24,2160,45,67,73,49,68,77,38,45,77,27,34,36,40,63,34,29,45,35,89,65,30,34
Sebastian Breza,CAN,Goalkeeper,CF Montréal,27.0,1998,3,3,270,3,95,81,11,18,21,38,45,97,21,19,57,64,6,14,96,36,35,15,10,43,98
Sebastiano Desplanches,ITA,Goalkeeper,Palermo,0.0,2003,21,20,1854,65,31,42,56,40,48,38,45,14,37,25,69,86,29,59,47,68,35,24,70,65,43
Sebastián Britos,URU,Goalkeeper,pe Universitario,37.0,1988,6,6,540,87,60,86,65,18,21,38,45,32,88,84,4,20,95,86,29,87,35,91,93,68,21
Sebastián Jurado,MEX,Goalkeeper,FC Juárez,0.0,1997,21,21,1890,40,49,45,47,52,61,38,45,49,27,47,61,23,35,34,32,32,35,28,39,16,35
Sebastián Meza,ARG,Goalkeeper,Huracán,25.0,2000,3,3,270,25,21,7,65,89,92,38,45,40,16,42,14,73,9,33,45,36,35,8,8,8,54
Senne Lammens,BEL,Goalkeeper,Antwerp,0.0,2002,30,30,2700,64,85,92,45,76,54,96,45,65,54,47,83,91,17,42,89,39,96,91,84,62,93
Seny Dieng,SEN,Goalkeeper,Middlesbrough,0.0,1994,17,17,1530,52,10,6,56,18,21,38,45,20,6,8,61,78,14,55,50,76,35,17,16,8,47
Sergio Rochet,URU,Goalkeeper,Internacional,32.0,1993,5,5,405,92,58,89,81,18,21,38,45,21,13,44,38,93,23,77,13,6,35,94,95,6,11
Simon Mignolet,BEL,Goalkeeper,Club Brugge,0.0,1988,30,30,2669,57,25,26,54,59,61,80,45,42,59,29,77,43,18,35,34,53,74,57,42,93,40
Simon Moore,ENG,Goalkeeper,Sunderland,0.0,1990,4,4,360,91,8,15,95,18,21,38,45,5,31,46,39,93,45,68,73,71,35,43,86,21,68
Simone Ghidotti,ITA,Goalkeeper,Sampdoria,0.0,2000,9,9,720,70,93,96,26,18,21,38,45,62,42,61,64,47,40,85,94,32,35,92,91,21,89
Simão Bertelli,BRA,Goalkeeper,AVS Futebol,0.0,1993,11,11,990,43,82,82,34,84,81,92,45,87,71,61,56,57,66,47,52,41,91,94,66,69,53
Sinan Bolat,TUR,Goalkeeper,Westerlo,0.0,1988,11,11,990,20,88,85,23,72,81,38,45,81,70,70,70,62,62,65,42,64,35,43,45,51,37
Solomon Brynn,ENG,Goalkeeper,Middlesbrough,0.0,2000,6,6,509,30,57,50,34,18,21,38,45,76,7,8,46,86,23,47,94,51,35,62,28,15,95
Stefan Frei,SUI,Goalkeeper,Seattle Sounders,39.0,1986,18,18,1620,61,28,38,65,68,77,38,45,25,24,24,31,48,53,20,33,28,35,38,65,34,48
Stefano Gori,ITA,Goalkeeper,Spezia,0.0,1996,23,23,2070,80,23,41,89,38,45,38,45,15,80,59,33,54,26,37,39,44,35,57,84,84,45
Stijn van Gassel,NED,Goalkeeper,NEC Nijmegen,0.0,1996,2,2,180,13,97,98,11,94,95,38,45,93,9,84,73,99,96,98,73,80,35,83,70,2,32
Thiago Cardozo,URU,Goalkeeper,Unión,28.0,1996,17,17,1526,70,24,30,56,72,67,38,97,28,34,41,11,65,60,50,43,19,86,60,59,34,43
Thomas Didillon,FRA,Goalkeeper,Willem II,0.0,1995,34,34,3060,27,84,83,29,72,81,38,45,82,89,85,55,42,78,89,79,17,35,72,59,67,59
Thomas Hasal,CAN,Goalkeeper,LAFC,26.0,1999,1,1,90,0,99,89,11,18,21,38,45,98,3,9,53,98,40,18,96,6,35,0,3,3,97
Thomas Kaminski,BEL,Goalkeeper,Luton Town,0.0,1992,45,45,3990,34,55,49,45,45,48,77,45,56,96,95,59,15,72,49,33,83,71,25,30,59,34
Thomas Vettorel,ITA,Goalkeeper,Cosenza,0.0,2000,2,1,124,10,55,20,11,96,97,38,45,83,51,48,41,17,74,3,5,93,35,13,8,52,5
Théo Defourny,BEL,Goalkeeper,Charleroi,0.0,1992,1,1,90,13,44,15,11,18,21,38,45,66,3,27,42,20,21,9,5,59,35,8,6,1,5
Tiago Volpi,BRA,Goalkeeper,Grêmio,34.0,1990,35,35,3150,58,64,74,52,61,71,38,45,64,85,64,70,23,55,67,64,53,35,86,72,87,60
Timon Wellenreuther,GER,Goalkeeper,Feyenoord,0.0,1995,29,29,2610,75,24,29,68,45,43,80,45,32,52,37,94,67,5,13,36,96,74,72,58,76,61
Tobe Leysen,BEL,Goalkeeper,OH Leuven,0.0,2002,29,29,2610,62,55,70,60,68,71,80,45,60,80,82,88,88,63,74,73,56,74,87,78,45,65
Tom Glover,AUS,Goalkeeper,Middlesbrough,0.0,1997,7,6,571,76,6,3,83,18,21,38,45,7,39,68,78,90,34,26,86,65,35,14,9,14,91
Tom Vandenberghe,BEL,Goalkeeper,Gent,0.0,1992,12,12,1080,15,79,69,32,48,56,38,45,83,71,55,43,91,19,49,84,29,35,31,27,76,83
Tomas Romero,SLV,Goalkeeper,NYCFC,24.0,2000,3,3,270,87,31,72,65,18,21,38,45,32,7,4,50,52,48,52,45,18,35,91,95,55,45
Tomás Durso,ARG,Goalkeeper,Atlé Tucumán,26.0,1999,11,11,990,33,50,40,34,84,58,92,99,71,78,74,32,59,74,24,52,77,97,55,24,53,65
Tomás Marchiori,ARG,Goalkeeper,ar Vélez Sarsfield,30.0,1995,24,24,2160,76,22,37,78,48,45,38,94,17,19,20,7,37,74,33,40,15,79,41,77,37,48
Tomáš Vaclík,CZE,Goalkeeper,Boavista,0.0,1989,12,12,1080,19,94,95,49,82,88,38,45,87,84,75,21,88,94,82,66,59,35,62,67,66,55
Tomé,POR,Goalkeeper,Boavista,0.0,2006,2,2,180,6,76,35,11,18,21,38,45,38,86,94,0,0,99,80,5,59,35,1,6,25,5
Vasilios Barkas,GRE,Goalkeeper,Utrecht,0.0,1994,31,31,2790,40,61,65,45,52,61,38,45,56,63,56,66,43,44,44,68,52,35,43,52,64,75
Vicente Reyes,CHI,Goalkeeper,Norwich City,0.0,2003,4,3,271,9,41,7,11,18,21,38,45,85,6,5,22,79,5,36,18,96,35,9,2,8,19
Viktor Johansson,SWE,Goalkeeper,Stoke City,0.0,1998,46,46,4140,44,62,70,59,55,54,77,91,70,48,69,79,69,26,79,81,94,79,80,66,20,70
Vincenzo Fiorillo,ITA,Goalkeeper,Salernitana,0.0,1990,17,16,1366,27,52,38,22,59,69,38,45,62,56,56,32,22,87,74,66,27,35,21,18,48,58
Vladan Kovačević,BIH,Goalkeeper,Sporting CP,0.0,1998,6,6,540,80,9,10,65,18,21,38,45,8,3,2,6,29,2,8,29,36,35,19,49,64,58
Václav Hladký,CZE,Goalkeeper,Burnley,0.0,1990,1,1,90,97,44,89,97,18,21,38,45,2,9,14,87,52,3,40,96,6,35,66,98,10,96
Walter,BRA,Goalkeeper,Mirassol,37.0,1987,9,9,810,90,72,92,81,55,21,94,45,54,33,35,60,92,21,96,64,18,93,97,93,39,39
Walter Benítez,ARG,Goalkeeper,PSV Eindhoven,0.0,1993,34,34,3015,59,15,11,54,43,51,38,45,31,44,16,87,42,10,10,38,78,35,38,21,92,69
Warleson,BRA,Goalkeeper,Cercle Brugge,0.0,1996,10,9,817,17,82,71,11,18,21,38,45,95,93,93,28,4,32,12,33,98,35,92,25,54,56
Wessel Speel,NED,Goalkeeper,Minnesota Utd,23.0,2001,3,3,199,5,61,9,11,93,94,38,45,96,61,86,50,1,87,53,26,6,35,17,2,17,25
Will Norris,ENG,Goalkeeper,Portsmouth,0.0,1993,8,8,720,7,91,80,49,92,93,38,45,90,88,95,83,41,42,57,22,59,35,13,20,30,19
Williams Barlasina,ARG,Goalkeeper,Aldosivi,27.0,1998,6,6,540,19,70,59,11,18,21,38,45,70,46,38,4,68,69,79,73,13,35,17,21,63,63
Wéverton,BRA,Goalkeeper,br Palmeiras,37.0,1987,20,20,1800,82,17,24,82,63,61,87,45,15,31,61,31,30,46,39,61,55,83,62,69,11,68
Yanick van Osch,NED,Goalkeeper,RKC Waalwijk,0.0,1997,3,3,270,3,98,98,11,89,92,38,45,99,96,93,87,39,96,99,73,36,35,86,32,74,29
Yohei Takaoka,JPN,Goalkeeper,Vancouver W'caps,29.0,1996,24,24,2160,63,24,23,82,68,67,84,45,29,26,21,62,44,35,31,40,81,79,46,42,49,49
Zack Steffen,USA,Goalkeeper,Colorado Rapids,30.0,1995,14,14,1260,31,90,92,56,18,21,38,45,86,64,77,51,78,61,81,62,72,35,88,68,31,50
Éverson,BRA,Goalkeeper,Atlético Mineiro,35.0,1990,14,14,1260,70,40,59,86,18,21,38,45,39,67,55,82,58,5,27,29,92,35,75,80,72,36
Óscar Ustari,ARG,Goalkeeper,Inter Miami,39.0,1986,17,17,1362,30,74,75,27,18,21,38,45,58,48,15,88,92,27,22,23,93,35,21,52,96,28
