Player,Nation,General Position,Team,Age,Born,Matches Played,Starts,Minutes Played,Goals Against,Shots on Target Against,Saves,Clean Sheets,Penalty Kicks Attempted,Penalty Kicks Allowed,Penalty Kicks Saved,Penalty Kicks Missed,Post-Shot Expected Goals,Launched Passes Completed,Launched Passes Attempted,Passes Attempted (GK),Through Balls,Goal Kicks Attempted,Crosses Opposed,Crosses Stopped,Defensive Actions Outside Penalty Area,Penalties Winner,Efficiency,% Saves,% Long Passes,% Crosses Stopped
AJ Marcucci,USA,Goalkeeper,NY Red Bulls,25.0,1999,1,1,90,1.0,2.0,1.0,0.0,0.0,0.0,0.0,0.0,0.7,4.0,16.0,27.0,3.0,4.0,8.0,1.0,2.0,0.0,-0.3,50.0,25.0,12.5
Adam Beaudry,USA,Goalkeeper,Colorado Rapids,19.0,2006,1,1,90,3.0,5.0,3.0,0.0,0.0,0.0,0.0,0.0,2.3,4.0,18.0,21.0,6.0,6.0,4.0,0.0,0.0,0.0,-0.7,60.0,22.22,0.0
Adam Davies,WAL,Goalkeeper,Sheffield Utd,0.0,1992,3,3,270,1.0,2.33,1.33,0.33,0.0,0.0,0.0,0.0,0.9,5.33,12.67,26.33,5.33,5.67,16.33,1.33,0.0,0.0,-0.1,57.08,42.07,8.14
Adrian Šemper,CRO,Goalkeeper,Pisa,0.0,1998,36,36,3240,0.92,3.36,2.47,0.31,0.03,0.03,0.0,0.0,1.04,7.33,17.28,28.17,2.36,4.92,14.08,1.06,0.61,0.0,0.12,73.51,42.42,7.53
Agustín Marchesín,ARG,Goalkeeper,Boca Juniors,37.0,1988,17,17,1530,0.71,3.35,2.65,0.47,0.0,0.0,0.0,0.0,0.85,3.35,9.24,21.76,4.76,8.41,14.41,0.71,0.53,0.0,0.15,79.1,36.26,4.93
Agustín Rossi,ARG,Goalkeeper,br Flamengo,29.0,1995,22,22,1980,0.41,2.59,2.09,0.68,0.14,0.05,0.09,0.0,0.55,2.82,7.41,25.45,3.27,3.77,10.77,1.05,0.82,0.09,0.15,80.69,38.06,9.75
Alan Aguerre,ARG,Goalkeeper,ar Cen. Córdoba–SdE,34.0,1990,23,23,2070,1.22,3.22,2.04,0.3,0.09,0.09,0.0,0.0,1.0,2.91,10.83,14.96,2.52,7.61,12.96,0.39,0.35,0.0,-0.21,63.35,26.87,3.01
Aldair Quintana,COL,Goalkeeper,co CA Bucaramanga,31.0,1994,6,6,540,1.67,5.67,3.83,0.17,0.33,0.17,0.17,0.0,1.75,4.33,10.67,21.0,5.5,7.17,13.33,0.67,1.0,0.17,0.08,67.55,40.58,5.03
Alec Smir,USA,Goalkeeper,Minnesota Utd,26.0,1999,2,1,161,1.68,5.03,3.35,0.0,0.0,0.0,0.0,0.0,1.68,5.59,21.24,22.36,1.68,6.15,17.89,0.0,1.12,0.0,0.0,66.6,26.32,0.0
Alessandro Micai,ITA,Goalkeeper,Cosenza,0.0,1993,37,37,3296,1.45,4.26,2.92,0.19,0.08,0.05,0.0,0.03,1.26,7.1,18.38,32.44,3.58,5.41,15.05,1.5,2.32,0.03,-0.18,68.54,38.63,9.97
Alessandro Russo,ITA,Goalkeeper,Sassuolo,0.0,2001,1,1,90,1.0,5.0,4.0,0.0,1.0,1.0,0.0,0.0,1.5,1.0,3.0,28.0,12.0,4.0,8.0,2.0,1.0,0.0,0.5,80.0,33.33,25.0
Alessandro Sorrentino,ITA,Goalkeeper,Frosinone,0.0,2002,2,2,180,3.5,7.5,4.0,0.0,0.5,0.5,0.0,0.0,2.85,4.0,10.0,24.0,4.5,4.5,13.5,0.5,0.0,0.0,-0.65,53.33,40.0,3.7
Alessio Cragno,ITA,Goalkeeper,Sampdoria,0.0,1994,14,14,1260,1.0,2.71,1.71,0.43,0.07,0.07,0.0,0.0,1.06,6.64,16.43,23.29,3.79,7.57,14.5,1.5,1.29,0.0,0.06,63.1,40.41,10.34
Alex Muralha,BRA,Goalkeeper,Mirassol,35.0,1989,6,6,540,1.5,4.17,2.67,0.0,0.17,0.17,0.0,0.0,1.3,2.17,8.83,20.5,3.17,5.67,18.83,0.5,2.33,0.0,-0.2,64.03,24.58,2.66
Alex Padilla,ESP,Goalkeeper,UNAM,0.0,2003,10,10,900,1.7,3.9,2.2,0.2,0.1,0.1,0.0,0.0,1.35,4.8,13.1,26.4,4.0,6.7,12.4,0.9,0.6,0.0,-0.35,56.41,36.64,7.26
Alex Palmer,ENG,Goalkeeper,West Brom,0.0,1996,30,30,2700,0.9,3.37,2.57,0.37,0.03,0.03,0.0,0.0,0.9,4.57,14.77,35.67,4.77,5.27,15.47,1.1,1.4,0.0,0.0,76.26,30.94,7.11
Alexis Martin Arias,ARG,Goalkeeper,py Cerro Porteño,33.0,1992,3,3,270,2.0,7.0,5.0,0.33,0.0,0.0,0.0,0.0,1.9,11.0,21.0,16.33,2.67,12.33,19.33,0.33,0.67,0.0,-0.1,71.43,52.38,1.71
Alexis Villa,ECU,Goalkeeper,ec LDU de Quito,23.0,2001,1,0,14,0.0,0.0,0.0,6.43,0.0,0.0,0.0,0.0,0.0,12.86,38.57,25.71,0.0,12.86,12.86,0.0,0.0,0.0,0.0,,33.34,0.0
Alfonso Blanco Antúnez,MEX,Goalkeeper,León,0.0,1987,26,26,2340,1.27,4.96,3.77,0.27,0.15,0.12,0.0,0.04,1.36,4.92,12.65,26.73,4.92,9.27,14.04,0.42,0.77,0.04,0.09,76.01,38.89,2.99
Alfred Gomis,SEN,Goalkeeper,Palermo,0.0,1993,1,1,36,0.0,5.0,5.0,0.0,0.0,0.0,0.0,0.0,0.0,2.5,2.5,40.0,5.0,2.5,7.5,0.0,0.0,0.0,0.0,100.0,100.0,0.0
Aljaž Ivačič,SVN,Goalkeeper,NE Revolution,31.0,1993,24,24,2160,1.46,4.21,2.75,0.33,0.17,0.17,0.0,0.0,1.31,3.46,11.54,18.25,2.38,8.25,12.21,0.38,0.46,0.0,-0.15,65.32,29.98,3.11
Anatolii Trubin,UKR,Goalkeeper,Benfica,0.0,2001,32,32,2880,0.88,3.16,2.25,0.41,0.09,0.06,0.03,0.0,1.05,2.28,6.12,21.75,4.28,5.09,8.97,0.69,0.56,0.03,0.17,71.2,37.25,7.69
Andre Blake,JAM,Goalkeeper,Philadelphia Union,34.0,1990,15,15,1350,0.93,3.13,2.2,0.33,0.13,0.13,0.0,0.0,1.06,5.07,11.2,22.53,3.07,5.47,10.2,0.47,1.53,0.0,0.13,70.29,45.27,4.61
Andrea Fulignati,ITA,Goalkeeper,Cremonese,0.0,1994,38,38,3420,1.16,3.05,1.95,0.21,0.16,0.13,0.0,0.03,1.07,4.21,10.53,38.11,3.66,3.61,12.18,0.89,1.11,0.03,-0.09,63.93,39.98,7.31
Andreas Jungdal,DEN,Goalkeeper,Westerlo,0.0,2002,8,8,720,1.25,3.38,2.12,0.25,0.25,0.12,0.12,0.0,1.15,6.0,17.62,32.88,5.0,6.75,16.25,1.0,1.25,0.12,-0.1,62.72,34.05,6.15
Andrew,BRA,Goalkeeper,Gil Vicente FC,0.0,2001,33,33,2970,1.39,3.79,2.42,0.21,0.21,0.18,0.0,0.03,1.3,3.91,10.82,29.36,4.79,8.42,14.79,1.09,1.03,0.03,-0.09,63.85,36.14,7.37
Andrew Rick,USA,Goalkeeper,Philadelphia Union,19.0,2006,10,10,900,1.0,2.3,1.3,0.4,0.1,0.1,0.0,0.0,0.98,5.6,15.2,16.8,2.8,7.0,9.7,0.3,0.6,0.0,-0.02,56.52,36.84,3.09
Andrew Tarbell,USA,Goalkeeper,Houston Dynamo,31.0,1993,4,4,306,2.06,4.41,2.35,0.29,0.0,0.0,0.0,0.0,1.79,3.53,9.71,24.71,4.41,3.82,9.12,0.29,1.18,0.0,-0.26,53.29,36.35,3.18
Andrew Thomas,RUS,Goalkeeper,Seattle Sounders,26.0,1998,6,6,540,2.5,6.0,3.67,0.0,0.67,0.67,0.0,0.0,1.97,1.0,7.33,18.5,5.33,5.67,14.33,1.33,0.17,0.0,-0.53,61.17,13.64,9.28
Andries Noppert,NED,Goalkeeper,Heerenveen,0.0,1994,16,16,1365,1.58,4.42,2.9,0.2,0.07,0.07,0.0,0.0,1.6,4.29,14.97,35.54,3.82,6.07,12.66,0.86,1.58,0.0,0.02,65.61,28.66,6.79
Andrés Gudiño,MEX,Goalkeeper,Cruz Azul,0.0,1997,1,1,90,1.0,3.0,2.0,0.0,0.0,0.0,0.0,0.0,0.5,2.0,3.0,32.0,4.0,5.0,5.0,0.0,0.0,0.0,-0.5,66.67,66.67,0.0
Andrés Sánchez,MEX,Goalkeeper,Atlético,0.0,1997,30,30,2624,1.54,4.53,2.95,0.1,0.07,0.03,0.03,0.0,1.39,3.16,9.33,29.7,4.63,9.23,13.65,0.79,1.68,0.03,-0.15,65.12,33.87,5.79
Angus Gunn,SCO,Goalkeeper,Norwich City,0.0,1996,35,35,3104,1.22,3.57,2.41,0.2,0.12,0.12,0.0,0.0,1.06,2.06,8.61,35.14,4.99,4.44,13.6,0.7,1.74,0.0,-0.16,67.51,23.93,5.15
Anthoni,BRA,Goalkeeper,br Internacional,23.0,2002,18,17,1575,1.49,3.83,2.46,0.23,0.06,0.06,0.0,0.0,1.09,2.57,8.23,15.94,2.74,7.49,11.14,0.57,1.09,0.0,-0.39,64.23,31.23,5.12
Anthony Moris,LUX,Goalkeeper,Union SG,0.0,1990,30,30,2700,0.83,3.3,2.47,0.43,0.07,0.03,0.0,0.03,1.12,6.47,14.8,29.13,3.3,3.33,13.7,0.63,0.83,0.03,0.29,74.85,43.72,4.6
Anthony Patterson,ENG,Goalkeeper,Sunderland,0.0,2000,42,42,3780,1.0,3.05,2.14,0.33,0.12,0.1,0.02,0.0,0.93,3.69,12.38,29.1,4.5,6.5,13.12,0.55,0.64,0.02,-0.07,70.16,29.81,4.19
Arnaud Bodart,BEL,Goalkeeper,Standard Liège,0.0,1998,2,2,180,0.5,3.0,2.5,0.5,0.0,0.0,0.0,0.0,1.3,9.0,28.0,23.5,2.0,8.0,20.0,4.0,4.5,0.0,0.8,83.33,32.14,20.0
Arturo Delgado,MEX,Goalkeeper,FC Juárez,0.0,2002,2,2,180,0.5,5.5,5.0,0.5,0.0,0.0,0.0,0.0,1.0,5.5,16.0,30.0,4.0,9.5,8.0,1.0,0.0,0.0,0.5,90.91,34.38,12.5
Axel Werner,ARG,Goalkeeper,Rosario Central,29.0,1996,2,2,180,0.0,1.5,1.5,1.0,0.0,0.0,0.0,0.0,0.75,3.0,9.5,14.0,3.5,7.5,15.0,0.5,0.0,0.0,0.75,100.0,31.58,3.33
Aynsley Pears,ENG,Goalkeeper,Blackburn,0.0,1998,40,40,3600,1.08,3.82,2.72,0.32,0.1,0.08,0.02,0.0,1.14,4.35,14.85,26.78,3.18,4.82,15.0,0.5,0.38,0.02,0.06,71.2,29.29,3.33
Balázs Tóth,HUN,Goalkeeper,Blackburn,0.0,1997,6,6,540,0.83,3.5,2.67,0.33,0.0,0.0,0.0,0.0,1.23,3.0,18.0,24.5,3.17,7.83,15.83,1.0,0.83,0.0,0.4,76.29,16.67,6.32
Ben Killip,ENG,Goalkeeper,Portsmouth,0.0,1995,2,2,180,1.0,4.5,3.5,0.0,0.0,0.0,0.0,0.0,1.25,10.0,26.0,38.0,4.0,7.0,15.0,0.0,0.5,0.0,0.25,77.78,38.46,0.0
Ben Wilson,ENG,Goalkeeper,Coventry City,0.0,1992,4,4,360,1.25,5.5,4.25,0.5,0.0,0.0,0.0,0.0,1.2,4.0,18.0,29.5,4.25,4.5,11.75,0.75,2.5,0.0,-0.05,77.27,22.22,6.38
Benjamin Lundt,GER,Goalkeeper,St. Louis,29.0,1995,9,9,810,1.56,5.11,3.44,0.22,0.22,0.11,0.11,0.0,1.57,5.56,12.67,23.33,4.78,9.0,14.0,0.67,0.67,0.11,0.01,67.32,43.88,4.79
Benny Díaz,MEX,Goalkeeper,FC Juárez,0.0,1998,11,11,990,2.36,5.73,3.36,0.18,0.45,0.45,0.0,0.0,1.99,4.27,12.82,27.18,5.0,9.36,15.82,0.73,1.73,0.0,-0.37,58.64,33.31,4.61
Blake Gillingham,USA,Goalkeeper,Houston Dynamo,22.0,2002,4,3,294,1.22,4.59,3.37,0.61,0.0,0.0,0.0,0.0,1.87,2.45,11.94,25.41,5.51,5.2,13.47,0.61,1.22,0.0,0.64,73.42,20.52,4.53
Boris Radunović,SRB,Goalkeeper,Bari,0.0,1996,37,37,3311,1.01,4.49,3.48,0.33,0.16,0.14,0.0,0.03,1.15,3.7,9.43,20.88,5.3,6.47,15.11,0.92,0.63,0.03,0.14,77.51,39.24,6.09
Brad Guzan,USA,Goalkeeper,Atlanta Utd,40.0,1984,23,23,2070,1.91,5.39,3.48,0.09,0.22,0.22,0.0,0.0,1.72,4.3,10.3,25.17,4.61,7.13,11.09,0.3,1.22,0.0,-0.2,64.56,41.75,2.71
Brad Stuver,USA,Goalkeeper,Austin,34.0,1991,23,23,2070,1.13,4.57,3.48,0.35,0.13,0.09,0.04,0.0,1.23,5.7,15.78,30.26,4.39,7.3,14.91,1.0,0.87,0.04,0.1,76.15,36.12,6.71
Bradley Collins,ENG,Goalkeeper,Coventry City,0.0,1997,15,14,1313,1.58,3.63,2.06,0.21,0.0,0.0,0.0,0.0,1.17,5.35,15.08,28.45,3.08,6.17,12.13,0.34,1.51,0.0,-0.41,56.75,35.48,2.8
Brayan Cortés,CHI,Goalkeeper,cl Colo-Colo,30.0,1995,5,5,450,3.0,6.4,3.4,0.0,0.0,0.0,0.0,0.0,1.86,3.0,11.6,14.4,2.6,6.4,11.2,1.0,0.4,0.0,-1.14,53.12,25.86,8.93
Brenno,BRA,Goalkeeper,Fortaleza,26.0,1999,1,1,90,1.0,3.0,2.0,0.0,0.0,0.0,0.0,0.0,2.0,3.0,9.0,21.0,5.0,10.0,8.0,0.0,0.0,0.0,1.0,66.67,33.33,0.0
Brian Araújo,FRA,Goalkeeper,Gil Vicente FC,0.0,2000,1,1,90,1.0,3.0,2.0,0.0,0.0,0.0,0.0,0.0,1.0,5.0,9.0,28.0,3.0,3.0,14.0,0.0,2.0,0.0,0.0,66.67,55.56,0.0
Bruno Brigido,BRA,Goalkeeper,Estrela,0.0,1991,18,18,1575,1.71,4.74,3.09,0.06,0.11,0.11,0.0,0.0,1.56,3.77,13.89,24.29,5.14,7.54,14.69,0.51,0.86,0.0,-0.15,65.19,27.14,3.47
Bruno Ferreira,BRA,Goalkeeper,Ceará,31.0,1994,9,9,783,1.03,2.99,1.95,0.23,0.0,0.0,0.0,0.0,1.13,5.29,16.32,20.46,2.64,8.74,16.55,1.15,0.8,0.0,0.09,65.22,32.41,6.95
Bruno Varela,CPV,Goalkeeper,Vitória,0.0,1994,34,34,3060,1.09,2.94,1.85,0.38,0.21,0.15,0.0,0.06,0.97,3.38,9.15,25.74,3.53,6.91,11.44,0.62,1.03,0.06,-0.12,62.93,36.94,5.42
C.J. dos Santos,USA,Goalkeeper,San Diego FC,24.0,2000,21,21,1890,1.38,4.29,2.9,0.33,0.24,0.19,0.05,0.0,1.33,1.29,3.1,28.1,4.33,4.05,8.95,0.57,1.52,0.05,-0.05,67.6,41.61,6.37
Caio Secco,BRA,Goalkeeper,Moreirense,0.0,1990,5,5,447,1.61,4.63,3.02,0.0,0.4,0.4,0.0,0.0,1.49,2.42,13.29,22.75,4.23,8.05,18.52,1.01,2.21,0.0,-0.12,65.23,18.21,5.45
Camilo Vargas,COL,Goalkeeper,Atlas,0.0,1989,31,31,2790,1.68,4.87,3.19,0.23,0.13,0.1,0.03,0.0,1.36,4.06,13.03,27.94,4.42,8.03,13.84,0.35,1.03,0.03,-0.31,65.5,31.16,2.53
Carl Rushworth,ENG,Goalkeeper,Hull City,0.0,2001,2,2,180,1.0,2.0,1.0,0.5,0.0,0.0,0.0,0.0,0.8,3.5,10.5,29.5,4.5,2.0,15.5,0.5,1.0,0.0,-0.2,50.0,33.33,3.23
Carlos Acevedo,MEX,Goalkeeper,Santos,0.0,1996,33,33,2970,1.97,5.67,3.79,0.09,0.09,0.06,0.03,0.0,1.68,4.97,13.0,24.94,4.58,9.36,15.82,0.48,0.85,0.03,-0.29,66.84,38.23,3.03
Carlos Coronel,PAR,Goalkeeper,NY Red Bulls,28.0,1996,24,24,2160,1.46,4.83,3.46,0.29,0.08,0.08,0.0,0.0,1.62,2.88,12.17,25.71,4.79,5.46,12.0,0.75,2.04,0.0,0.16,71.64,23.66,6.25
Carlos Felipe Rodríguez,MEX,Goalkeeper,UANL,0.0,1989,3,3,270,0.33,3.33,3.0,0.67,0.0,0.0,0.0,0.0,0.53,2.0,7.67,18.67,4.0,6.33,13.67,0.33,0.33,0.0,0.2,90.09,26.08,2.41
Carlos Lampe,BOL,Goalkeeper,bo Bolívar,38.0,1987,1,1,90,0.0,3.0,3.0,1.0,0.0,0.0,0.0,0.0,0.6,1.0,2.0,48.0,8.0,5.0,5.0,0.0,3.0,0.0,0.6,100.0,50.0,0.0
Carlos Moreno,MEX,Goalkeeper,Pachuca,0.0,1998,32,32,2880,1.5,4.44,2.91,0.19,0.16,0.12,0.03,0.0,1.2,5.62,11.66,20.19,5.53,8.62,12.66,0.84,1.31,0.03,-0.3,65.54,48.2,6.64
Caíque França,BRA,Goalkeeper,Sport Recife,30.0,1995,12,12,1080,1.67,4.92,3.33,0.17,0.33,0.25,0.0,0.08,1.48,3.67,8.83,18.58,4.33,8.17,13.67,0.83,0.92,0.08,-0.19,67.68,41.56,6.07
Cesar López,MEX,Goalkeeper,Atlético,0.0,2000,5,4,436,1.44,4.54,3.1,0.41,0.0,0.0,0.0,0.0,1.11,3.51,13.21,31.38,4.33,9.5,12.59,0.21,2.89,0.0,-0.33,68.28,26.57,1.67
Cezary Miszta,POL,Goalkeeper,Rio Ave,0.0,2001,26,26,2325,1.63,4.88,3.45,0.12,0.12,0.12,0.0,0.0,1.58,4.06,13.51,26.94,4.8,8.71,15.72,0.74,0.93,0.0,-0.05,70.7,30.05,4.71
Chris Brady,USA,Goalkeeper,Chicago Fire,21.0,2004,18,18,1565,1.78,5.06,3.28,0.17,0.35,0.23,0.06,0.06,1.82,1.96,6.61,27.09,4.43,5.23,13.05,0.69,0.86,0.12,0.03,64.82,29.65,5.29
Cleiton Schwengber,BRA,Goalkeeper,RB Bragantino,27.0,1997,14,14,1260,1.14,4.0,2.93,0.36,0.0,0.0,0.0,0.0,1.07,3.14,8.07,24.5,5.57,6.71,17.0,0.64,0.79,0.0,-0.07,73.25,38.91,3.76
Cláudio Ramos,POR,Goalkeeper,Porto,0.0,1991,2,2,180,1.5,4.0,2.5,0.0,0.5,0.5,0.0,0.0,1.65,2.0,5.0,22.0,3.0,3.5,7.0,1.0,1.0,0.0,0.15,62.5,40.0,14.29
Colin Coosemans,BEL,Goalkeeper,Anderlecht,0.0,1992,28,28,2520,0.89,4.57,3.61,0.5,0.07,0.0,0.07,0.0,1.39,5.75,14.14,43.82,3.75,3.32,13.68,0.75,1.25,0.07,0.5,78.99,40.66,5.48
Conor Hazard,NIR,Goalkeeper,Plymouth Argyle,0.0,1998,25,25,2250,1.56,4.88,3.4,0.08,0.04,0.04,0.0,0.0,1.82,6.72,24.6,27.32,3.72,9.48,18.64,0.84,0.64,0.0,0.26,69.67,27.32,4.51
Cássio,BRA,Goalkeeper,Cruzeiro,38.0,1987,16,16,1440,0.69,3.94,3.19,0.5,0.06,0.0,0.06,0.0,0.88,2.81,7.56,13.5,2.62,7.31,16.06,0.31,0.62,0.06,0.19,80.96,37.17,1.93
César,BRA,Goalkeeper,Boavista,0.0,1992,16,16,1440,1.88,4.94,3.19,0.12,0.19,0.19,0.0,0.0,1.79,4.69,13.69,15.69,3.75,7.81,13.31,1.12,0.62,0.0,-0.09,64.57,34.26,8.41
Daniel,BRA,Goalkeeper,SJ Earthquakes,31.0,1994,21,21,1775,1.62,5.48,3.9,0.1,0.05,0.05,0.0,0.0,1.74,3.8,11.1,25.25,4.66,5.98,12.57,0.71,2.08,0.0,0.12,71.17,34.23,5.65
Daniel Azevedo,POR,Goalkeeper,Casa Pia,0.0,1998,1,1,90,2.0,4.0,2.0,0.0,0.0,0.0,0.0,0.0,2.1,1.0,10.0,19.0,1.0,9.0,20.0,1.0,1.0,0.0,0.1,50.0,10.0,5.0
Daniel Bachmann,AUT,Goalkeeper,Watford,0.0,1994,22,22,1902,1.32,4.12,2.79,0.24,0.05,0.0,0.05,0.0,1.28,4.21,14.01,25.98,4.73,6.58,14.91,0.43,0.71,0.05,-0.04,67.72,30.05,2.88
Daniel Bielica,POL,Goalkeeper,NAC Breda,0.0,1999,32,32,2880,1.62,5.09,3.5,0.16,0.19,0.19,0.0,0.0,1.63,5.69,12.69,27.31,4.53,8.22,16.03,0.72,0.81,0.0,0.01,68.76,44.84,4.49
Daniel Figueira,POR,Goalkeeper,Estoril,0.0,1998,1,1,90,4.0,7.0,3.0,0.0,1.0,1.0,0.0,0.0,2.4,2.0,6.0,19.0,6.0,5.0,16.0,1.0,0.0,0.0,-1.6,42.86,33.33,6.25
Daniel Fuzato,BRA,Goalkeeper,Vasco da Gama,28.0,1997,1,0,2,45.0,90.0,45.0,0.0,0.0,0.0,0.0,0.0,40.5,90.0,270.0,135.0,0.0,135.0,180.0,0.0,0.0,0.0,-4.5,50.0,33.33,0.0
Daniel Grimshaw,ENG,Goalkeeper,Plymouth Argyle,0.0,1998,21,21,1890,2.33,5.9,3.57,0.05,0.14,0.14,0.0,0.0,2.26,4.48,21.14,43.38,4.48,7.38,15.19,0.29,1.24,0.0,-0.07,60.51,21.19,1.91
Daniel Schmidt,JPN,Goalkeeper,Gent,0.0,1992,1,1,90,0.0,5.0,5.0,1.0,0.0,0.0,0.0,0.0,2.1,2.0,11.0,37.0,5.0,2.0,7.0,1.0,0.0,0.0,2.1,100.0,18.18,14.29
David Bingham,USA,Goalkeeper,Charlotte,35.0,1989,2,2,180,1.0,5.5,4.5,0.5,0.0,0.0,0.0,0.0,1.2,1.5,9.0,24.0,4.0,7.0,18.5,2.0,0.5,0.0,0.2,81.82,16.67,10.81
David Cornell,WAL,Goalkeeper,Preston,0.0,1991,10,9,811,1.78,4.0,2.22,0.11,0.33,0.33,0.0,0.0,1.48,6.44,17.87,28.96,4.77,8.32,13.87,0.89,1.11,0.0,-0.3,55.5,36.04,6.42
David Ochoa,USA,Goalkeeper,LAFC,24.0,2001,1,1,90,1.0,1.0,0.0,0.0,0.0,0.0,0.0,0.0,0.9,0.0,1.0,18.0,7.0,5.0,13.0,0.0,0.0,0.0,-0.1,0.0,0.0,0.0
David Ospina,COL,Goalkeeper,co Nacional,36.0,1988,5,5,450,1.2,4.4,3.2,0.2,0.6,0.6,0.0,0.0,1.34,5.0,11.2,35.8,5.2,2.6,12.6,0.6,0.6,0.0,0.14,72.73,44.64,4.76
Davor Matijas,CRO,Goalkeeper,Beerschot,0.0,1999,10,9,852,2.32,4.75,2.32,0.21,0.74,0.63,0.11,0.0,2.13,2.64,9.82,31.37,3.91,4.54,13.2,0.42,1.58,0.11,-0.19,48.84,26.88,3.18
Davy Roef,BEL,Goalkeeper,Gent,0.0,1994,26,26,2340,1.15,5.5,4.38,0.42,0.04,0.04,0.0,0.0,1.76,4.0,10.19,26.62,6.38,8.27,16.58,1.12,0.54,0.0,0.6,79.64,39.25,6.76
Dayne St. Clair,CAN,Goalkeeper,Minnesota Utd,28.0,1997,21,21,1890,0.9,3.67,2.86,0.38,0.14,0.1,0.0,0.05,1.0,5.29,18.14,27.29,3.05,5.95,18.52,0.62,0.33,0.05,0.09,77.93,29.16,3.35
Demba Thiam,SEN,Goalkeeper,Juve Stabia,0.0,1998,38,38,3420,1.08,3.89,2.79,0.32,0.18,0.13,0.03,0.03,1.23,5.74,19.03,32.68,3.76,5.13,15.03,1.66,0.71,0.05,0.15,71.72,30.16,11.04
Diant Ramaj,GER,Goalkeeper,Ajax,0.0,2001,1,1,90,0.0,2.0,2.0,1.0,0.0,0.0,0.0,0.0,0.2,1.0,10.0,47.0,3.0,5.0,5.0,0.0,1.0,0.0,0.2,100.0,10.0,0.0
Diego Enriquez,PER,Goalkeeper,pe Sporting Cristal,23.0,2002,6,6,540,2.67,7.17,4.5,0.0,0.33,0.33,0.0,0.0,2.15,3.17,9.33,21.83,3.0,8.0,14.17,0.67,1.0,0.0,-0.52,62.76,33.98,4.73
Diego Matías Rodríguez,ARG,Goalkeeper,Arg Juniors,36.0,1989,19,19,1710,0.58,2.95,2.37,0.58,0.05,0.0,0.05,0.0,0.73,5.84,12.63,27.32,1.95,5.32,10.79,0.32,0.16,0.05,0.15,80.34,46.24,2.97
Diogo Costa,POR,Goalkeeper,Porto,0.0,1999,32,32,2880,0.84,2.66,1.78,0.5,0.22,0.16,0.06,0.0,0.91,4.12,9.53,33.5,4.34,4.56,9.69,0.59,1.59,0.06,0.07,66.92,43.23,6.09
Drake Callender,USA,Goalkeeper,Inter Miami,27.0,1997,3,2,185,2.43,6.32,3.89,0.0,0.0,0.0,0.0,0.0,2.29,4.86,8.27,27.73,4.86,4.38,7.3,0.0,1.46,0.0,-0.15,61.55,58.77,0.0
Earl Edwards Jr.,USA,Goalkeeper,SJ Earthquakes,33.0,1992,6,4,475,2.27,4.36,2.08,0.38,0.19,0.19,0.0,0.0,1.65,4.17,12.13,22.74,5.68,5.31,11.37,0.19,1.14,0.0,-0.63,47.71,34.38,1.67
Edoardo Motta,ITA,Goalkeeper,Reggiana,0.0,2005,2,2,180,1.5,3.5,2.0,0.0,0.0,0.0,0.0,0.0,1.3,8.0,19.0,16.0,2.5,11.0,22.5,1.0,0.0,0.0,-0.2,57.14,42.11,4.44
Eduardo García,MEX,Goalkeeper,Guadalajara,0.0,2002,2,2,180,1.5,4.5,3.0,0.5,0.0,0.0,0.0,0.0,1.0,4.5,11.0,23.0,3.5,9.5,17.5,1.0,0.5,0.0,-0.5,66.67,40.91,5.71
Egil Selvik,NOR,Goalkeeper,Watford,0.0,1997,16,16,1440,1.19,4.44,3.25,0.38,0.0,0.0,0.0,0.0,1.52,4.94,16.31,31.56,3.75,6.25,14.56,0.81,1.0,0.0,0.34,73.2,30.29,5.56
Elhan Kastrati,ALB,Goalkeeper,Cittadella,0.0,1997,29,29,2565,1.4,4.18,2.88,0.28,0.18,0.14,0.04,0.0,1.36,3.16,10.81,18.35,3.65,7.89,15.4,0.74,0.6,0.04,-0.05,68.9,29.23,4.81
Emil Audero,IDN,Goalkeeper,Palermo,0.0,1997,14,14,1260,1.43,4.57,3.14,0.21,0.07,0.07,0.0,0.0,1.55,6.14,17.36,30.14,4.79,7.57,18.79,1.79,0.79,0.0,0.12,68.71,35.37,9.53
Enrique Bologna,ARG,Goalkeeper,Defensa y Just,43.0,1982,19,19,1710,1.26,4.58,3.32,0.37,0.05,0.05,0.0,0.0,1.44,7.26,14.68,23.89,3.53,7.26,16.0,0.63,0.58,0.0,0.17,72.49,49.46,3.94
Esteban Andrada,ARG,Goalkeeper,Monterrey,0.0,1991,24,24,2160,1.21,4.08,2.88,0.33,0.17,0.17,0.0,0.0,1.15,4.88,12.33,33.08,5.75,6.17,12.38,1.25,1.12,0.0,-0.05,70.59,39.58,10.1
Ethan Horvath,USA,Goalkeeper,Cardiff City,0.0,1995,17,17,1530,1.65,3.94,2.47,0.18,0.0,0.0,0.0,0.0,1.27,4.18,15.76,24.18,2.65,6.41,10.82,0.41,0.94,0.0,-0.38,62.69,26.52,3.79
Etienne Vaessen,SUR,Goalkeeper,Groningen,0.0,1995,32,32,2880,1.56,4.38,2.84,0.22,0.19,0.16,0.03,0.0,1.58,7.5,22.41,33.53,3.22,6.12,14.0,1.28,1.28,0.03,0.01,64.84,33.47,9.14
Evan Bush,USA,Goalkeeper,Columbus Crew,39.0,1986,5,5,450,0.6,1.4,0.8,0.4,0.0,0.0,0.0,0.0,0.54,1.2,4.4,28.4,3.8,6.4,7.6,0.6,2.4,0.0,-0.06,57.14,27.27,7.89
Ezequiel Centurión,ARG,Goalkeeper,Ind. Rivadavia,28.0,1997,19,19,1710,1.0,4.05,3.05,0.42,0.21,0.16,0.05,0.0,1.07,5.58,17.05,20.89,3.63,8.47,17.74,0.95,0.53,0.05,0.07,75.31,32.73,5.36
Ezequiel Unsain,ARG,Goalkeeper,Necaxa,0.0,1995,34,34,3060,1.62,4.85,3.24,0.26,0.15,0.15,0.0,0.0,1.53,5.97,16.21,25.26,3.38,8.44,15.62,0.97,0.85,0.0,-0.09,66.8,36.83,6.21
Fabian de Keijzer,NED,Goalkeeper,Heracles Almelo,0.0,2000,34,34,3060,1.85,5.44,3.71,0.18,0.18,0.18,0.0,0.0,1.71,7.76,20.88,30.88,2.44,7.35,14.94,0.35,0.68,0.0,-0.14,68.2,37.16,2.34
Facundo Cambeses,ARG,Goalkeeper,Racing Club,28.0,1997,7,5,513,1.4,5.26,3.86,0.35,0.0,0.0,0.0,0.0,1.09,4.39,13.86,18.6,3.33,9.65,15.61,0.35,0.7,0.0,-0.32,73.38,31.67,2.24
Facundo Sanguinetti,ARG,Goalkeeper,Banfield,24.0,2001,19,19,1710,1.21,4.26,3.0,0.26,0.26,0.16,0.11,0.0,1.25,5.53,15.16,18.42,3.05,7.32,15.21,0.63,0.68,0.11,0.04,70.42,36.48,4.14
Federico Lanzillota,ARG,Goalkeeper,bo Bolívar,32.0,1992,3,3,270,2.33,4.0,1.67,0.33,0.0,0.0,0.0,0.0,1.7,0.33,3.0,43.67,7.33,10.0,8.33,1.0,3.33,0.0,-0.63,41.75,11.0,12.0
Felipe Zenobio,ARG,Goalkeeper,Tigre,25.0,2000,19,19,1710,0.79,3.42,2.63,0.42,0.16,0.11,0.0,0.05,0.99,4.26,11.68,17.47,3.53,6.47,14.68,1.11,0.42,0.05,0.2,76.9,36.47,7.56
Fernando Miguel,BRA,Goalkeeper,Ceará,40.0,1985,8,7,657,0.96,4.52,3.56,0.41,0.27,0.27,0.0,0.0,1.19,5.21,15.89,23.01,3.42,8.08,20.27,1.23,1.23,0.0,0.23,78.76,32.79,6.07
Fernando Muslera,URU,Goalkeeper,Estudiantes–LP,39.0,1986,3,3,270,0.67,5.33,4.67,0.33,0.0,0.0,0.0,0.0,1.5,6.67,14.33,22.0,5.0,12.67,20.67,1.33,0.67,0.0,0.83,87.62,46.55,6.43
Fernando Tapia,MEX,Goalkeeper,UANL,0.0,2001,3,3,270,0.67,5.67,5.0,0.33,0.0,0.0,0.0,0.0,1.0,4.0,11.67,22.67,4.67,12.0,17.33,0.67,1.67,0.0,0.33,88.18,34.28,3.87
Fernando de Paul,CHI,Goalkeeper,cl Colo-Colo,34.0,1991,1,1,90,0.0,4.0,4.0,1.0,0.0,0.0,0.0,0.0,0.2,3.0,6.0,21.0,9.0,4.0,9.0,0.0,0.0,0.0,0.2,100.0,50.0,0.0
Francesco Bardi,ITA,Goalkeeper,Reggiana,0.0,1992,36,36,3240,1.36,3.86,2.61,0.22,0.06,0.06,0.0,0.0,1.25,3.89,11.72,18.42,3.19,7.19,16.97,0.67,0.11,0.0,-0.11,67.62,33.19,3.95
Francesco Corriere,ITA,Goalkeeper,Salernitana,0.0,2006,1,0,47,1.91,1.91,0.0,0.0,0.0,0.0,0.0,0.0,1.53,17.23,32.55,32.55,1.91,9.57,17.23,0.0,0.0,0.0,-0.38,0.0,52.93,0.0
Francisco Meixedo,POR,Goalkeeper,Estrela,0.0,2001,1,0,45,0.0,6.0,6.0,2.0,0.0,0.0,0.0,0.0,0.4,8.0,18.0,28.0,8.0,14.0,12.0,0.0,0.0,0.0,0.4,100.0,44.44,0.0
Franco Armani,ARG,Goalkeeper,ar River Plate,38.0,1986,25,25,2250,0.68,2.76,2.12,0.52,0.0,0.0,0.0,0.0,0.76,3.0,7.0,16.88,4.72,6.44,9.76,0.4,1.04,0.0,0.08,76.81,42.86,4.1
Franco Israel,URU,Goalkeeper,Sporting CP,0.0,2000,11,11,990,0.82,2.27,1.45,0.64,0.0,0.0,0.0,0.0,0.64,1.18,3.0,19.45,4.09,4.55,9.0,0.18,0.36,0.0,-0.18,63.88,39.33,2.0
Franco Petroli,ARG,Goalkeeper,Godoy Cruz,27.0,1998,19,19,1710,1.0,3.58,2.58,0.47,0.11,0.05,0.05,0.0,1.03,7.74,19.0,29.37,3.84,5.68,15.05,1.53,1.05,0.05,0.03,72.07,40.74,10.17
Freddie Woodman,ENG,Goalkeeper,Preston,0.0,1997,37,37,3329,1.16,3.51,2.33,0.32,0.11,0.08,0.03,0.0,1.04,6.76,17.14,33.31,5.57,6.22,14.57,0.87,1.65,0.03,-0.13,66.38,39.44,5.97
Fábio,BRA,Goalkeeper,Fluminense,44.0,1980,15,15,1350,1.33,3.87,2.47,0.2,0.07,0.0,0.07,0.0,1.23,1.8,5.33,15.4,3.87,6.0,13.33,0.87,0.6,0.07,-0.1,63.82,33.77,6.53
Gabriel,BRA,Goalkeeper,Sport Recife,32.0,1992,4,4,360,1.75,4.25,2.5,0.0,0.0,0.0,0.0,0.0,1.23,4.0,13.25,23.25,3.5,5.5,11.75,0.0,0.5,0.0,-0.52,58.82,30.19,0.0
Gabriel Arias,CHI,Goalkeeper,ar Racing Club,37.0,1987,20,20,1734,0.67,3.17,2.44,0.47,0.1,0.05,0.05,0.0,0.77,4.15,12.35,21.59,3.11,7.89,11.68,0.47,1.35,0.05,0.09,76.97,33.6,4.02
Gabriel Batista,BRA,Goalkeeper,Santa Clara,0.0,1998,34,34,3060,0.94,3.35,2.38,0.32,0.18,0.12,0.03,0.03,0.86,4.82,15.24,21.71,3.47,8.32,13.32,1.15,0.79,0.06,-0.09,71.04,31.63,8.63
Gabriel Brazão,BRA,Goalkeeper,Santos,24.0,2000,16,16,1440,1.31,5.0,3.75,0.25,0.19,0.19,0.0,0.0,1.35,3.5,9.62,17.69,3.31,7.81,15.31,0.25,0.94,0.0,0.04,75.0,36.38,1.63
Gabriel Castellón,CHI,Goalkeeper,cl U de Chile,31.0,1993,6,6,540,1.0,3.83,2.83,0.33,0.17,0.17,0.0,0.0,1.02,3.67,9.17,17.67,3.17,6.0,13.83,0.33,1.0,0.0,0.02,73.89,40.02,2.39
Gabriel Delfim,BRA,Goalkeeper,Atlético Mineiro,23.0,2002,1,1,90,2.0,5.0,3.0,0.0,0.0,0.0,0.0,0.0,0.9,2.0,10.0,27.0,4.0,6.0,12.0,3.0,4.0,0.0,-1.1,60.0,20.0,25.0
Gastón Olveira,URU,Goalkeeper,py Olimpia,32.0,1993,3,3,270,1.33,4.33,3.0,0.33,0.0,0.0,0.0,0.0,0.93,5.0,13.0,21.33,1.67,6.67,11.67,0.0,0.33,0.0,-0.4,69.28,38.46,0.0
Gatito Fernández,PAR,Goalkeeper,py Cerro Porteño,37.0,1988,3,3,270,1.67,5.0,3.33,0.0,0.0,0.0,0.0,0.0,1.77,4.33,10.33,18.67,3.67,9.0,13.0,0.33,1.67,0.0,0.1,66.6,41.92,2.54
Gavin Bazunu,IRL,Goalkeeper,Standard Liège,0.0,2002,6,6,540,2.0,4.17,2.17,0.17,0.0,0.0,0.0,0.0,1.92,4.17,15.33,29.67,4.17,4.67,12.83,0.0,2.5,0.0,-0.08,52.04,27.2,0.0
George Evans,ENG,Goalkeeper,Millwall,0.0,2005,4,4,360,2.0,4.75,2.75,0.25,0.0,0.0,0.0,0.0,1.12,9.25,22.25,20.25,2.0,7.75,17.5,1.0,1.5,0.0,-0.88,57.89,41.57,5.71
George Long,ENG,Goalkeeper,Norwich City,0.0,1993,9,8,765,2.24,5.18,2.82,0.12,0.35,0.24,0.12,0.0,1.79,2.12,8.47,31.41,5.65,4.59,15.06,0.47,1.18,0.12,-0.45,54.44,25.03,3.12
Giacomo Drago,ITA,Goalkeeper,Südtirol,0.0,2001,5,5,450,2.0,5.2,3.2,0.0,0.2,0.2,0.0,0.0,1.74,2.8,8.6,21.2,6.6,5.6,12.8,1.0,1.6,0.0,-0.26,61.54,32.56,7.81
Giacomo Poluzzi,ITA,Goalkeeper,Südtirol,0.0,1988,18,18,1620,1.61,3.94,2.33,0.22,0.22,0.11,0.06,0.06,1.41,7.67,17.67,22.89,3.78,8.28,17.94,0.94,1.11,0.11,-0.2,59.14,43.41,5.24
Giacomo Satalino,ITA,Goalkeeper,Sassuolo,0.0,1999,10,10,900,1.0,3.9,2.9,0.4,0.0,0.0,0.0,0.0,1.14,4.6,11.8,20.6,3.6,5.2,17.1,1.0,0.2,0.0,0.14,74.36,38.98,5.85
Gil Alcalá,MEX,Goalkeeper,UNAM,0.0,1992,4,4,360,0.5,1.75,1.25,0.75,0.0,0.0,0.0,0.0,0.45,4.75,10.0,32.25,7.75,4.5,10.75,0.25,1.5,0.0,-0.05,71.43,47.5,2.33
Gonzalo Valle,ECU,Goalkeeper,ec LDU de Quito,29.0,1996,6,6,526,0.68,4.79,4.11,0.51,0.0,0.0,0.0,0.0,1.28,4.96,13.69,28.23,3.94,10.61,18.99,0.86,0.34,0.0,0.6,85.8,36.23,4.53
Guido Herrera,ARG,Goalkeeper,ar Talleres,33.0,1992,21,21,1845,1.12,3.27,2.24,0.29,0.05,0.05,0.0,0.0,1.12,5.46,13.66,26.88,3.22,5.37,13.17,0.93,0.68,0.0,-0.0,68.5,39.97,7.06
Guido Villar,ARG,Goalkeeper,ec Independiente,27.0,1998,6,6,540,1.83,4.83,3.0,0.17,0.33,0.17,0.17,0.0,1.47,3.17,7.67,18.33,3.0,6.5,14.17,0.33,0.83,0.17,-0.37,62.11,41.33,2.33
Guillaume Dietsch,FRA,Goalkeeper,Dender,0.0,2001,1,0,49,1.84,3.67,1.84,0.0,0.0,0.0,0.0,0.0,1.47,0.0,1.84,9.18,3.67,0.0,3.67,0.0,0.0,0.0,-0.37,50.14,0.0,0.0
Guillermo Allison,MEX,Goalkeeper,Querétaro,0.0,1990,25,25,2250,1.68,5.24,3.48,0.2,0.28,0.2,0.08,0.0,1.59,5.8,16.92,19.08,3.36,10.52,16.56,0.92,1.04,0.08,-0.09,66.41,34.28,5.56
Guillermo Ochoa,MEX,Goalkeeper,AVS Futebol,0.0,1985,23,23,2070,1.96,5.13,3.22,0.26,0.04,0.04,0.0,0.0,1.71,5.57,12.74,21.13,3.91,9.52,16.43,0.35,0.7,0.0,-0.24,62.77,43.72,2.13
Guillermo Vizcarra,BOL,Goalkeeper,pe Alianza Lima,32.0,1993,6,6,540,1.83,4.83,3.0,0.0,0.33,0.33,0.0,0.0,1.13,6.0,14.5,19.67,5.5,9.17,14.67,0.83,0.5,0.0,-0.7,62.11,41.38,5.66
Guillermo de Amores,URU,Goalkeeper,uy Peñarol,30.0,1994,3,3,270,0.67,3.33,2.67,0.67,0.0,0.0,0.0,0.0,0.6,3.67,13.33,23.0,6.33,6.67,9.67,0.33,0.0,0.0,-0.07,80.18,27.53,3.41
Gustavo,BRA,Goalkeeper,Juventude,32.0,1993,10,10,855,2.32,5.89,3.47,0.11,0.32,0.21,0.11,0.0,1.89,2.84,8.53,23.58,4.95,7.05,15.58,0.84,0.11,0.11,-0.42,58.91,33.29,5.39
Harlen Castillo,COL,Goalkeeper,co Nacional,31.0,1993,1,1,90,0.0,2.0,2.0,1.0,0.0,0.0,0.0,0.0,0.1,4.0,13.0,32.0,2.0,0.0,8.0,0.0,0.0,0.0,0.1,100.0,30.77,0.0
Hendrik Van Crombrugge,BEL,Goalkeeper,Genk,0.0,1993,19,19,1710,1.26,3.74,2.47,0.42,0.05,0.0,0.0,0.05,1.22,5.42,12.47,35.42,3.32,4.21,13.32,0.32,0.47,0.05,-0.04,66.04,43.46,2.4
Hernán Galíndez,ECU,Goalkeeper,Huracán,38.0,1987,16,16,1440,0.75,2.75,2.0,0.5,0.19,0.12,0.06,0.0,0.93,4.44,13.56,21.56,2.69,6.81,14.12,0.81,0.38,0.06,0.18,72.73,32.74,5.74
Hidde Jurjus,NED,Goalkeeper,Groningen,0.0,1994,2,2,180,1.5,3.5,2.0,0.0,0.0,0.0,0.0,0.0,1.1,7.0,19.5,36.5,2.0,6.5,9.0,0.0,3.5,0.0,-0.4,57.14,35.9,0.0
Horaţiu Moldovan,ROU,Goalkeeper,Sassuolo,0.0,1998,27,27,2430,1.0,3.93,2.96,0.41,0.04,0.04,0.0,0.0,1.03,3.59,11.33,21.63,3.78,5.81,14.59,1.07,0.3,0.0,0.03,75.32,31.69,7.33
Hugo González Durán,MEX,Goalkeeper,Mazatlán,0.0,1990,34,34,3015,1.34,4.42,3.1,0.27,0.24,0.18,0.0,0.06,1.27,5.58,13.91,24.66,4.63,8.57,14.27,0.81,0.9,0.06,-0.07,70.14,40.12,5.68
Hugo Lloris,FRA,Goalkeeper,LAFC,38.0,1986,20,20,1800,1.1,3.25,2.2,0.4,0.15,0.15,0.0,0.0,1.04,4.6,11.05,22.7,3.4,5.2,11.6,0.4,1.05,0.0,-0.06,67.69,41.63,3.45
Hugo Souza,BRA,Goalkeeper,Corinthians,26.0,1999,12,12,1080,1.17,3.5,2.33,0.42,0.17,0.17,0.0,0.0,1.27,3.33,7.33,19.5,3.33,6.5,11.42,0.33,0.17,0.0,0.11,66.57,45.43,2.89
Héctor Holguín,MEX,Goalkeeper,Santos,0.0,2001,1,1,90,1.0,5.0,4.0,0.0,1.0,1.0,0.0,0.0,1.6,2.0,7.0,36.0,5.0,10.0,22.0,0.0,0.0,0.0,0.6,80.0,28.57,0.0
Ignacio Arce,ARG,Goalkeeper,Deportivo Riestra,33.0,1992,19,19,1710,0.53,3.42,3.0,0.74,0.16,0.16,0.0,0.0,0.89,11.11,27.74,25.26,0.74,8.47,22.05,2.05,1.63,0.0,0.37,87.72,40.05,9.3
Ignacio De Arruabarrena,URU,Goalkeeper,ec Barcelona,28.0,1997,2,1,144,1.88,5.62,3.75,0.0,0.0,0.0,0.0,0.0,1.31,3.12,8.75,14.38,3.12,12.5,11.88,0.62,1.88,0.0,-0.56,66.73,35.66,5.22
Illan Meslier,FRA,Goalkeeper,Leeds United,0.0,2000,39,39,3510,0.69,2.26,1.62,0.54,0.1,0.08,0.03,0.0,0.61,1.85,7.79,30.79,4.46,3.05,8.92,0.82,0.9,0.03,-0.09,71.68,23.75,9.19
Ivan Zlobin,RUS,Goalkeeper,Famalicão,0.0,1997,15,15,1350,1.2,4.2,3.0,0.33,0.07,0.07,0.0,0.0,1.53,3.2,10.53,23.53,4.07,6.13,14.13,1.07,0.47,0.0,0.33,71.43,30.39,7.57
Ivor Pandur,CRO,Goalkeeper,Hull City,0.0,2000,44,44,3960,1.18,3.82,2.66,0.14,0.14,0.09,0.02,0.02,1.18,2.82,10.2,39.68,4.2,6.32,15.59,0.84,1.43,0.05,-0.0,69.63,27.65,5.39
Jacob Widell Zetterström,SWE,Goalkeeper,Derby County,0.0,1998,40,40,3600,1.25,3.75,2.48,0.22,0.08,0.02,0.05,0.0,1.25,5.5,19.35,24.68,4.3,6.32,13.75,1.1,0.75,0.05,0.0,66.13,28.42,8.0
Jacopo Sassi,ITA,Goalkeeper,Modena,0.0,2003,1,1,90,3.0,5.0,3.0,0.0,0.0,0.0,0.0,0.0,1.1,6.0,14.0,28.0,4.0,8.0,16.0,0.0,2.0,0.0,-1.9,60.0,42.86,0.0
Jak Alnwick,ENG,Goalkeeper,Cardiff City,0.0,1993,29,29,2610,1.55,4.34,2.79,0.17,0.14,0.1,0.03,0.0,1.5,4.55,15.17,24.76,3.14,6.28,13.24,0.52,1.45,0.03,-0.05,64.29,29.99,3.93
James Beadle,ENG,Goalkeeper,Sheffield Weds,0.0,2004,38,38,3420,1.55,3.68,2.11,0.24,0.13,0.11,0.03,0.0,1.43,4.66,14.76,30.34,3.21,5.39,12.92,0.61,0.92,0.03,-0.12,57.34,31.57,4.72
James Pantemis,CAN,Goalkeeper,Portland Timbers,28.0,1997,12,12,1080,1.33,5.33,3.83,0.25,0.42,0.17,0.25,0.0,1.45,5.0,11.58,31.67,4.08,7.42,15.58,0.58,1.25,0.25,0.12,71.86,43.18,3.72
James Shea,ENG,Goalkeeper,Luton Town,0.0,1991,2,1,147,0.61,3.06,2.45,0.61,0.0,0.0,0.0,0.0,1.22,7.35,26.33,37.35,3.67,9.18,12.86,2.45,2.45,0.0,0.61,80.07,27.91,19.05
James Trafford,ENG,Goalkeeper,Burnley,0.0,2002,45,45,4050,0.36,2.29,1.89,0.64,0.04,0.0,0.04,0.0,0.62,3.29,12.76,33.16,4.31,5.47,11.71,0.67,1.11,0.04,0.26,82.53,25.78,5.72
Jamie Cumming,ENG,Goalkeeper,Oxford United,0.0,1999,45,45,4050,1.38,4.47,3.09,0.29,0.09,0.04,0.04,0.0,1.59,6.2,19.36,33.33,4.22,7.24,17.58,0.84,1.13,0.04,0.21,69.13,32.02,4.78
Jari De Busser,BEL,Goalkeeper,Go Ahead Eag,0.0,1999,16,16,1440,1.44,5.5,4.12,0.31,0.06,0.06,0.0,0.0,1.31,4.25,14.62,41.38,5.19,5.31,19.44,0.94,1.19,0.0,-0.12,74.91,29.07,4.84
Jasper Schendelaar,NED,Goalkeeper,Zwolle,0.0,2000,30,30,2700,1.5,4.8,3.33,0.2,0.17,0.1,0.0,0.07,1.65,5.07,17.53,33.03,5.33,6.2,15.67,1.27,0.77,0.07,0.15,69.38,28.92,8.1
Javier Burrai,ECU,Goalkeeper,ar Talleres,34.0,1990,5,4,405,0.67,3.11,2.22,0.67,0.22,0.0,0.22,0.0,0.73,4.89,10.22,24.89,5.78,7.78,16.22,1.11,0.89,0.22,0.07,71.38,47.85,6.84
Javier Otero,VEN,Goalkeeper,Orlando City,22.0,2002,2,2,180,1.0,3.5,2.5,0.0,0.5,0.5,0.0,0.0,1.3,2.5,4.5,16.0,5.0,5.5,19.5,2.0,0.5,0.0,0.3,71.43,55.56,10.26
Jayden Hibbert,JAM,Goalkeeper,Atlanta Utd,20.0,2004,1,1,90,1.0,5.0,4.0,0.0,0.0,0.0,0.0,0.0,0.8,0.0,7.0,43.0,4.0,5.0,11.0,1.0,2.0,0.0,-0.2,80.0,0.0,9.09
Jeffrey Gal,USA,Goalkeeper,Chicago Fire,32.0,1993,7,6,591,1.37,2.89,1.68,0.15,0.15,0.15,0.0,0.0,0.94,2.89,7.92,22.69,4.11,6.24,11.12,1.07,0.46,0.0,-0.43,58.13,36.49,9.62
Jeroen Houwen,NED,Goalkeeper,RKC Waalwijk,0.0,1996,24,24,2160,2.0,5.54,3.62,0.17,0.08,0.08,0.0,0.0,1.89,7.42,18.04,30.62,3.96,7.96,15.83,0.71,0.88,0.0,-0.11,65.34,41.13,4.49
Jeroen Zoet,NED,Goalkeeper,AZ Alkmaar,0.0,1991,6,6,540,0.5,2.0,1.67,0.5,0.0,0.0,0.0,0.0,0.25,6.17,19.5,30.0,2.0,7.5,10.83,0.67,0.67,0.0,-0.25,83.5,31.64,6.19
Jesús Camargo,VEN,Goalkeeper,ve Dep Táchira,27.0,1997,6,6,540,1.83,6.17,4.33,0.0,0.0,0.0,0.0,0.0,1.85,3.67,10.83,22.67,5.0,9.17,18.0,0.67,2.5,0.0,0.02,70.18,33.89,3.72
Jesús Rodríguez,MEX,Goalkeeper,Puebla,0.0,1993,4,4,360,2.0,5.0,3.0,0.25,0.0,0.0,0.0,0.0,2.0,5.25,10.25,30.75,4.5,9.5,12.0,1.0,1.0,0.0,0.0,60.0,51.22,8.33
Jhonatan,BRA,Goalkeeper,Rio Ave,0.0,1991,8,8,720,1.62,5.38,3.75,0.25,0.0,0.0,0.0,0.0,1.54,3.75,12.75,28.88,5.0,9.75,15.75,0.38,0.62,0.0,-0.09,69.7,29.41,2.41
Jimmy Maurer,USA,Goalkeeper,Houston Dynamo,36.0,1988,2,1,120,0.75,3.75,3.0,0.0,0.0,0.0,0.0,0.0,0.6,4.5,15.0,27.0,3.0,4.5,12.0,0.75,0.75,0.0,-0.15,80.0,30.0,6.25
Jo Coppens,BEL,Goalkeeper,Sint-Truiden,0.0,1990,3,3,270,3.67,6.0,2.33,0.0,0.33,0.33,0.0,0.0,3.0,4.0,15.67,32.0,3.0,3.33,16.67,0.33,0.0,0.0,-0.67,38.83,25.53,1.98
Joe Walsh,ENG,Goalkeeper,QPR,0.0,2002,1,1,90,0.0,4.0,4.0,1.0,0.0,0.0,0.0,0.0,1.7,7.0,24.0,37.0,2.0,5.0,30.0,1.0,0.0,0.0,1.7,100.0,29.17,3.33
Joe Wildsmith,ENG,Goalkeeper,West Brom,0.0,1995,10,10,900,0.9,2.8,1.9,0.2,0.0,0.0,0.0,0.0,0.9,5.4,17.5,30.3,4.5,6.5,11.8,0.7,0.7,0.0,0.0,67.86,30.86,5.93
Joe Willis,USA,Goalkeeper,Nashville SC,36.0,1988,25,25,2250,1.04,3.64,2.56,0.36,0.16,0.08,0.08,0.0,1.14,3.2,8.8,28.16,5.32,5.28,12.28,1.04,0.56,0.08,0.1,70.33,36.36,8.47
Joel Drommel,NED,Goalkeeper,PSV Eindhoven,0.0,1996,1,0,45,0.0,0.0,0.0,0.0,0.0,0.0,0.0,0.0,0.0,10.0,22.0,42.0,2.0,10.0,12.0,0.0,0.0,0.0,0.0,,45.45,0.0
Joel Robles,ESP,Goalkeeper,Estoril,0.0,1990,29,29,2610,1.59,4.55,2.93,0.17,0.21,0.17,0.03,0.0,1.72,5.48,17.69,22.72,3.83,7.66,13.97,0.59,1.48,0.03,0.14,64.4,30.98,4.22
Joey Kesting,NED,Goalkeeper,RKC Waalwijk,0.0,2001,3,3,270,1.67,4.33,2.67,0.0,1.0,1.0,0.0,0.0,1.7,8.33,17.67,28.67,2.33,5.67,17.0,0.0,0.67,0.0,0.03,61.66,47.14,0.0
John,BRA,Goalkeeper,br Botafogo (RJ),29.0,1996,21,21,1890,0.62,3.43,2.76,0.52,0.05,0.05,0.0,0.0,0.84,4.1,10.24,28.52,3.43,5.24,14.29,0.76,0.76,0.0,0.22,80.47,40.04,5.32
John McCarthy,USA,Goalkeeper,LA Galaxy,33.0,1992,11,11,990,2.36,5.09,2.82,0.0,0.36,0.27,0.09,0.0,1.82,2.45,11.18,22.27,4.18,4.91,12.27,0.73,0.82,0.09,-0.55,55.4,21.91,5.95
John Pulskamp,USA,Goalkeeper,Sporting KC,24.0,2001,24,24,2160,1.88,5.29,3.5,0.12,0.29,0.25,0.0,0.04,1.75,4.54,16.75,21.54,3.42,8.5,13.29,0.67,0.79,0.04,-0.12,66.16,27.1,5.04
Jonas Wendlinger,AUT,Goalkeeper,Almere City,0.0,2000,1,0,10,0.0,0.0,0.0,0.0,0.0,0.0,0.0,0.0,0.0,9.0,45.0,36.0,0.0,9.0,9.0,9.0,0.0,0.0,0.0,,20.0,100.0
Jonathan Bond,ENG,Goalkeeper,Watford,32.0,1993,25,24,2238,1.65,4.38,2.69,0.24,0.08,0.04,0.04,0.0,1.55,3.5,9.49,25.25,4.1,5.19,12.59,0.44,1.53,0.04,-0.1,61.42,36.88,3.49
Jonathan Klinsmann,USA,Goalkeeper,Cesena,0.0,1997,27,27,2430,1.11,3.48,2.37,0.26,0.11,0.04,0.07,0.0,1.12,1.59,9.74,20.48,5.11,6.59,12.78,0.78,0.7,0.07,0.01,68.1,16.32,6.1
Jonathan Sirois,CAN,Goalkeeper,CF Montréal,24.0,2001,22,22,1980,1.68,4.95,3.27,0.18,0.0,0.0,0.0,0.0,1.52,3.64,9.86,35.14,4.14,4.09,9.45,0.68,1.18,0.0,-0.16,66.06,36.92,7.2
Jordan Archer,SCO,Goalkeeper,Portsmouth,0.0,1993,2,1,150,1.2,6.6,5.4,0.0,0.0,0.0,0.0,0.0,1.74,4.2,15.6,30.0,3.0,4.2,19.2,0.0,1.8,0.0,0.54,81.82,26.92,0.0
Jorge Broun,ARG,Goalkeeper,Rosario Central,39.0,1986,17,17,1530,0.53,3.18,2.71,0.53,0.0,0.0,0.0,0.0,0.72,5.41,11.29,18.24,4.29,9.47,16.88,0.59,0.06,0.0,0.19,85.22,47.92,3.5
Jorge Carranza,ARG,Goalkeeper,Aldosivi,44.0,1981,15,15,1350,1.47,4.33,2.87,0.27,0.2,0.2,0.0,0.0,1.13,5.0,12.27,20.07,4.2,6.33,15.87,0.8,0.73,0.0,-0.34,66.28,40.75,5.04
Jorge Hernández,MEX,Goalkeeper,Querétaro,0.0,1998,9,9,810,1.44,4.56,3.11,0.22,0.22,0.11,0.0,0.11,1.42,3.44,13.89,15.22,2.33,9.44,21.11,0.44,0.0,0.11,-0.02,68.2,24.77,2.08
Josh Vickers,ENG,Goalkeeper,Derby County,0.0,1995,6,6,540,1.0,2.83,1.83,0.5,0.0,0.0,0.0,0.0,1.12,6.33,21.17,20.33,2.67,9.17,15.33,1.5,0.5,0.0,0.12,64.66,29.9,9.78
Joshua Griffiths,ENG,Goalkeeper,West Brom,0.0,2001,6,6,540,1.83,4.33,2.5,0.17,0.0,0.0,0.0,0.0,1.47,3.83,12.33,28.5,4.83,4.33,17.17,0.33,1.0,0.0,-0.37,57.74,31.06,1.92
Josue Reinatti,ARG,Goalkeeper,Newell's OB,22.0,2003,2,2,180,2.0,7.0,5.0,0.0,0.5,0.5,0.0,0.0,2.3,3.5,5.5,27.5,10.0,3.0,16.5,1.5,0.5,0.0,0.3,71.43,63.64,9.09
José Antonio Rodríguez,MEX,Goalkeeper,Tijuana,0.0,1992,21,21,1880,1.72,5.41,3.78,0.14,0.14,0.14,0.0,0.0,1.62,5.65,14.27,41.65,4.16,5.84,13.16,0.77,1.1,0.0,-0.1,69.87,39.59,5.85
José Contreras Verna,VEN,Goalkeeper,ec Barcelona,30.0,1994,5,5,396,0.91,4.77,3.64,0.45,0.23,0.0,0.23,0.0,1.34,3.64,14.32,17.5,3.41,10.0,14.09,1.59,0.0,0.23,0.43,76.31,25.42,11.28
José Corona,MEX,Goalkeeper,Tijuana,0.0,1981,11,10,910,1.78,5.24,3.36,0.1,0.3,0.2,0.1,0.0,1.98,2.67,6.92,33.43,4.15,4.35,10.78,0.2,0.79,0.1,0.2,64.12,38.58,1.86
José Eulogio,MEX,Goalkeeper,Pachuca,0.0,2004,2,2,180,2.0,4.0,2.0,0.0,0.0,0.0,0.0,0.0,1.25,4.0,8.0,13.5,3.5,8.0,7.5,0.0,0.0,0.0,-0.75,50.0,50.0,0.0
José Rangel Aguilar,MEX,Goalkeeper,Guadalajara,0.0,2000,32,32,2879,1.0,3.78,2.72,0.34,0.09,0.03,0.06,0.0,1.01,4.6,12.22,28.73,4.69,6.72,11.97,1.0,1.13,0.06,0.01,71.96,37.64,8.35
José Santiago Hernández,MEX,Goalkeeper,Atlas,0.0,1997,3,3,270,1.0,2.0,1.0,0.33,0.33,0.33,0.0,0.0,0.83,3.33,9.0,22.0,3.0,4.67,8.0,0.33,0.67,0.0,-0.17,50.0,37.0,4.12
João Gonçalves,POR,Goalkeeper,Boavista,0.0,2000,4,4,360,0.5,2.0,1.5,0.5,0.0,0.0,0.0,0.0,0.82,7.75,22.0,18.5,0.75,9.0,14.75,0.25,0.25,0.0,0.32,75.0,35.23,1.69
João Paulo Santos Costa,POR,Goalkeeper,Estrela,0.0,1996,14,14,1260,1.21,3.86,2.57,0.29,0.29,0.21,0.07,0.0,1.36,6.71,17.43,22.29,2.64,8.57,12.93,0.14,1.0,0.07,0.14,66.58,38.5,1.08
João Ricardo Riedi,BRA,Goalkeeper,br Fortaleza,36.0,1988,18,18,1620,1.28,5.11,3.83,0.44,0.11,0.06,0.06,0.0,1.55,4.5,11.67,19.78,4.56,6.83,12.39,0.94,1.06,0.06,0.27,74.95,38.56,7.59
João Valido,POR,Goalkeeper,Arouca,0.0,2000,5,5,450,1.2,4.0,2.8,0.2,0.2,0.2,0.0,0.0,1.1,3.4,6.4,21.0,4.4,10.0,14.0,1.8,1.6,0.0,-0.1,70.0,53.12,12.86
Juan Cozzani,ARG,Goalkeeper,Platense,26.0,1998,19,19,1710,0.74,3.68,3.05,0.42,0.11,0.11,0.0,0.0,1.05,5.32,20.05,19.84,1.42,6.37,14.95,0.63,1.0,0.0,0.31,82.88,26.53,4.21
Juan Espínola,PAR,Goalkeeper,Belgrano,30.0,1994,12,12,1080,1.5,3.92,2.42,0.33,0.08,0.08,0.0,0.0,1.03,6.33,18.75,25.42,3.58,6.67,16.25,1.25,0.75,0.0,-0.47,61.73,33.76,7.69
Juan González,URU,Goalkeeper,Atlé Tucumán,32.0,1993,6,6,540,0.83,3.67,3.0,0.33,0.17,0.17,0.0,0.0,0.83,6.5,15.33,22.83,2.83,7.0,14.5,1.5,1.0,0.0,0.0,81.74,42.4,10.34
Juan Zozaya,ARG,Goalkeeper,Cen. Córdoba–SdE,24.0,2001,2,2,180,1.5,4.0,2.5,0.0,0.0,0.0,0.0,0.0,1.95,3.0,7.0,14.0,3.0,6.0,14.5,0.0,0.0,0.0,0.45,62.5,42.86,0.0
Julien Devriendt,BEL,Goalkeeper,Dender,0.0,1998,4,3,315,2.57,7.43,4.86,0.0,0.29,0.29,0.0,0.0,2.06,3.71,12.0,22.0,6.57,4.57,14.0,0.57,2.0,0.0,-0.51,65.41,30.92,4.07
Julio José González,MEX,Goalkeeper,UNAM,0.0,1991,19,19,1710,1.0,3.89,2.95,0.37,0.16,0.16,0.0,0.0,0.89,4.58,13.11,22.63,4.58,9.58,11.89,0.47,1.84,0.0,-0.11,75.84,34.94,3.95
Justin Bijlow,NED,Goalkeeper,Feyenoord,0.0,1998,4,4,360,2.0,4.0,2.0,0.0,0.0,0.0,0.0,0.0,1.5,3.0,7.5,51.25,4.0,5.25,6.5,0.5,1.5,0.0,-0.5,50.0,40.0,7.69
Kaique,BRA,Goalkeeper,Farense,0.0,2003,6,6,540,1.0,3.5,2.33,0.17,0.17,0.0,0.17,0.0,1.18,5.17,17.33,28.33,5.5,8.83,19.17,0.83,0.17,0.17,0.18,66.57,29.83,4.33
Karl Darlow,WAL,Goalkeeper,Leeds United,0.0,1990,7,7,630,0.43,1.57,1.29,0.57,0.0,0.0,0.0,0.0,0.36,3.57,10.71,28.14,3.86,4.71,9.43,1.0,0.86,0.0,-0.07,82.17,33.33,10.6
Kevin Chamorro,CRC,Goalkeeper,Estoril,0.0,2000,4,4,360,0.75,3.0,2.25,0.5,0.25,0.25,0.0,0.0,0.92,3.0,14.25,20.25,2.75,5.5,11.5,1.0,3.25,0.0,0.18,75.0,21.05,8.7
Kevin Mier,COL,Goalkeeper,Cruz Azul,0.0,2000,33,33,2970,0.82,2.67,1.85,0.42,0.12,0.09,0.03,0.0,0.76,3.48,8.64,38.0,2.97,6.58,11.3,0.42,1.3,0.03,-0.05,69.29,40.28,3.72
Kewin,BRA,Goalkeeper,Moreirense,0.0,1995,29,29,2610,1.45,3.93,2.48,0.21,0.1,0.1,0.0,0.0,1.36,5.31,15.17,27.21,4.34,7.9,16.28,1.24,0.66,0.0,-0.09,63.1,35.0,7.62
Keylor Navas,CRC,Goalkeeper,Newell's OB,38.0,1986,14,14,1260,0.79,4.57,3.86,0.43,0.07,0.0,0.0,0.07,1.19,7.57,15.86,17.64,3.43,9.43,19.43,0.71,0.21,0.07,0.41,84.46,47.73,3.65
Kim Joonhong,KOR,Goalkeeper,D.C. United,22.0,2003,7,7,630,2.43,5.57,3.14,0.14,0.29,0.29,0.0,0.0,2.23,7.29,16.86,24.86,3.71,7.14,10.71,0.71,1.86,0.0,-0.2,56.37,43.24,6.63
Koen Van Langendonck,BEL,Goalkeeper,Westerlo,0.0,1989,10,10,900,1.6,4.1,2.4,0.2,0.3,0.2,0.1,0.0,1.64,5.3,11.7,27.8,3.8,8.0,14.4,0.7,1.7,0.1,0.04,58.54,45.3,4.86
Kostas Lamprou,GRE,Goalkeeper,NAC Breda,0.0,1991,1,1,90,3.0,5.0,2.0,0.0,0.0,0.0,0.0,0.0,2.3,8.0,20.0,53.0,4.0,3.0,16.0,0.0,1.0,0.0,-0.7,40.0,40.0,0.0
Kristijan Kahlina,CRO,Goalkeeper,Charlotte,33.0,1992,23,23,2070,1.61,5.13,3.52,0.26,0.26,0.26,0.0,0.0,1.62,2.7,7.39,26.3,5.43,5.48,14.17,0.65,0.65,0.0,0.01,68.62,36.54,4.59
Lars Unnerstall,GER,Goalkeeper,Twente,0.0,1990,31,31,2790,1.26,3.26,2.0,0.35,0.06,0.06,0.0,0.0,1.15,3.52,10.71,28.77,4.74,5.58,13.0,0.74,1.16,0.0,-0.1,61.35,32.87,5.69
Laurent Henkinet,BEL,Goalkeeper,Standard Liège,0.0,1992,4,4,315,0.29,3.71,3.43,0.57,0.0,0.0,0.0,0.0,0.71,5.43,20.57,21.71,3.43,7.71,26.57,2.57,0.57,0.0,0.43,92.45,26.4,9.67
Lautaro Morales,ARG,Goalkeeper,Lanús,25.0,1999,1,1,90,1.0,2.0,1.0,0.0,0.0,0.0,0.0,0.0,1.0,3.0,6.0,16.0,2.0,6.0,7.0,0.0,0.0,0.0,0.0,50.0,50.0,0.0
Lawrence Vigouroux,CHI,Goalkeeper,Swansea City,0.0,1993,46,46,4140,1.22,3.61,2.46,0.3,0.09,0.09,0.0,0.0,1.18,6.74,20.98,38.52,4.09,4.98,13.04,0.87,0.83,0.0,-0.03,68.14,32.13,6.67
Lazar Carević,MNE,Goalkeeper,Famalicão,0.0,1999,18,18,1620,1.17,4.06,2.89,0.39,0.22,0.17,0.06,0.0,1.32,3.94,10.17,23.89,3.94,5.39,13.72,0.33,1.0,0.06,0.15,71.18,38.74,2.41
Leandro Brey,ARG,Goalkeeper,Boca Juniors,22.0,2002,2,2,180,0.5,2.0,1.5,0.5,0.0,0.0,0.0,0.0,0.5,3.0,10.0,22.0,5.0,8.0,20.0,0.0,1.0,0.0,0.0,75.0,30.0,0.0
Leandro Chichizola,ARG,Goalkeeper,Spezia,0.0,1990,11,11,990,0.91,3.27,2.45,0.27,0.0,0.0,0.0,0.0,0.77,7.09,18.82,30.09,4.0,4.55,10.91,1.27,2.36,0.0,-0.14,74.92,37.67,11.64
Leo Kokubo,JPN,Goalkeeper,Sint-Truiden,0.0,2001,27,27,2430,1.67,4.48,2.85,0.15,0.37,0.33,0.04,0.0,1.67,4.19,11.78,27.74,3.81,6.37,17.96,0.78,1.33,0.04,0.0,63.62,35.57,4.34
Leonardo Loria,ITA,Goalkeeper,Pisa,0.0,1999,1,1,90,3.0,5.0,2.0,0.0,1.0,1.0,0.0,0.0,1.8,3.0,9.0,18.0,3.0,2.0,14.0,0.0,5.0,0.0,-1.2,40.0,33.33,0.0
Liam Roberts,ENG,Goalkeeper,Millwall,0.0,1994,2,1,91,0.0,2.97,2.97,1.98,0.0,0.0,0.0,0.0,0.3,3.96,31.65,21.76,1.98,12.86,35.6,2.97,1.98,0.0,0.3,100.0,12.51,8.34
Lorenzo Andrenacci,ITA,Goalkeeper,Brescia,0.0,1995,1,1,90,0.0,2.0,2.0,1.0,0.0,0.0,0.0,0.0,0.1,5.0,10.0,20.0,4.0,6.0,8.0,3.0,0.0,0.0,0.1,100.0,50.0,37.5
Luca Lezzerini,ITA,Goalkeeper,Brescia,0.0,1995,37,37,3330,1.3,4.51,3.22,0.27,0.24,0.14,0.03,0.08,1.28,5.19,12.41,23.92,3.89,5.84,16.27,1.08,0.65,0.11,-0.02,71.4,41.82,6.64
Luca Maniero,ITA,Goalkeeper,Cittadella,0.0,1995,10,9,855,1.47,5.47,4.11,0.42,0.32,0.32,0.0,0.0,1.55,5.05,14.21,20.21,4.63,7.68,14.21,0.84,0.95,0.0,0.07,75.14,35.54,5.91
Luca Plogmann,GER,Goalkeeper,Go Ahead Eag,0.0,2000,18,18,1620,1.78,4.5,2.72,0.22,0.17,0.17,0.0,0.0,1.42,3.06,11.06,35.56,3.94,4.94,17.33,0.67,0.72,0.0,-0.36,60.44,27.67,3.87
Lucas Acosta,ARG,Goalkeeper,Sarmiento,30.0,1995,19,19,1710,1.21,4.89,3.79,0.26,0.11,0.05,0.0,0.05,1.53,5.63,15.84,21.95,2.16,7.58,17.21,0.74,0.95,0.05,0.32,77.51,35.54,4.3
Lucas Arcanjo,BRA,Goalkeeper,Vitória,26.0,1998,16,16,1440,1.0,5.25,4.25,0.25,0.0,0.0,0.0,0.0,1.33,3.88,12.06,22.12,4.44,9.06,19.31,0.88,0.38,0.0,0.33,80.95,32.17,4.56
Lucas Bruera,ARG,Goalkeeper,ve Carabobo,27.0,1997,6,6,540,2.17,6.5,4.33,0.0,0.5,0.5,0.0,0.0,1.87,1.83,9.0,11.17,3.0,10.0,15.83,0.5,0.67,0.0,-0.3,66.62,20.33,3.16
Lucas França,BRA,Goalkeeper,Nacional,0.0,1996,33,33,2925,1.42,4.58,3.17,0.25,0.28,0.22,0.0,0.06,1.5,5.14,14.83,20.4,3.32,9.48,15.66,1.02,0.74,0.06,0.09,69.21,34.66,6.51
Lucas Pirard,BEL,Goalkeeper,Kortrijk,0.0,1995,7,5,543,1.66,4.64,2.98,0.17,0.17,0.17,0.0,0.0,2.44,5.97,14.59,22.87,5.14,6.13,14.59,0.66,1.99,0.0,0.78,64.22,40.92,4.52
Lucas Verza,PAR,Goalkeeper,py Olimpia,24.0,2001,1,1,90,0.0,3.0,2.0,1.0,1.0,0.0,1.0,0.0,1.3,4.0,13.0,21.0,7.0,9.0,11.0,1.0,0.0,1.0,1.3,66.67,30.77,9.09
Lucão,BRA,Goalkeeper,RB Bragantino,24.0,2001,3,3,270,1.33,6.0,4.67,0.33,0.0,0.0,0.0,0.0,1.93,1.0,6.33,25.33,4.67,9.0,17.67,0.67,0.67,0.0,0.6,77.83,15.8,3.79
Luigi Sepe,ITA,Goalkeeper,Salernitana,0.0,1991,18,18,1575,1.26,3.89,2.63,0.23,0.17,0.17,0.0,0.0,1.31,3.37,11.66,25.94,3.89,6.74,11.2,0.69,0.51,0.0,0.06,67.61,28.9,6.16
Luis Barraza,USA,Goalkeeper,D.C. United,28.0,1996,18,18,1620,1.78,5.06,3.33,0.17,0.11,0.11,0.0,0.0,1.58,4.94,16.39,27.56,4.83,7.22,12.22,0.89,1.0,0.0,-0.19,65.81,30.14,7.28
Luis Cárdenas,MEX,Goalkeeper,Monterrey,0.0,1993,10,10,900,1.3,4.1,2.8,0.1,0.1,0.1,0.0,0.0,1.2,3.8,7.5,26.3,6.4,7.3,12.3,0.5,1.5,0.0,-0.1,68.29,50.67,4.07
Luis Ingolotti,ARG,Goalkeeper,Gimnasia–LP,25.0,2000,3,3,270,2.33,4.67,2.33,0.0,0.67,0.67,0.0,0.0,2.37,3.67,10.33,18.33,4.0,7.0,18.0,0.33,0.0,0.0,0.03,49.89,35.53,1.83
Luis Manuel García,MEX,Goalkeeper,Toluca,0.0,1992,5,5,450,1.2,3.0,1.8,0.2,0.0,0.0,0.0,0.0,0.92,3.4,10.6,26.8,3.4,5.4,12.8,0.6,0.4,0.0,-0.28,60.0,32.08,4.69
Luis Mejía,PAN,Goalkeeper,uy Nacional,34.0,1991,6,6,540,1.67,5.17,3.5,0.17,0.17,0.17,0.0,0.0,1.78,2.33,9.0,14.17,2.0,5.83,14.17,1.0,0.5,0.0,0.12,67.7,25.89,7.06
Luis Ángel Malagón,MEX,Goalkeeper,América,0.0,1997,29,29,2565,0.95,3.4,2.46,0.35,0.07,0.07,0.0,0.0,0.83,4.0,10.14,24.81,2.81,7.86,10.84,0.42,0.81,0.0,-0.12,72.35,39.45,3.87
Luiz Lúcio Reis Júnior,BRA,Goalkeeper,Famalicão,0.0,2001,1,1,90,0.0,2.0,2.0,1.0,0.0,0.0,0.0,0.0,0.3,11.0,24.0,32.0,7.0,6.0,17.0,3.0,2.0,0.0,0.3,100.0,45.83,17.65
Lukas Jensen,DEN,Goalkeeper,Millwall,0.0,1999,41,41,3689,1.0,3.22,2.29,0.32,0.07,0.02,0.02,0.02,1.03,4.61,19.27,21.52,2.34,6.44,13.39,0.61,0.93,0.05,0.03,71.12,23.92,4.56
Lukáš Horníček,CZE,Goalkeeper,Braga,0.0,2002,17,17,1530,0.65,3.41,2.76,0.47,0.06,0.06,0.0,0.0,0.79,3.65,12.29,31.65,5.35,5.41,11.88,0.94,2.0,0.0,0.14,80.94,29.7,7.91
Luuk Koopmans,NED,Goalkeeper,Fortuna Sittard,0.0,1993,6,6,540,2.5,5.83,3.17,0.0,0.33,0.17,0.17,0.0,2.2,8.0,23.5,21.67,2.0,9.0,17.17,0.67,0.0,0.17,-0.3,54.37,34.04,3.9
Léo Aragão,BRA,Goalkeeper,Cruzeiro,23.0,2002,1,1,90,0.0,1.0,1.0,1.0,0.0,0.0,0.0,0.0,0.2,1.0,2.0,11.0,3.0,5.0,9.0,0.0,0.0,0.0,0.2,100.0,50.0,0.0
Léo Jardim,BRA,Goalkeeper,Vasco da Gama,30.0,1995,15,15,1345,1.27,3.68,2.61,0.13,0.0,0.0,0.0,0.0,1.12,1.94,7.49,22.88,3.75,6.89,16.46,1.0,0.8,0.0,-0.15,70.92,25.9,6.08
Maarten Paes,IDN,Goalkeeper,FC Dallas,27.0,1998,22,22,1980,1.95,4.77,2.82,0.14,0.32,0.32,0.0,0.0,1.85,5.5,12.73,24.82,4.05,6.55,16.91,0.82,1.41,0.0,-0.11,59.12,43.21,4.85
Mads Kikkenborg,DEN,Goalkeeper,Anderlecht,0.0,1999,2,2,180,1.0,5.0,4.0,0.0,0.0,0.0,0.0,0.0,2.1,4.5,15.0,35.5,5.0,3.0,18.5,0.5,1.5,0.0,1.1,80.0,30.0,2.7
Magrão,BRA,Goalkeeper,Fortaleza,25.0,2000,3,3,270,1.33,4.0,2.67,0.0,0.67,0.67,0.0,0.0,1.4,3.0,9.33,14.67,4.0,8.0,10.0,0.33,0.33,0.0,0.07,66.75,32.15,3.3
Manuel Roffo,ARG,Goalkeeper,Instituto,25.0,2000,19,19,1710,1.26,4.05,2.79,0.37,0.11,0.11,0.0,0.0,1.15,5.47,13.68,19.63,3.26,7.16,14.0,1.05,0.63,0.0,-0.12,68.89,39.99,7.5
Manuel Vicentini,ARG,Goalkeeper,Belgrano,35.0,1990,5,5,450,1.0,3.6,2.4,0.4,0.2,0.0,0.2,0.0,1.76,4.8,18.6,22.6,3.6,8.2,21.4,0.6,2.8,0.2,0.76,66.67,25.81,2.8
Marcelo Lomba,BRA,Goalkeeper,br Palmeiras,38.0,1986,1,1,90,0.0,1.0,1.0,1.0,0.0,0.0,0.0,0.0,0.0,1.0,1.0,24.0,8.0,5.0,8.0,2.0,0.0,0.0,0.0,100.0,100.0,25.0
Marco Bleve,ITA,Goalkeeper,Carrarese,0.0,1995,24,24,2092,1.08,4.6,3.48,0.52,0.26,0.22,0.04,0.0,1.42,5.98,14.33,33.77,3.4,5.81,14.28,1.16,0.95,0.04,0.35,75.65,41.73,8.12
Marco Festa,ITA,Goalkeeper,Mantova,0.0,1992,38,38,3420,1.47,4.55,3.11,0.21,0.05,0.05,0.0,0.0,1.48,2.97,8.21,37.97,2.89,4.87,15.26,0.55,0.95,0.0,0.01,68.35,36.18,3.6
Marco Pissardo,ITA,Goalkeeper,Bari,0.0,1998,2,1,109,2.48,8.26,5.78,0.83,0.0,0.0,0.0,0.0,2.23,10.73,27.25,19.82,4.13,13.21,18.99,1.65,0.0,0.0,-0.25,69.98,39.38,8.69
Marco Silvestri,ITA,Goalkeeper,Sampdoria,0.0,1991,7,7,630,1.71,4.71,3.0,0.14,0.14,0.14,0.0,0.0,1.24,3.0,10.14,25.29,3.57,5.71,12.71,0.86,0.0,0.0,-0.47,63.69,29.59,6.77
Marcos Felipe,BRA,Goalkeeper,br Bahia,29.0,1996,15,14,1332,1.01,3.78,2.77,0.34,0.14,0.14,0.0,0.0,1.05,3.85,9.66,30.68,5.07,7.84,16.15,0.54,1.96,0.0,0.04,73.28,39.86,3.34
Marcos Ignacio Ledesma,ARG,Goalkeeper,Barracas Central,28.0,1996,19,19,1710,1.16,4.11,3.05,0.32,0.0,0.0,0.0,0.0,1.05,6.16,16.84,17.05,3.53,6.84,18.47,1.63,0.42,0.0,-0.11,74.21,36.58,8.83
Marcão,BRA,Goalkeeper,Juventude,33.0,1992,6,5,495,1.82,7.45,5.82,0.18,0.18,0.18,0.0,0.0,2.09,2.18,10.18,23.64,5.27,4.36,14.18,0.73,0.73,0.0,0.27,78.12,21.41,5.15
Marino Arzamendia,PAR,Goalkeeper,py Olimpia,27.0,1998,2,2,180,3.5,6.0,2.5,0.0,1.0,1.0,0.0,0.0,2.5,6.5,13.0,21.0,3.5,7.0,9.5,0.5,2.0,0.0,-1.0,41.67,50.0,5.26
Marius Adamonis,LTU,Goalkeeper,Südtirol,0.0,1997,15,15,1350,1.2,4.2,3.0,0.27,0.0,0.0,0.0,0.0,1.31,7.87,19.53,16.33,3.0,8.07,17.07,0.6,0.53,0.0,0.11,71.43,40.3,3.51
Mark Spenkelink,NED,Goalkeeper,RKC Waalwijk,0.0,1997,4,4,360,3.0,6.0,3.0,0.0,0.5,0.5,0.0,0.0,2.5,5.5,16.5,38.75,2.5,3.5,14.75,0.25,0.25,0.0,-0.5,50.0,33.33,1.69
Mark Travers,IRL,Goalkeeper,Middlesbrough,0.0,1999,17,17,1530,1.18,4.88,3.76,0.24,0.0,0.0,0.0,0.0,1.36,2.18,12.65,24.65,4.18,6.82,13.12,0.88,1.41,0.0,0.18,77.05,17.23,6.71
Marko Gudžulić,SRB,Goalkeeper,Estrela,0.0,2002,2,2,180,1.5,4.5,3.0,0.5,0.5,0.0,0.5,0.0,1.25,7.5,24.0,27.0,3.5,9.5,18.5,2.0,0.5,0.5,-0.25,66.67,31.25,10.81
Marko Ilić,SRB,Goalkeeper,Kortrijk,0.0,1998,5,5,425,1.91,5.72,4.02,0.0,0.0,0.0,0.0,0.0,2.14,5.93,13.55,18.0,5.08,5.51,13.13,0.85,0.85,0.0,0.23,70.28,43.76,6.47
Martin Delavallée,BEL,Goalkeeper,Charleroi,0.0,2004,8,8,720,1.62,5.88,4.25,0.12,0.0,0.0,0.0,0.0,1.8,6.25,14.5,28.88,7.25,5.75,12.0,0.62,1.38,0.0,0.18,72.28,43.1,5.17
Martín Campaña,URU,Goalkeeper,uy Peñarol,36.0,1989,3,3,270,0.67,4.33,3.67,0.67,0.0,0.0,0.0,0.0,0.67,5.67,16.67,13.33,1.33,7.67,18.33,1.33,0.0,0.0,0.0,84.76,34.01,7.26
Martín Silva,URU,Goalkeeper,py Libertad,42.0,1983,1,1,90,2.0,4.0,2.0,0.0,0.0,0.0,0.0,0.0,2.1,3.0,7.0,18.0,2.0,12.0,10.0,0.0,2.0,0.0,0.1,50.0,42.86,0.0
Matheus,BRA,Goalkeeper,Ajax,0.0,1992,26,26,2340,1.08,3.38,2.35,0.42,0.08,0.08,0.0,0.0,0.96,3.08,10.65,31.65,4.85,6.04,11.08,1.0,1.35,0.0,-0.12,69.53,28.92,9.03
Matheus Donelli,BRA,Goalkeeper,Corinthians,23.0,2002,5,5,450,1.2,3.8,2.6,0.2,0.2,0.2,0.0,0.0,1.14,2.6,6.6,19.4,3.8,7.0,10.6,0.6,0.4,0.0,-0.06,68.42,39.39,5.66
Matheus Teixeira,BRA,Goalkeeper,Rio Ave,0.0,1999,1,0,15,0.0,0.0,0.0,0.0,0.0,0.0,0.0,0.0,0.0,0.0,18.0,48.0,0.0,12.0,6.0,0.0,0.0,0.0,0.0,,0.0,0.0
Matt Freese,USA,Goalkeeper,NYCFC,26.0,1998,21,21,1890,1.29,4.38,3.24,0.29,0.05,0.05,0.0,0.0,1.31,1.67,6.57,25.62,6.1,4.52,12.29,0.76,1.33,0.0,0.02,73.97,25.42,6.18
Matt Ingram,ENG,Goalkeeper,Oxford United,0.0,1993,1,1,90,3.0,5.0,2.0,0.0,0.0,0.0,0.0,0.0,2.7,3.0,15.0,31.0,7.0,9.0,19.0,0.0,0.0,0.0,-0.3,40.0,20.0,0.0
Matteo Pisseri,ITA,Goalkeeper,Cesena,0.0,1991,11,11,990,1.55,4.0,2.55,0.36,0.09,0.0,0.09,0.0,1.35,2.73,9.36,21.18,5.73,7.36,14.73,0.73,1.27,0.09,-0.19,63.75,29.17,4.96
Matthieu Epolo,BEL,Goalkeeper,Standard Liège,0.0,2004,19,18,1665,1.14,5.03,3.89,0.43,0.05,0.0,0.05,0.0,1.42,6.16,18.43,21.57,3.14,7.73,15.08,0.97,0.92,0.05,0.28,77.34,33.42,6.43
Mattijs Branderhorst,NED,Goalkeeper,Fortuna Sittard,0.0,1993,28,28,2520,1.39,4.68,3.29,0.36,0.07,0.07,0.0,0.0,1.44,5.32,17.82,21.64,4.61,7.68,15.68,1.96,0.86,0.0,0.04,70.3,29.85,12.5
Matías Borgogno,ARG,Goalkeeper,San Martín de San Juan,26.0,1998,19,19,1710,1.16,3.74,2.58,0.21,0.05,0.05,0.0,0.0,1.17,7.32,19.53,22.16,1.74,8.16,14.37,1.16,0.79,0.0,0.01,68.98,37.48,8.07
Matías Mansilla,ARG,Goalkeeper,ar Estudiantes–LP,29.0,1996,24,24,2160,1.08,3.33,2.21,0.38,0.17,0.12,0.04,0.0,1.04,4.54,12.25,17.83,4.04,7.96,14.88,0.79,0.96,0.04,-0.05,66.37,37.06,5.31
Matías Tagliamonte,ARG,Goalkeeper,Unión,27.0,1998,5,5,450,0.4,2.6,2.0,0.6,0.2,0.0,0.2,0.0,0.62,4.8,14.2,15.2,3.8,7.0,14.8,1.0,0.4,0.2,0.22,76.92,33.8,6.76
Max O'Leary,IRL,Goalkeeper,Bristol City,0.0,1996,46,46,4140,1.2,3.74,2.54,0.22,0.04,0.04,0.0,0.0,1.19,5.13,16.74,26.46,4.74,4.76,12.07,0.8,1.72,0.0,-0.01,67.91,30.65,6.63
Maxence Prevot,FRA,Goalkeeper,OH Leuven,0.0,1997,1,1,90,1.0,5.0,4.0,0.0,0.0,0.0,0.0,0.0,2.4,14.0,26.0,36.0,5.0,8.0,29.0,2.0,1.0,0.0,1.4,80.0,53.85,6.9
Maxime Crépeau,CAN,Goalkeeper,Portland Timbers,31.0,1994,12,12,1080,1.33,5.0,3.67,0.25,0.0,0.0,0.0,0.0,1.32,4.67,12.58,29.33,4.83,6.08,11.0,0.5,0.83,0.0,-0.02,73.4,37.12,4.55
Maxime Delanghe,BEL,Goalkeeper,Cercle Brugge,0.0,2001,21,21,1881,1.29,4.16,2.82,0.33,0.14,0.1,0.05,0.0,1.39,5.02,19.76,20.43,1.87,6.17,12.58,0.29,1.63,0.05,0.1,67.79,25.4,2.31
Michael Brouwer,NED,Goalkeeper,Utrecht,0.0,1993,3,3,270,0.33,3.33,3.0,0.67,0.33,0.33,0.0,0.0,1.1,5.67,19.33,27.33,3.67,8.0,21.33,0.0,1.33,0.0,0.77,90.09,29.33,0.0
Michael Collodi,USA,Goalkeeper,FC Dallas,24.0,2001,2,2,180,1.0,3.0,2.0,0.5,0.0,0.0,0.0,0.0,1.25,2.5,9.0,29.5,5.5,4.0,13.5,0.5,3.0,0.0,0.25,66.67,27.78,3.7
Michael Cooper,ENG,Goalkeeper,Sheffield Utd,0.0,1999,43,43,3870,0.77,3.3,2.53,0.49,0.12,0.09,0.02,0.0,0.9,5.77,15.4,33.14,4.23,5.19,14.35,1.37,0.86,0.02,0.13,76.67,37.47,9.55
Michael Verrips,NED,Goalkeeper,Dender,0.0,1996,27,27,2336,1.58,4.97,3.47,0.27,0.27,0.27,0.0,0.0,1.73,5.66,15.87,21.04,2.47,6.74,16.76,0.73,0.15,0.0,0.15,69.82,35.66,4.36
Michele Cerofolini,ITA,Goalkeeper,Frosinone,0.0,1999,36,36,3240,1.19,4.03,2.78,0.22,0.17,0.11,0.06,0.0,1.27,4.31,15.17,28.5,3.67,6.53,16.06,0.75,0.56,0.06,0.08,68.98,28.41,4.67
Mickey van der Hart,NED,Goalkeeper,Heerenveen,0.0,1994,19,18,1695,1.75,5.52,3.82,0.16,0.16,0.16,0.0,0.0,1.96,4.35,13.54,42.16,4.14,3.08,11.36,0.58,1.59,0.0,0.21,69.2,32.13,5.11
Miguel Jiménez Ponce,MEX,Goalkeeper,Puebla,0.0,1990,24,24,2160,1.67,4.88,3.12,0.17,0.25,0.12,0.12,0.0,1.52,5.21,18.29,17.25,2.54,10.62,19.92,0.71,0.38,0.12,-0.15,63.93,28.49,3.56
Miguel Ortega,MEX,Goalkeeper,Tijuana,0.0,1995,3,3,270,2.0,4.33,2.33,0.0,0.33,0.33,0.0,0.0,1.93,4.67,10.33,35.67,3.33,4.0,10.67,0.67,1.33,0.0,-0.07,53.81,45.21,6.28
Mika,POR,Goalkeeper,Moreirense,0.0,1991,1,0,3,0.0,0.0,0.0,30.0,0.0,0.0,0.0,0.0,0.0,0.0,0.0,60.0,0.0,0.0,0.0,0.0,0.0,0.0,0.0,,,
Mike Hauptmeijer,NED,Goalkeeper,Zwolle,0.0,1997,4,4,360,1.5,4.0,2.5,0.0,0.25,0.0,0.0,0.25,1.3,6.0,16.75,28.0,5.25,8.25,20.0,1.75,0.25,0.25,-0.2,62.5,35.82,8.75
Mike Penders,BEL,Goalkeeper,Genk,0.0,2005,11,11,989,0.73,2.91,2.18,0.36,0.09,0.09,0.0,0.0,0.93,5.46,11.74,35.13,3.37,4.46,11.01,1.18,0.27,0.0,0.2,74.91,46.51,10.72
Mirko Pigliacelli,ITA,Goalkeeper,Catanzaro,0.0,1993,38,38,3420,1.18,3.95,2.82,0.34,0.13,0.11,0.0,0.03,1.23,5.24,12.29,41.21,2.84,3.42,15.82,0.97,1.05,0.03,0.04,71.39,42.64,6.13
Mohamed Koné,CIV,Goalkeeper,Charleroi,0.0,2002,21,21,1890,1.0,3.52,2.52,0.29,0.19,0.14,0.05,0.0,1.13,5.62,13.76,31.05,4.05,3.9,11.71,1.33,1.57,0.05,0.13,71.59,40.84,11.36
Mouhamadou Sarr,SEN,Goalkeeper,Spezia,0.0,1997,4,4,360,1.0,3.75,2.75,0.25,0.0,0.0,0.0,0.0,0.92,5.75,16.0,20.0,2.5,6.25,11.75,1.5,1.5,0.0,-0.07,73.33,35.94,12.77
Nahuel Guzmán,ARG,Goalkeeper,UANL,0.0,1986,28,28,2519,0.93,3.72,2.79,0.32,0.18,0.14,0.0,0.04,1.08,5.5,11.18,30.26,3.36,6.57,11.25,0.57,1.46,0.04,0.15,75.0,49.19,5.07
Nahuel Losada,ARG,Goalkeeper,Lanús,32.0,1993,18,18,1620,0.67,3.61,2.89,0.44,0.22,0.11,0.06,0.06,0.99,4.33,11.5,24.33,5.28,4.67,14.94,1.61,1.28,0.11,0.33,80.06,37.65,10.78
Nelson Insfrán,ARG,Goalkeeper,Gimnasia–LP,30.0,1995,16,16,1440,0.75,3.81,2.94,0.5,0.19,0.06,0.12,0.0,1.16,6.06,16.5,21.88,2.88,7.19,17.44,1.0,0.31,0.12,0.41,77.17,36.73,5.73
Niccolò Chiorra,ITA,Goalkeeper,Carrarese,0.0,2001,2,1,158,2.85,4.56,1.71,0.0,0.0,0.0,0.0,0.0,2.22,1.14,6.27,23.92,2.85,6.27,9.11,0.0,0.57,0.0,-0.63,37.5,18.18,0.0
Nicholas Hagen,GUA,Goalkeeper,Columbus Crew,28.0,1996,3,3,270,3.33,7.67,4.33,0.0,0.0,0.0,0.0,0.0,3.1,0.0,0.67,17.33,4.33,5.33,7.67,0.67,1.33,0.0,-0.23,56.45,0.0,8.74
Nicholas Hansen,DEN,Goalkeeper,Colorado Rapids,24.0,2001,10,10,900,1.4,4.6,3.3,0.3,0.3,0.2,0.1,0.0,1.42,4.8,18.2,24.9,3.5,7.2,12.7,1.6,2.3,0.1,0.02,71.74,26.37,12.6
Nick Gillekens,BEL,Goalkeeper,Westerlo,0.0,1995,1,1,90,3.0,11.0,8.0,0.0,0.0,0.0,0.0,0.0,4.3,8.0,19.0,34.0,7.0,9.0,22.0,0.0,1.0,0.0,1.3,72.73,42.11,0.0
Nick Olij,NED,Goalkeeper,Sparta R'dam,0.0,1995,34,34,3060,1.26,4.41,3.18,0.18,0.15,0.12,0.03,0.0,1.32,7.15,15.85,39.44,4.21,4.53,16.71,1.35,0.71,0.03,0.05,72.11,45.11,8.08
Nick Shinton,BEL,Goalkeeper,Beerschot,0.0,2001,21,21,1845,1.8,5.8,4.05,0.15,0.2,0.2,0.0,0.0,1.96,4.1,15.71,32.29,3.8,5.17,17.61,0.54,1.32,0.0,0.16,69.83,26.1,3.07
Nico Mantl,GER,Goalkeeper,Arouca,0.0,2000,29,29,2610,1.48,4.14,2.72,0.24,0.28,0.28,0.0,0.0,1.4,3.97,9.79,25.72,4.38,6.97,15.34,0.76,1.45,0.0,-0.08,65.7,40.55,4.95
Nicola Ravaglia,ITA,Goalkeeper,Carrarese,0.0,1988,2,1,158,1.71,4.56,2.85,0.0,0.57,0.57,0.0,0.0,2.22,6.84,19.94,20.51,1.71,8.54,13.1,0.57,0.57,0.0,0.51,62.5,34.3,4.35
Nicolas Schmid,AUT,Goalkeeper,Portsmouth,0.0,1997,35,35,3090,1.4,4.19,2.91,0.23,0.03,0.03,0.0,0.0,1.37,8.04,26.8,30.73,1.75,5.91,13.22,0.35,2.85,0.0,-0.03,69.45,30.0,2.65
Nordin Bakker,NED,Goalkeeper,Almere City,0.0,1997,34,34,3050,1.89,5.25,3.48,0.21,0.0,0.0,0.0,0.0,1.62,7.58,24.73,29.45,3.78,7.44,16.08,1.3,1.98,0.0,-0.27,66.29,30.65,8.08
Nordin Jackers,BEL,Goalkeeper,Club Brugge,0.0,1997,1,0,31,2.9,8.71,5.81,0.0,0.0,0.0,0.0,0.0,2.32,8.71,11.61,81.29,11.61,0.0,5.81,5.81,0.0,0.0,-0.58,66.7,75.02,100.0
Novak Mićović,SRB,Goalkeeper,LA Galaxy,23.0,2001,13,13,1170,1.69,4.0,2.31,0.15,0.0,0.0,0.0,0.0,1.66,2.31,10.92,24.77,3.54,5.69,11.85,1.0,0.31,0.0,-0.03,57.75,21.15,8.44
Nícolas Andrade,BRA,Goalkeeper,Pisa,0.0,1988,1,1,90,1.0,4.0,3.0,0.0,0.0,0.0,0.0,0.0,0.8,5.0,16.0,22.0,0.0,4.0,7.0,0.0,2.0,0.0,-0.2,75.0,31.25,0.0
Oliver Christensen,DEN,Goalkeeper,Salernitana,0.0,1999,16,16,1440,0.94,3.19,2.25,0.38,0.0,0.0,0.0,0.0,1.03,5.62,16.12,25.0,4.0,6.75,15.75,1.25,1.19,0.0,0.09,70.53,34.86,7.94
Oliver Dovin,SWE,Goalkeeper,Coventry City,0.0,2002,28,28,2467,1.09,3.47,2.48,0.29,0.04,0.04,0.0,0.0,1.13,3.68,11.6,29.08,2.92,5.47,12.88,0.4,1.35,0.0,0.04,71.47,31.72,3.11
Orlando Gil,PAR,Goalkeeper,San Lorenzo,25.0,2000,19,19,1710,0.58,2.89,2.37,0.58,0.0,0.0,0.0,0.0,0.69,5.11,16.11,17.68,2.37,8.47,14.74,0.63,0.21,0.0,0.11,82.01,31.72,4.27
Ortwin De Wolf,BEL,Goalkeeper,Mechelen,0.0,1997,30,30,2700,1.33,4.73,3.53,0.3,0.17,0.17,0.0,0.0,1.51,4.33,12.4,31.23,5.0,7.5,15.77,1.07,0.77,0.0,0.18,74.63,34.92,6.79
Oscar Jiménez,MEX,Goalkeeper,León,0.0,1988,8,8,720,1.38,5.12,3.75,0.12,0.0,0.0,0.0,0.0,1.32,5.38,12.62,24.5,4.62,8.62,11.88,1.0,0.62,0.0,-0.05,73.24,42.63,8.42
Pablo Lara,MEX,Goalkeeper,UNAM,0.0,2005,7,7,630,1.29,4.57,3.43,0.29,0.0,0.0,0.0,0.0,1.07,5.0,13.86,24.71,3.43,8.14,10.0,0.71,2.71,0.0,-0.21,75.05,36.08,7.1
Pablo Sisniega,MEX,Goalkeeper,San Diego FC,30.0,1995,4,4,360,0.75,3.25,2.75,0.25,0.25,0.25,0.0,0.0,0.92,0.75,3.0,31.75,7.0,2.5,7.5,1.5,2.0,0.0,0.18,84.62,25.0,20.0
Paolo Vismara,ITA,Goalkeeper,Sampdoria,0.0,2003,10,7,753,1.79,5.74,3.82,0.48,0.12,0.0,0.12,0.0,1.65,3.11,13.86,24.14,4.06,7.05,15.3,1.2,0.36,0.12,-0.14,66.55,22.44,7.84
Patrick Schulte,USA,Goalkeeper,Columbus Crew,24.0,2001,17,17,1530,1.35,3.59,2.29,0.12,0.06,0.06,0.0,0.0,1.28,2.29,7.71,32.59,4.65,5.59,8.35,0.18,1.71,0.0,-0.08,63.79,29.7,2.16
Patrick Sequeira,CRC,Goalkeeper,Casa Pia,0.0,1999,32,32,2880,1.28,4.91,3.66,0.22,0.22,0.19,0.0,0.03,1.33,3.69,13.81,28.72,5.0,5.94,14.75,1.16,0.75,0.03,0.05,74.54,26.72,7.86
Patrik Gunnarsson,ISL,Goalkeeper,Kortrijk,0.0,2000,11,11,922,1.56,3.51,2.05,0.1,0.0,0.0,0.0,0.0,1.45,6.34,17.18,23.72,5.47,7.52,17.47,1.07,0.68,0.0,-0.11,58.4,36.9,6.12
Pau López,ESP,Goalkeeper,Toluca,0.0,1994,10,10,900,1.3,3.7,2.5,0.4,0.0,0.0,0.0,0.0,0.89,2.9,8.8,35.4,3.9,7.8,10.6,0.4,1.3,0.0,-0.41,67.57,32.95,3.77
Paul Nardi,FRA,Goalkeeper,QPR,0.0,1994,45,45,4050,1.4,3.87,2.53,0.2,0.07,0.07,0.0,0.0,1.32,4.44,14.22,30.36,4.09,5.56,14.62,0.22,0.87,0.0,-0.08,65.37,31.22,1.5
Pedro Gallese,PER,Goalkeeper,Orlando City,35.0,1990,23,23,2070,1.35,4.22,2.91,0.35,0.13,0.13,0.0,0.0,1.44,4.43,11.04,19.74,2.43,5.91,14.91,0.65,1.13,0.0,0.1,68.96,40.13,4.36
Pierce Charles,NIR,Goalkeeper,Sheffield Weds,0.0,2005,8,8,720,1.25,3.75,2.38,0.0,0.12,0.0,0.12,0.0,1.59,6.25,13.75,37.25,4.62,4.88,13.38,1.38,0.62,0.12,0.34,63.47,45.45,10.31
Plamen Andreev,BUL,Goalkeeper,Feyenoord,0.0,2004,1,1,90,2.0,4.0,2.0,0.0,1.0,1.0,0.0,0.0,1.4,5.0,11.0,36.0,3.0,2.0,6.0,1.0,6.0,0.0,-0.6,50.0,45.45,16.67
Przemysław Tytoń,POL,Goalkeeper,Twente,0.0,1987,3,3,270,3.33,6.33,3.0,0.0,0.0,0.0,0.0,0.0,2.6,5.33,11.33,33.33,5.0,6.0,11.33,0.33,2.0,0.0,-0.73,47.39,47.04,2.91
Rafael Cabral,BRA,Goalkeeper,Real Salt Lake,35.0,1990,24,24,2160,1.25,4.12,2.79,0.25,0.21,0.12,0.08,0.0,1.39,3.75,10.04,37.29,3.42,7.33,10.92,0.17,1.62,0.08,0.14,67.72,37.35,1.56
Rafael Pires,BRA,Goalkeeper,br São Paulo,36.0,1989,23,23,2070,1.0,3.52,2.57,0.35,0.17,0.13,0.0,0.04,1.11,2.52,9.57,16.65,2.17,6.87,15.13,0.35,0.74,0.04,0.11,73.01,26.33,2.31
Randall Rodríguez,URU,Goalkeeper,Vélez Sarsfield,21.0,2003,1,1,90,4.0,8.0,4.0,0.0,1.0,1.0,0.0,0.0,3.1,4.0,16.0,23.0,5.0,7.0,10.0,1.0,0.0,0.0,-0.9,50.0,25.0,10.0
Remko Pasveer,NED,Goalkeeper,Ajax,0.0,1983,24,24,2160,0.96,3.71,2.79,0.46,0.0,0.0,0.0,0.0,1.14,6.17,13.62,39.29,4.54,4.46,11.54,1.04,1.12,0.0,0.18,75.2,45.3,9.01
Ricardo Batista,POR,Goalkeeper,Casa Pia,0.0,1986,1,1,90,1.0,2.0,1.0,0.0,1.0,1.0,0.0,0.0,0.8,1.0,2.0,31.0,3.0,3.0,10.0,0.0,2.0,0.0,-0.2,50.0,50.0,0.0
Ricardo Gutiérrez,MEX,Goalkeeper,Mazatlán,0.0,1997,1,0,45,0.0,10.0,10.0,0.0,0.0,0.0,0.0,0.0,1.4,4.0,10.0,24.0,2.0,6.0,8.0,0.0,0.0,0.0,1.4,100.0,40.0,0.0
Ricardo Velho,POR,Goalkeeper,Farense,0.0,1998,28,28,2520,1.43,4.5,3.14,0.21,0.25,0.21,0.0,0.04,1.43,5.54,16.54,22.71,3.89,9.07,16.18,1.11,0.86,0.04,0.0,69.78,33.49,6.86
Riccardo Gagno,ITA,Goalkeeper,Modena,0.0,1997,37,37,3330,1.27,3.62,2.35,0.19,0.11,0.08,0.03,0.0,1.14,5.46,16.22,24.49,3.32,7.59,17.68,1.7,0.32,0.03,-0.13,64.92,33.66,9.62
Robin Roefs,NED,Goalkeeper,NEC Nijmegen,0.0,2003,32,32,2880,1.31,4.72,3.53,0.31,0.03,0.03,0.0,0.0,1.49,5.28,17.56,33.5,4.28,6.31,14.53,1.62,1.41,0.0,0.18,74.79,30.07,11.15
Rocco Ríos Novo,ARG,Goalkeeper,Inter Miami,23.0,2002,6,3,430,1.05,2.72,1.67,0.42,0.0,0.0,0.0,0.0,1.05,4.19,7.12,36.0,4.19,4.4,12.14,0.42,0.63,0.0,0.0,61.4,58.85,3.46
Rodolfo Cota,MEX,Goalkeeper,América,0.0,1987,6,5,495,0.73,3.09,2.36,0.55,0.0,0.0,0.0,0.0,0.64,2.55,6.73,31.09,3.27,5.45,6.73,0.36,1.09,0.0,-0.09,76.38,37.89,5.35
Rodrigo Morínigo,PAR,Goalkeeper,py Libertad,26.0,1998,5,5,450,0.6,3.6,3.0,0.6,0.0,0.0,0.0,0.0,0.78,8.2,19.4,20.8,2.0,9.0,17.4,0.2,0.6,0.0,0.18,83.33,42.27,1.15
Rodrigo Rey,ARG,Goalkeeper,Independiente,34.0,1991,19,19,1710,0.89,3.05,2.32,0.37,0.16,0.16,0.0,0.0,0.99,4.84,11.37,22.89,4.05,6.11,12.05,0.58,0.32,0.0,0.1,76.07,42.57,4.81
Rodrigo Saracho,ARG,Goalkeeper,bo San Antonio Bulo Bulo,31.0,1994,6,6,540,2.5,7.67,5.17,0.0,0.17,0.17,0.0,0.0,2.4,7.17,22.5,21.0,2.33,13.17,19.5,0.83,0.83,0.0,-0.1,67.41,31.87,4.26
Roman Bürki,SUI,Goalkeeper,St. Louis,34.0,1990,15,15,1350,1.73,5.67,4.0,0.2,0.2,0.2,0.0,0.0,1.8,5.33,13.67,32.13,5.0,6.6,11.73,0.6,1.13,0.0,0.07,70.55,38.99,5.12
Roman Celentano,USA,Goalkeeper,FC Cincinnati,24.0,2000,25,25,2250,1.24,4.08,2.88,0.36,0.2,0.12,0.04,0.04,1.31,3.48,10.12,23.92,4.72,7.04,14.96,0.8,0.44,0.08,0.07,70.59,34.39,5.35
Rome-Jayden Owusu-Oduro,NED,Goalkeeper,AZ Alkmaar,0.0,2004,28,28,2520,1.21,3.04,1.82,0.32,0.11,0.04,0.04,0.04,1.03,4.29,12.79,25.57,3.11,4.21,11.32,0.93,0.5,0.07,-0.18,59.87,33.54,8.22
Ronaldo,BRA,Goalkeeper,br Bahia,28.0,1996,7,7,558,0.81,3.87,2.9,0.32,0.16,0.0,0.16,0.0,1.03,3.55,11.13,29.52,3.87,5.81,13.39,1.29,2.1,0.16,0.23,74.94,31.9,9.63
Roy Kortsmit,NED,Goalkeeper,NAC Breda,0.0,1992,1,1,90,3.0,4.0,1.0,0.0,1.0,1.0,0.0,0.0,2.9,12.0,25.0,27.0,1.0,3.0,12.0,2.0,2.0,0.0,-0.1,25.0,48.0,16.67
Rubén Cordano,BOL,Goalkeeper,bo Bolívar,26.0,1998,2,2,180,2.0,6.0,4.0,0.0,0.0,0.0,0.0,0.0,1.3,3.0,10.5,41.0,6.5,6.0,9.5,0.5,0.0,0.0,-0.7,66.67,28.57,5.26
Rui Encarnação,POR,Goalkeeper,Nacional,0.0,1998,2,1,135,2.67,4.67,2.0,0.0,1.33,1.33,0.0,0.0,1.87,3.33,9.33,20.0,1.33,4.67,12.67,0.0,1.33,0.0,-0.8,42.83,35.69,0.0
Rui Silva,POR,Goalkeeper,Sporting CP,0.0,1994,17,17,1530,0.76,1.88,1.24,0.35,0.24,0.24,0.0,0.0,0.79,2.59,7.12,17.29,3.0,5.35,10.88,0.71,1.65,0.0,0.03,65.96,36.38,6.53
Salvatore Sirigu,ITA,Goalkeeper,Palermo,0.0,1987,3,3,270,0.67,2.33,1.67,0.67,0.0,0.0,0.0,0.0,0.33,4.0,10.0,27.0,2.0,4.33,13.0,0.33,0.33,0.0,-0.33,71.67,40.0,2.54
Samuel Soares,POR,Goalkeeper,Benfica,0.0,2002,2,2,180,0.0,2.5,2.0,1.0,0.5,0.0,0.5,0.0,0.5,1.0,3.0,14.0,5.5,5.0,6.5,1.0,0.5,0.5,0.5,80.0,33.33,15.38
Samuele Perisan,ITA,Goalkeeper,Sampdoria,0.0,1997,1,1,57,0.0,1.58,1.58,0.0,0.0,0.0,0.0,0.0,0.32,3.16,11.05,14.21,4.74,9.47,22.11,1.58,0.0,0.0,0.32,100.0,28.6,7.15
Sean Johnson,USA,Goalkeeper,Toronto FC,36.0,1989,24,24,2160,1.33,4.71,3.38,0.25,0.17,0.17,0.0,0.0,1.68,3.25,10.75,22.83,3.71,7.25,12.46,0.5,0.79,0.0,0.35,71.76,30.23,4.01
Sebastian Breza,CAN,Goalkeeper,CF Montréal,27.0,1998,3,3,270,3.0,6.67,3.67,0.0,0.0,0.0,0.0,0.0,2.7,3.0,9.0,27.0,4.33,3.33,10.33,2.0,0.67,0.0,-0.3,55.02,33.33,19.36
Sebastiano Desplanches,ITA,Goalkeeper,Palermo,0.0,2003,21,20,1854,1.02,3.64,2.67,0.29,0.05,0.05,0.0,0.0,0.83,3.74,9.95,29.17,5.29,5.39,14.56,0.68,1.17,0.0,-0.18,73.35,37.59,4.67
Sebastián Britos,URU,Goalkeeper,pe Universitario,37.0,1988,6,6,540,0.67,4.5,3.83,0.33,0.0,0.0,0.0,0.0,1.1,7.0,18.0,15.5,3.0,10.17,17.5,0.5,1.83,0.0,0.43,85.11,38.89,2.86
Sebastián Jurado,MEX,Goalkeeper,FC Juárez,0.0,1997,21,21,1890,1.43,4.14,2.76,0.24,0.1,0.1,0.0,0.0,1.3,3.29,12.29,27.52,3.05,5.71,12.52,0.52,0.62,0.0,-0.13,66.67,26.77,4.15
Sebastián Meza,ARG,Goalkeeper,Huracán,25.0,2000,3,3,270,1.67,3.33,1.67,0.33,0.33,0.33,0.0,0.0,1.17,2.67,11.67,19.0,4.67,4.0,12.33,0.67,0.67,0.0,-0.5,50.15,22.88,5.43
Senne Lammens,BEL,Goalkeeper,Antwerp,0.0,2002,30,30,2700,1.07,5.37,4.23,0.23,0.2,0.07,0.13,0.0,1.48,4.57,12.3,32.77,5.57,4.73,13.13,1.47,0.7,0.13,0.42,78.77,37.15,11.2
Seny Dieng,SEN,Goalkeeper,Middlesbrough,0.0,1994,17,17,1530,1.24,2.76,1.65,0.29,0.0,0.0,0.0,0.0,0.96,1.59,6.94,27.59,4.88,4.53,14.24,0.71,1.41,0.0,-0.27,59.78,22.91,4.99
Sergio Rochet,URU,Goalkeeper,Internacional,32.0,1993,5,5,405,0.44,4.44,4.0,0.44,0.0,0.0,0.0,0.0,0.98,2.44,11.78,23.33,5.78,5.11,16.22,0.22,0.0,0.0,0.53,90.09,20.71,1.36
Simon Mignolet,BEL,Goalkeeper,Club Brugge,0.0,1988,30,30,2669,1.18,3.47,2.33,0.27,0.13,0.1,0.03,0.0,1.21,4.86,10.15,31.02,3.78,4.82,12.61,0.57,0.91,0.03,0.03,67.15,47.88,4.52
Simon Moore,ENG,Goalkeeper,Sunderland,0.0,1990,4,4,360,0.5,2.5,2.0,0.75,0.0,0.0,0.0,0.0,0.45,3.5,12.25,23.5,5.75,6.25,15.25,1.0,1.25,0.0,-0.05,80.0,28.57,6.56
Simone Ghidotti,ITA,Goalkeeper,Sampdoria,0.0,2000,9,9,720,1.0,6.0,5.0,0.12,0.0,0.0,0.0,0.0,1.44,4.0,14.0,28.12,3.88,6.0,17.25,1.75,0.62,0.0,0.44,83.33,28.57,10.14
Simão Bertelli,BRA,Goalkeeper,AVS Futebol,0.0,1993,11,11,990,1.36,5.18,3.73,0.18,0.27,0.18,0.09,0.0,1.92,5.45,14.0,26.82,4.09,7.45,13.64,0.73,0.73,0.09,0.55,72.01,38.93,5.35
Sinan Bolat,TUR,Goalkeeper,Westerlo,0.0,1988,11,11,990,1.82,5.64,3.82,0.09,0.18,0.18,0.0,0.0,1.77,5.36,15.27,29.36,4.27,7.18,15.0,0.64,1.09,0.0,-0.05,67.73,35.1,4.27
Solomon Brynn,ENG,Goalkeeper,Middlesbrough,0.0,2000,6,6,509,1.59,4.42,2.83,0.18,0.0,0.0,0.0,0.0,1.66,1.77,6.72,24.75,5.3,5.13,13.61,1.77,0.88,0.0,0.07,64.03,26.34,13.01
Stefan Frei,SUI,Goalkeeper,Seattle Sounders,39.0,1986,18,18,1620,1.11,3.56,2.56,0.33,0.17,0.17,0.0,0.0,1.03,3.06,9.72,22.17,3.89,6.61,11.11,0.56,0.56,0.0,-0.08,71.91,31.48,5.04
Stefano Gori,ITA,Goalkeeper,Spezia,0.0,1996,23,23,2070,0.83,3.39,2.65,0.52,0.04,0.04,0.0,0.0,0.86,5.87,13.74,22.39,4.04,5.26,12.74,0.61,0.78,0.0,0.03,78.17,42.72,4.79
Stijn van Gassel,NED,Goalkeeper,NEC Nijmegen,0.0,1996,2,2,180,2.0,7.5,5.5,0.0,0.5,0.5,0.0,0.0,2.25,2.0,18.0,30.0,8.5,11.0,25.5,1.0,1.5,0.0,0.25,73.33,11.11,3.92
Thiago Cardozo,URU,Goalkeeper,Unión,28.0,1996,17,17,1526,1.0,3.42,2.42,0.29,0.18,0.12,0.0,0.06,1.05,3.66,11.62,18.28,4.36,7.02,13.92,0.65,0.35,0.06,0.05,70.76,31.5,4.67
Thomas Didillon,FRA,Goalkeeper,Willem II,0.0,1995,34,34,3060,1.65,5.32,3.76,0.15,0.18,0.18,0.0,0.0,1.79,7.03,18.26,26.62,3.76,8.18,18.24,1.06,0.32,0.0,0.14,70.68,38.5,5.81
Thomas Hasal,CAN,Goalkeeper,LAFC,26.0,1999,1,1,90,5.0,9.0,4.0,0.0,0.0,0.0,0.0,0.0,2.9,1.0,7.0,26.0,8.0,6.0,11.0,2.0,0.0,0.0,-2.1,44.44,14.29,18.18
Thomas Kaminski,BEL,Goalkeeper,Luton Town,0.0,1992,45,45,3990,1.53,4.35,2.82,0.23,0.07,0.05,0.02,0.0,1.36,8.44,23.08,27.14,2.71,7.85,13.76,0.56,1.62,0.02,-0.17,64.83,36.57,4.07
Thomas Vettorel,ITA,Goalkeeper,Cosenza,0.0,2000,2,1,124,2.18,4.35,2.18,0.0,0.73,0.73,0.0,0.0,1.81,4.35,12.34,23.95,2.9,7.98,7.26,0.0,2.18,0.0,-0.36,50.11,35.25,0.0
Théo Defourny,BEL,Goalkeeper,Charleroi,0.0,1992,1,1,90,2.0,4.0,2.0,0.0,0.0,0.0,0.0,0.0,1.5,1.0,10.0,24.0,3.0,5.0,9.0,0.0,1.0,0.0,-0.5,50.0,10.0,0.0
Tiago Volpi,BRA,Goalkeeper,Grêmio,34.0,1990,35,35,3150,1.17,4.57,3.4,0.26,0.14,0.14,0.0,0.0,1.47,6.34,14.46,29.23,3.06,6.74,15.11,0.89,0.91,0.0,0.3,74.4,43.85,5.89
Timon Wellenreuther,GER,Goalkeeper,Feyenoord,0.0,1995,29,29,2610,0.97,3.41,2.41,0.34,0.07,0.03,0.03,0.0,1.1,4.45,11.07,38.9,4.45,3.31,9.86,0.59,2.66,0.03,0.14,70.67,40.2,5.98
Tobe Leysen,BEL,Goalkeeper,OH Leuven,0.0,2002,29,29,2610,1.1,4.34,3.28,0.31,0.17,0.14,0.03,0.0,1.41,5.9,17.62,35.28,5.45,7.24,15.93,1.0,0.97,0.03,0.31,75.58,33.48,6.28
Tom Glover,AUS,Goalkeeper,Middlesbrough,0.0,1997,7,6,571,0.95,2.05,1.1,0.47,0.0,0.0,0.0,0.0,0.61,3.94,15.13,31.37,5.52,5.67,11.82,1.26,1.1,0.0,-0.33,53.66,26.04,10.66
Tom Vandenberghe,BEL,Goalkeeper,Gent,0.0,1992,12,12,1080,1.92,5.08,3.25,0.17,0.08,0.08,0.0,0.0,1.81,5.42,13.42,24.25,5.58,4.92,13.75,1.17,0.58,0.0,-0.11,63.98,40.39,8.51
Tomas Romero,SLV,Goalkeeper,NYCFC,24.0,2000,3,3,270,0.67,3.67,3.33,0.33,0.0,0.0,0.0,0.0,1.1,1.67,4.67,25.33,4.0,6.33,14.0,0.67,0.33,0.0,0.43,90.74,35.76,4.79
Tomás Durso,ARG,Goalkeeper,Atlé Tucumán,26.0,1999,11,11,990,1.55,4.18,2.64,0.18,0.27,0.09,0.09,0.09,1.56,5.73,16.09,22.27,4.18,7.91,11.64,0.73,1.45,0.18,0.02,63.16,35.61,6.27
Tomás Marchiori,ARG,Goalkeeper,ar Vélez Sarsfield,30.0,1995,24,24,2160,0.96,3.38,2.54,0.42,0.08,0.04,0.0,0.04,0.9,2.92,9.12,16.92,3.54,7.96,12.33,0.62,0.29,0.04,-0.06,75.15,32.02,5.03
Tomáš Vaclík,CZE,Goalkeeper,Boavista,0.0,1989,12,12,1080,1.83,6.33,4.58,0.25,0.25,0.25,0.0,0.0,1.91,6.25,16.25,20.58,5.42,10.0,16.83,0.92,1.0,0.0,0.07,72.35,38.46,5.47
Tomé,POR,Goalkeeper,Boavista,0.0,2006,2,2,180,2.5,5.0,2.5,0.0,0.0,0.0,0.0,0.0,1.15,6.5,22.0,10.5,0.0,13.0,16.5,0.0,1.0,0.0,-1.35,50.0,29.55,0.0
Vasilios Barkas,GRE,Goalkeeper,Utrecht,0.0,1994,31,31,2790,1.42,4.52,3.13,0.23,0.1,0.1,0.0,0.0,1.36,5.03,13.45,28.48,3.77,6.19,13.23,0.97,0.9,0.0,-0.05,69.25,37.4,7.33
Vicente Reyes,CHI,Goalkeeper,Norwich City,0.0,2003,4,3,271,2.32,3.99,1.66,0.0,0.0,0.0,0.0,0.0,1.86,1.33,5.98,20.92,4.98,3.32,12.62,0.33,2.66,0.0,-0.46,41.6,22.24,2.61
Viktor Johansson,SWE,Goalkeeper,Stoke City,0.0,1998,46,46,4140,1.35,4.54,3.28,0.3,0.11,0.07,0.02,0.02,1.55,4.26,15.22,31.54,4.54,5.26,16.37,1.09,2.22,0.04,0.2,72.25,27.99,6.66
Vincenzo Fiorillo,ITA,Goalkeeper,Salernitana,0.0,1990,17,16,1366,1.65,4.22,2.57,0.07,0.13,0.13,0.0,0.0,1.44,4.61,13.51,22.27,3.03,9.03,15.94,0.92,0.53,0.0,-0.2,60.9,34.12,5.77
Vladan Kovačević,BIH,Goalkeeper,Sporting CP,0.0,1998,6,6,540,0.83,2.67,1.83,0.33,0.0,0.0,0.0,0.0,0.62,1.0,2.67,16.33,3.33,2.33,8.67,0.5,0.67,0.0,-0.22,68.54,37.45,5.77
Václav Hladký,CZE,Goalkeeper,Burnley,0.0,1990,1,1,90,0.0,4.0,4.0,1.0,0.0,0.0,0.0,0.0,0.1,2.0,8.0,35.0,4.0,3.0,13.0,2.0,0.0,0.0,0.1,100.0,25.0,15.38
Walter,BRA,Goalkeeper,Mirassol,37.0,1987,9,9,810,0.56,4.89,4.22,0.44,0.11,0.0,0.11,0.0,1.33,3.56,11.0,27.33,5.67,5.0,20.22,0.89,0.33,0.11,0.78,86.3,32.36,4.4
Walter Benítez,ARG,Goalkeeper,PSV Eindhoven,0.0,1993,34,34,3015,1.16,3.04,1.88,0.27,0.06,0.06,0.0,0.0,1.09,4.06,8.57,34.57,3.76,4.18,9.04,0.6,1.46,0.0,-0.08,61.84,47.37,6.64
Warleson,BRA,Goalkeeper,Cercle Brugge,0.0,1996,10,9,817,1.87,5.18,3.3,0.0,0.0,0.0,0.0,0.0,2.36,7.82,21.92,21.81,1.76,5.51,9.69,0.55,3.08,0.0,0.48,63.71,35.68,5.68
Wessel Speel,NED,Goalkeeper,Minnesota Utd,23.0,2001,3,3,199,2.71,4.52,1.81,0.0,0.45,0.45,0.0,0.0,2.44,4.97,18.54,25.33,0.45,9.05,14.02,0.45,0.0,0.0,-0.27,40.04,26.81,3.21
Will Norris,ENG,Goalkeeper,Portsmouth,0.0,1993,8,8,720,2.38,5.88,3.62,0.25,0.38,0.38,0.0,0.0,2.01,7.0,23.12,32.88,3.75,6.12,14.38,0.38,1.0,0.0,-0.36,61.56,30.28,2.64
Williams Barlasina,ARG,Goalkeeper,Aldosivi,27.0,1998,6,6,540,1.83,4.83,3.0,0.0,0.0,0.0,0.0,0.0,1.55,4.17,11.17,15.67,4.5,7.67,16.33,1.0,0.17,0.0,-0.28,62.11,37.33,6.12
Wéverton,BRA,Goalkeeper,br Palmeiras,37.0,1987,20,20,1800,0.8,3.15,2.3,0.45,0.15,0.1,0.05,0.0,0.87,3.5,13.95,22.05,3.35,6.3,12.95,0.85,0.95,0.05,0.07,73.02,25.09,6.56
Yanick van Osch,NED,Goalkeeper,RKC Waalwijk,0.0,1997,3,3,270,3.0,8.67,5.67,0.0,0.33,0.33,0.0,0.0,3.3,8.67,21.67,34.33,3.67,11.67,27.67,1.0,0.67,0.0,0.3,65.4,40.01,3.61
Yohei Takaoka,JPN,Goalkeeper,Vancouver W'caps,29.0,1996,24,24,2160,1.08,3.42,2.29,0.46,0.17,0.12,0.04,0.0,1.06,3.17,9.25,27.67,3.79,5.71,12.17,0.62,1.54,0.04,-0.03,66.96,34.27,5.09
Zack Steffen,USA,Goalkeeper,Colorado Rapids,30.0,1995,14,14,1260,1.57,5.79,4.21,0.29,0.0,0.0,0.0,0.0,1.9,5.07,16.5,25.5,4.86,7.14,16.71,0.86,1.29,0.0,0.33,72.71,30.73,5.15
Éverson,BRA,Goalkeeper,Atlético Mineiro,35.0,1990,14,14,1260,1.0,3.93,3.0,0.5,0.0,0.0,0.0,0.0,1.16,5.29,13.36,32.5,4.14,3.14,11.93,0.5,2.07,0.0,0.16,76.34,39.6,4.19
Óscar Ustari,ARG,Goalkeeper,Inter Miami,39.0,1986,17,17,1362,1.59,4.96,3.44,0.13,0.0,0.0,0.0,0.0,1.39,4.23,8.39,35.35,5.68,5.29,11.43,0.4,2.18,0.0,-0.2,69.35,50.42,3.5
