Team,League,Game Week,Possession,Passing Accuracy,Shots on Target,Saves
Sassuolo,Italian Serie A,J1,38%,322 of 386 — 83%,2 of 7 — 29%,2 of 4 — 50%
Napoli,Italian Serie A,J1,62%,89% — 566 of 637,31% — 4 of 13,100% — 2 of 2
Inter,Italian Serie A,J1,60%,551 of 612 — 90%,9 of 20 — 45%,4 of 4 — 100%
Torino,Italian Serie A,J1,40%,84% — 347 of 411,33% — 4 of 12,44% — 4 of 9
Chelsea,English Premier League,J1,71%,538 of 620 — 87%,2 of 19 — 11%,4 of 4 — 100%
Crystal Palace,English Premier League,J1,29%,72% — 184 of 257,36% — 4 of 11,100% — 2 of 2
Manchester Utd,English Premier League,J1,61%,418 of 514 — 81%,7 of 22 — 32%,2 of 3 — 66%
Arsenal,English Premier League,J1,39%,72% — 239 of 331,33% — 3 of 9,100% — 7 of 7
Leeds United,English Premier League,J1,54%,427 of 534 — 80%,2 of 20 — 10%,1 of 1 — 100%
Everton,English Premier League,J1,46%,78% — 349 of 450,14% — 1 of 7,100% — 2 of 2
West Ham,English Premier League,J2,42%,371 of 440 — 84%,4 of 12 — 33%,2 of 7 — 28%
Chelsea,English Premier League,J2,58%,86% — 525 of 613,58% — 7 of 12,75% — 3 of 4
Manchester City,English Premier League,J2,61%,488 of 572 — 85%,4 of 10 — 40%,3 of 5 — 60%
Tottenham,English Premier League,J2,39%,77% — 282 of 367,42% — 5 of 12,100% — 4 of 4
Bournemouth,English Premier League,J2,59%,407 of 496 — 82%,4 of 14 — 29%,1 of 1 — 100%
Wolves,English Premier League,J2,41%,72% — 250 of 349,17% — 1 of 6,75% — 3 of 4
Brentford,English Premier League,J2,24%,138 of 205 — 67%,2 of 9 — 22%,2 of 2 — 100%
Aston Villa,English Premier League,J2,76%,84% — 540 of 642,12% — 2 of 17,50% — 1 of 2
Burnley,English Premier League,J2,42%,374 of 475 — 79%,2 of 7 — 29%,1 of 1 — 100%
Sunderland,English Premier League,J2,58%,84% — 557 of 665,11% — 1 of 9,0% — 0 of 2
Arsenal,English Premier League,J2,67%,582 of 647 — 90%,4 of 17 — 24%,1 of 1 — 100%
Leeds United,English Premier League,J2,33%,75% — 234 of 312,33% — 1 of 3,0% — 0 of 4
Crystal Palace,English Premier League,J2,42%,307 of 413 — 74%,4 of 8 — 50%,0 of 1 — 0%
Nott'ham Forest,English Premier League,J2,58%,82% — 462 of 564,11% — 1 of 9,75% — 3 of 4
Everton,English Premier League,J2,42%,293 of 395 — 74%,3 of 11 — 27%,3 of 3 — 100%
Brighton,English Premier League,J2,58%,83% — 449 of 543,25% — 3 of 12,33% — 1 of 3
Fulham,English Premier League,J2,53%,386 of 479 — 81%,3 of 13 — 23%,3 of 3 — 100%
Manchester Utd,English Premier League,J2,47%,80% — 348 of 433,33% — 3 of 9,66% — 2 of 3
Newcastle Utd,English Premier League,J2,38%,195 of 298 — 65%,3 of 10 — 30%,1 of 4 — 25%
Liverpool,English Premier League,J2,62%,82% — 390 of 478,80% — 4 of 5,33% — 1 of 3
Chelsea,English Premier League,J3,54%,453 of 531 — 85%,5 of 12 — 42%,1 of 1 — 100%
Fulham,English Premier League,J3,46%,80% — 369 of 459,9% — 1 of 11,80% — 4 of 5
Sunderland,English Premier League,J3,54%,349 of 447 — 78%,2 of 11 — 18%,2 of 3 — 66%
Brentford,English Premier League,J3,46%,77% — 288 of 375,43% — 3 of 7,50% — 1 of 2
Wolves,English Premier League,J3,58%,456 of 565 — 81%,4 of 12 — 33%,1 of 4 — 25%
Everton,English Premier League,J3,42%,73% — 294 of 402,40% — 4 of 10,50% — 2 of 4
Tottenham,English Premier League,J3,61%,421 of 527 — 80%,1 of 5 — 20%,5 of 6 — 83%
Bournemouth,English Premier League,J3,39%,66% — 219 of 330,30% — 6 of 20,100% — 1 of 1
Manchester Utd,English Premier League,J3,62%,440 of 548 — 80%,5 of 25 — 20%,1 of 3 — 33%
Burnley,English Premier League,J3,38%,69% — 231 of 335,50% — 3 of 6,80% — 4 of 5
Leeds United,English Premier League,J3,43%,348 of 449 — 78%,1 of 10 — 10%,2 of 2 — 100%
Newcastle Utd,English Premier League,J3,57%,83% — 491 of 592,25% — 2 of 8,100% — 1 of 1
Brighton,English Premier League,J3,37%,251 of 340 — 74%,6 of 11 — 55%,2 of 3 — 66%
Manchester City,English Premier League,J3,63%,87% — 513 of 589,25% — 3 of 12,83% — 5 of 6
Nott'ham Forest,English Premier League,J3,58%,491 of 596 — 82%,3 of 11 — 27%,5 of 7 — 71%
West Ham,English Premier League,J3,42%,81% — 344 of 425,64% — 7 of 11,100% — 3 of 3
Liverpool,English Premier League,J3,53%,386 of 465 — 83%,3 of 9 — 33%,1 of 1 — 100%
Arsenal,English Premier League,J3,47%,80% — 327 of 411,9% — 1 of 11,66% — 2 of 3
Aston Villa,English Premier League,J3,59%,503 of 586 — 86%,4 of 13 — 31%,1 of 3 — 33%
Crystal Palace,English Premier League,J3,41%,83% — 342 of 414,60% — 3 of 5,100% — 4 of 4
Arsenal,English Premier League,J4,54%,434 of 517 — 84%,5 of 16 — 31%,1 of 1 — 100%
Nott'ham Forest,English Premier League,J4,46%,83% — 373 of 448,20% — 1 of 5,40% — 2 of 5
Crystal Palace,English Premier League,J4,56%,439 of 539 — 81%,6 of 14 — 43%,0 of 0 — %
Sunderland,English Premier League,J4,44%,77% — 332 of 430,0% — 0 of 6,100% — 6 of 6
Everton,English Premier League,J4,49%,308 of 391 — 79%,2 of 20 — 10%,1 of 1 — 100%
Aston Villa,English Premier League,J4,51%,80% — 329 of 411,14% — 1 of 7,100% — 2 of 2
Fulham,English Premier League,J4,54%,408 of 504 — 81%,3 of 5 — 60%,3 of 3 — 100%
Leeds United,English Premier League,J4,46%,78% — 332 of 426,30% — 3 of 10,100% — 3 of 3
Newcastle Utd,English Premier League,J4,57%,400 of 509 — 79%,4 of 16 — 25%,3 of 3 — 100%
Wolves,English Premier League,J4,43%,74% — 286 of 384,38% — 3 of 8,75% — 3 of 4
Bournemouth,English Premier League,J4,51%,330 of 434 — 76%,4 of 12 — 33%,1 of 2 — 50%
Brighton,English Premier League,J4,49%,76% — 314 of 415,33% — 2 of 6,75% — 3 of 4
West Ham,English Premier League,J4,36%,262 of 340 — 77%,4 of 7 — 57%,2 of 5 — 40%
Tottenham,English Premier League,J4,64%,83% — 493 of 595,36% — 5 of 14,100% — 4 of 4
Brentford,English Premier League,J4,34%,236 of 324 — 73%,4 of 7 — 57%,4 of 6 — 66%
Chelsea,English Premier League,J4,66%,88% — 543 of 617,38% — 6 of 16,50% — 2 of 4
Burnley,English Premier League,J4,20%,88 of 187 — 47%,0 of 3 — 0%,3 of 3 — 100%
Liverpool,English Premier League,J4,80%,84% — 639 of 761,12% — 3 of 26,% — 0 of 0
Manchester City,English Premier League,J4,46%,368 of 449 — 82%,5 of 12 — 42%,2 of 2 — 100%
Manchester Utd,English Premier League,J4,54%,81% — 434 of 537,15% — 2 of 13,40% — 2 of 5
Liverpool,English Premier League,J5,57%,433 of 516 — 84%,3 of 11 — 27%,1 of 2 — 50%
Everton,English Premier League,J5,43%,73% — 287 of 392,22% — 2 of 9,33% — 1 of 3
West Ham,English Premier League,J5,57%,391 of 479 — 82%,3 of 8 — 38%,1 of 3 — 33%
Crystal Palace,English Premier League,J5,43%,80% — 292 of 367,17% — 3 of 18,66% — 2 of 3
Brighton,English Premier League,J5,36%,247 of 324 — 76%,4 of 12 — 33%,2 of 3 — 66%
Tottenham,English Premier League,J5,64%,83% — 480 of 577,27% — 3 of 11,50% — 2 of 4
Wolves,English Premier League,J5,56%,453 of 559 — 81%,6 of 16 — 38%,1 of 4 — 25%
Leeds United,English Premier League,J5,44%,83% — 366 of 440,67% — 4 of 6,83% — 5 of 6
Burnley,English Premier League,J5,37%,297 of 401 — 74%,5 of 11 — 45%,7 of 8 — 87%
Nott'ham Forest,English Premier League,J5,63%,87% — 591 of 683,47% — 8 of 17,80% — 4 of 5
Manchester Utd,English Premier League,J5,42%,314 of 418 — 75%,4 of 11 — 36%,0 of 1 — 0%
Chelsea,English Premier League,J5,58%,83% — 477 of 576,20% — 1 of 5,50% — 2 of 4
Fulham,English Premier League,J5,52%,400 of 485 — 82%,3 of 14 — 21%,2 of 3 — 66%
Brentford,English Premier League,J5,48%,77% — 338 of 440,38% — 3 of 8,33% — 1 of 3
Sunderland,English Premier League,J5,29%,164 of 247 — 66%,4 of 14 — 29%,1 of 2 — 50%
Aston Villa,English Premier League,J5,71%,86% — 513 of 599,17% — 2 of 12,75% — 3 of 4
Bournemouth,English Premier League,J5,55%,429 of 547 — 78%,2 of 11 — 18%,1 of 1 — 100%
Newcastle Utd,English Premier League,J5,45%,72% — 317 of 440,25% — 1 of 4,100% — 2 of 2
Arsenal,English Premier League,J5,66%,540 of 639 — 85%,3 of 12 — 25%,2 of 3 — 66%
Manchester City,English Premier League,J5,34%,74% — 245 of 332,60% — 3 of 5,66% — 2 of 3
Brentford,English Premier League,J6,45%,299 of 401 — 75%,8 of 10 — 80%,4 of 5 — 80%
Manchester Utd,English Premier League,J6,55%,78% — 386 of 494,38% — 5 of 13,62% — 5 of 8
Leeds United,English Premier League,J6,41%,304 of 394 — 77%,8 of 19 — 42%,3 of 5 — 60%
Bournemouth,English Premier League,J6,59%,83% — 469 of 567,42% — 5 of 12,75% — 6 of 8
Crystal Palace,English Premier League,J6,29%,196 of 304 — 64%,7 of 16 — 44%,3 of 4 — 75%
Liverpool,English Premier League,J6,71%,87% — 643 of 741,20% — 4 of 20,71% — 5 of 7
Chelsea,English Premier League,J6,59%,423 of 513 — 82%,3 of 13 — 23%,0 of 3 — 0%
Brighton,English Premier League,J6,41%,82% — 290 of 355,25% — 3 of 12,66% — 2 of 3
Manchester City,English Premier League,J6,68%,598 of 686 — 87%,8 of 21 — 38%,1 of 2 — 50%
Burnley,English Premier League,J6,32%,80% — 255 of 320,22% — 2 of 9,62% — 5 of 8
Nott'ham Forest,English Premier League,J6,65%,555 of 646 — 86%,6 of 22 — 27%,2 of 3 — 66%
Sunderland,English Premier League,J6,35%,77% — 273 of 355,27% — 3 of 11,100% — 6 of 6
Tottenham,English Premier League,J6,51%,358 of 461 — 78%,3 of 10 — 30%,2 of 3 — 66%
Wolves,English Premier League,J6,49%,80% — 349 of 438,33% — 3 of 9,66% — 2 of 3
Aston Villa,English Premier League,J6,48%,355 of 431 — 82%,4 of 9 — 44%,2 of 3 — 66%
Fulham,English Premier League,J6,52%,81% — 380 of 470,27% — 3 of 11,25% — 1 of 4
Newcastle Utd,English Premier League,J6,37%,214 of 324 — 66%,3 of 8 — 38%,5 of 7 — 71%
Arsenal,English Premier League,J6,63%,80% — 433 of 543,35% — 7 of 20,66% — 2 of 3
Everton,English Premier League,J6,51%,391 of 483 — 81%,6 of 12 — 50%,2 of 3 — 66%
West Ham,English Premier League,J6,49%,77% — 356 of 460,21% — 3 of 14,83% — 5 of 6
Bournemouth,English Premier League,J7,54%,490 of 597 — 82%,6 of 11 — 55%,3 of 4 — 75%
Fulham,English Premier League,J7,46%,79% — 404 of 513,33% — 4 of 12,50% — 3 of 6
Leeds United,English Premier League,J7,56%,426 of 518 — 82%,4 of 16 — 25%,1 of 3 — 33%
Tottenham,English Premier League,J7,44%,78% — 315 of 403,33% — 3 of 9,75% — 3 of 4
Arsenal,English Premier League,J7,67%,516 of 611 — 84%,4 of 20 — 20%,0 of 0 — %
West Ham,English Premier League,J7,33%,76% — 229 of 300,0% — 0 of 4,75% — 3 of 4
Manchester Utd,English Premier League,J7,50%,370 of 481 — 77%,6 of 15 — 40%,3 of 3 — 100%
Sunderland,English Premier League,J7,50%,77% — 364 of 475,38% — 3 of 8,66% — 4 of 6
Chelsea,English Premier League,J7,53%,449 of 555 — 81%,6 of 12 — 50%,1 of 2 — 50%
Liverpool,English Premier League,J7,47%,82% — 406 of 497,17% — 2 of 12,66% — 4 of 6
Newcastle Utd,English Premier League,J7,52%,413 of 514 — 80%,8 of 17 — 47%,4 of 4 — 100%
Nott'ham Forest,English Premier League,J7,48%,80% — 373 of 469,80% — 4 of 5,87% — 7 of 8
Everton,English Premier League,J7,51%,382 of 486 — 79%,6 of 13 — 46%,5 of 6 — 83%
Crystal Palace,English Premier League,J7,49%,79% — 372 of 473,40% — 6 of 15,83% — 5 of 6
Wolves,English Premier League,J7,41%,296 of 392 — 76%,3 of 6 — 50%,5 of 6 — 83%
Brighton,English Premier League,J7,59%,84% — 464 of 554,35% — 6 of 17,100% — 3 of 3
Aston Villa,English Premier League,J7,54%,452 of 522 — 87%,7 of 15 — 47%,1 of 2 — 50%
Burnley,English Premier League,J7,46%,79% — 347 of 440,40% — 2 of 5,71% — 5 of 7
Brentford,English Premier League,J7,31%,267 of 351 — 76%,1 of 6 — 17%,3 of 4 — 75%
Manchester City,English Premier League,J7,69%,90% — 718 of 796,40% — 4 of 10,100% — 1 of 1
Nott'ham Forest,English Premier League,J8,50%,397 of 495 — 80%,2 of 12 — 17%,3 of 6 — 50%
Chelsea,English Premier League,J8,50%,85% — 417 of 492,35% — 6 of 17,100% — 2 of 2
Sunderland,English Premier League,J8,41%,258 of 372 — 69%,2 of 8 — 25%,3 of 3 — 100%
Wolves,English Premier League,J8,59%,81% — 429 of 531,19% — 3 of 16,50% — 1 of 2
Burnley,English Premier League,J8,32%,236 of 322 — 73%,3 of 4 — 75%,4 of 4 — 100%
Leeds United,English Premier League,J8,68%,82% — 569 of 691,21% — 4 of 19,33% — 1 of 3
Brighton,English Premier League,J8,45%,359 of 460 — 78%,5 of 13 — 38%,2 of 3 — 66%
Newcastle Utd,English Premier League,J8,55%,83% — 458 of 552,19% — 3 of 16,60% — 3 of 5
Crystal Palace,English Premier League,J8,52%,327 of 444 — 74%,6 of 19 — 32%,2 of 5 — 40%
Bournemouth,English Premier League,J8,48%,74% — 300 of 403,63% — 5 of 8,66% — 4 of 6
Manchester City,English Premier League,J8,71%,715 of 794 — 90%,7 of 19 — 37%,1 of 1 — 100%
Everton,English Premier League,J8,29%,76% — 247 of 326,20% — 1 of 5,71% — 5 of 7
Fulham,English Premier League,J8,37%,266 of 354 — 75%,0 of 9 — 0%,4 of 5 — 80%
Arsenal,English Premier League,J8,63%,84% — 496 of 592,31% — 5 of 16,% — 0 of 0
Tottenham,English Premier League,J8,53%,360 of 438 — 82%,3 of 9 — 33%,0 of 2 — 0%
Aston Villa,English Premier League,J8,47%,80% — 308 of 386,25% — 2 of 8,66% — 2 of 3
Liverpool,English Premier League,J8,63%,449 of 559 — 80%,6 of 19 — 32%,2 of 4 — 50%
Manchester Utd,English Premier League,J8,37%,67% — 218 of 324,33% — 4 of 12,83% — 5 of 6
West Ham,English Premier League,J8,44%,290 of 401 — 72%,1 of 7 — 14%,4 of 6 — 66%
Brentford,English Premier League,J8,56%,80% — 406 of 505,27% — 6 of 22,100% — 1 of 1
Leeds United,English Premier League,J9,41%,320 of 404 — 79%,5 of 13 — 38%,2 of 3 — 66%
West Ham,English Premier League,J9,59%,80% — 465 of 584,33% — 3 of 9,60% — 3 of 5
Newcastle Utd,English Premier League,J9,50%,405 of 491 — 82%,7 of 18 — 39%,4 of 5 — 80%
Fulham,English Premier League,J9,50%,78% — 375 of 482,42% — 5 of 12,71% — 5 of 7
Chelsea,English Premier League,J9,68%,584 of 674 — 87%,7 of 16 — 44%,2 of 4 — 50%
Sunderland,English Premier League,J9,32%,76% — 235 of 311,40% — 4 of 10,85% — 6 of 7
Manchester Utd,English Premier League,J9,43%,368 of 461 — 80%,9 of 13 — 69%,3 of 5 — 60%
Brighton,English Premier League,J9,57%,84% — 507 of 604,29% — 5 of 17,55% — 5 of 9
Brentford,English Premier League,J9,35%,228 of 336 — 68%,7 of 16 — 44%,3 of 5 — 60%
Liverpool,English Premier League,J9,65%,82% — 507 of 616,28% — 5 of 18,71% — 5 of 7
Arsenal,English Premier League,J9,59%,464 of 571 — 81%,3 of 10 — 30%,1 of 1 — 100%
Crystal Palace,English Premier League,J9,41%,73% — 288 of 393,14% — 1 of 7,66% — 2 of 3
Aston Villa,English Premier League,J9,47%,398 of 475 — 84%,3 of 9 — 33%,3 of 3 — 100%
Manchester City,English Premier League,J9,53%,87% — 465 of 532,17% — 3 of 18,66% — 2 of 3
Wolves,English Premier League,J9,57%,440 of 555 — 79%,6 of 14 — 43%,4 of 7 — 57%
Burnley,English Premier League,J9,43%,77% — 327 of 427,64% — 7 of 11,83% — 5 of 6
Bournemouth,English Premier League,J9,52%,374 of 478 — 78%,5 of 13 — 38%,4 of 4 — 100%
Nott'ham Forest,English Premier League,J9,48%,76% — 329 of 433,50% — 4 of 8,60% — 3 of 5
Everton,English Premier League,J9,53%,382 of 486 — 79%,2 of 12 — 17%,1 of 4 — 25%
Tottenham,English Premier League,J9,47%,80% — 341 of 425,57% — 4 of 7,100% — 2 of 2
Cremonese,Italian Serie A,J2,43%,301 of 408 — 74%,5 of 10 — 50%,4 of 5 — 80%
Sassuolo,Italian Serie A,J2,57%,83% — 450 of 541,63% — 5 of 8,60% — 3 of 5
Lecce,Italian Serie A,J2,45%,351 of 424 — 83%,2 of 7 — 29%,4 of 6 — 66%
Milan,Italian Serie A,J2,55%,85% — 443 of 523,43% — 6 of 14,100% — 2 of 2
Parma,Italian Serie A,J2,46%,287 of 389 — 74%,3 of 7 — 43%,2 of 3 — 66%
Atalanta,Italian Serie A,J2,54%,78% — 354 of 453,27% — 3 of 11,66% — 2 of 3
Girona,Spanish La Liga,J1,45%,325 of 425 — 76%,2 of 7 — 29%,1 of 3 — 33%
Rayo Vallecano,Spanish La Liga,J1,55%,86% — 445 of 520,20% — 3 of 15,50% — 1 of 2
Villarreal,Spanish La Liga,J1,68%,647 of 726 — 89%,10 of 25 — 40%,3 of 3 — 100%
Oviedo,Spanish La Liga,J1,32%,81% — 281 of 345,75% — 3 of 4,80% — 8 of 10
Mallorca,Spanish La Liga,J1,30%,173 of 256 — 68%,1 of 4 — 25%,5 of 8 — 62%
Barcelona,Spanish La Liga,J1,70%,88% — 525 of 599,33% — 8 of 24,100% — 1 of 1
Alavés,Spanish La Liga,J1,61%,418 of 536 — 78%,4 of 15 — 27%,2 of 3 — 66%
Levante,Spanish La Liga,J1,39%,66% — 223 of 337,43% — 3 of 7,50% — 2 of 4
Valencia,Spanish La Liga,J1,54%,367 of 441 — 83%,2 of 18 — 11%,2 of 3 — 66%
Real Sociedad,Spanish La Liga,J1,46%,82% — 309 of 378,23% — 3 of 13,50% — 1 of 2
Celta Vigo,Spanish La Liga,J1,69%,509 of 594 — 86%,3 of 11 — 27%,1 of 3 — 33%
Getafe,Spanish La Liga,J1,31%,72% — 201 of 280,30% — 3 of 10,100% — 3 of 3
Athletic Club,Spanish La Liga,J1,46%,326 of 433 — 75%,2 of 13 — 15%,4 of 6 — 66%
Sevilla,Spanish La Liga,J1,54%,81% — 417 of 517,50% — 6 of 12,0% — 0 of 2
Espanyol,Spanish La Liga,J1,40%,346 of 436 — 79%,5 of 9 — 56%,3 of 4 — 75%
Atlético Madrid,Spanish La Liga,J1,60%,88% — 567 of 647,27% — 4 of 15,60% — 3 of 5
Elche,Spanish La Liga,J1,68%,637 of 726 — 88%,2 of 6 — 33%,3 of 4 — 75%
Betis,Spanish La Liga,J1,32%,80% — 275 of 343,33% — 4 of 12,50% — 1 of 2
Real Madrid,Spanish La Liga,J1,70%,691 of 767 — 90%,4 of 17 — 24%,0 of 0 — %
Osasuna,Spanish La Liga,J1,30%,75% — 243 of 326,0% — 0 of 2,100% — 4 of 4
Betis,Spanish La Liga,J2,49%,429 of 508 — 84%,5 of 16 — 31%,5 of 5 — 100%
Alavés,Spanish La Liga,J2,51%,80% — 423 of 526,45% — 5 of 11,80% — 4 of 5
Mallorca,Spanish La Liga,J2,50%,394 of 472 — 83%,4 of 12 — 33%,1 of 2 — 50%
Celta Vigo,Spanish La Liga,J2,50%,84% — 403 of 480,25% — 2 of 8,75% — 3 of 4
Atlético Madrid,Spanish La Liga,J2,58%,496 of 608 — 82%,6 of 13 — 46%,1 of 2 — 50%
Elche,Spanish La Liga,J2,42%,81% — 352 of 437,33% — 2 of 6,83% — 5 of 6
Levante,Spanish La Liga,J2,19%,118 of 196 — 60%,4 of 7 — 57%,8 of 10 — 80%
Barcelona,Spanish La Liga,J2,81%,90% — 732 of 816,38% — 10 of 26,75% — 3 of 4
Osasuna,Spanish La Liga,J2,55%,400 of 505 — 79%,4 of 16 — 25%,1 of 1 — 100%
Valencia,Spanish La Liga,J2,45%,79% — 322 of 410,25% — 1 of 4,75% — 3 of 4
Real Sociedad,Spanish La Liga,J2,62%,455 of 543 — 84%,7 of 15 — 47%,1 of 2 — 50%
Espanyol,Spanish La Liga,J2,38%,70% — 235 of 338,15% — 2 of 13,71% — 5 of 7
Villarreal,Spanish La Liga,J2,53%,488 of 554 — 88%,7 of 19 — 37%,2 of 2 — 100%
Girona,Spanish La Liga,J2,47%,89% — 445 of 499,40% — 2 of 5,28% — 2 of 7
Oviedo,Spanish La Liga,J2,36%,336 of 409 — 82%,3 of 6 — 50%,7 of 10 — 70%
Real Madrid,Spanish La Liga,J2,64%,90% — 665 of 737,38% — 10 of 26,100% — 3 of 3
Athletic Club,Spanish La Liga,J2,40%,269 of 366 — 73%,3 of 10 — 30%,1 of 1 — 100%
Rayo Vallecano,Spanish La Liga,J2,60%,80% — 440 of 548,17% — 1 of 6,100% — 3 of 3
Sevilla,Spanish La Liga,J2,70%,484 of 592 — 82%,3 of 12 — 25%,4 of 6 — 66%
Getafe,Spanish La Liga,J2,30%,60% — 153 of 253,67% — 6 of 9,100% — 3 of 3
Celta Vigo,Spanish La Liga,J6,47%,464 of 541 — 86%,5 of 14 — 36%,0 of 1 — 0%
Betis,Spanish La Liga,J6,53%,89% — 535 of 602,14% — 1 of 7,80% — 4 of 5
Elche,Spanish La Liga,J3,67%,527 of 610 — 86%,5 of 16 — 31%,1 of 1 — 100%
Levante,Spanish La Liga,J3,33%,78% — 237 of 304,9% — 1 of 11,60% — 3 of 5
Valencia,Spanish La Liga,J3,57%,359 of 458 — 78%,4 of 7 — 57%,1 of 1 — 100%
Getafe,Spanish La Liga,J3,43%,77% — 265 of 345,9% — 1 of 11,25% — 1 of 4
Alavés,Spanish La Liga,J3,40%,316 of 398 — 79%,1 of 4 — 25%,5 of 6 — 83%
Atlético Madrid,Spanish La Liga,J3,60%,82% — 491 of 599,40% — 6 of 15,100% — 1 of 1
Oviedo,Spanish La Liga,J3,43%,353 of 437 — 81%,1 of 8 — 13%,6 of 6 — 100%
Real Sociedad,Spanish La Liga,J3,57%,82% — 478 of 584,33% — 6 of 18,0% — 0 of 1
Girona,Spanish La Liga,J3,59%,393 of 490 — 80%,5 of 20 — 25%,2 of 4 — 50%
Sevilla,Spanish La Liga,J3,41%,78% — 270 of 345,31% — 4 of 13,100% — 5 of 5
Real Madrid,Spanish La Liga,J3,58%,502 of 577 — 87%,7 of 17 — 41%,2 of 3 — 66%
Mallorca,Spanish La Liga,J3,42%,77% — 316 of 411,33% — 3 of 9,71% — 5 of 7
Bologna,Italian Serie A,J2,37%,196 of 296 — 66%,2 of 15 — 13%,2 of 2 — 100%
Como,Italian Serie A,J2,63%,82% — 410 of 498,15% — 2 of 13,50% — 1 of 2
Celta Vigo,Spanish La Liga,J3,64%,680 of 777 — 88%,2 of 10 — 20%,2 of 3 — 66%
Villarreal,Spanish La Liga,J3,36%,79% — 342 of 431,38% — 3 of 8,50% — 1 of 2
Betis,Spanish La Liga,J3,50%,397 of 491 — 81%,2 of 9 — 22%,5 of 6 — 83%
Athletic Club,Spanish La Liga,J3,50%,82% — 400 of 487,40% — 6 of 15,50% — 1 of 2
Espanyol,Spanish La Liga,J3,46%,341 of 446 — 76%,4 of 10 — 40%,3 of 3 — 100%
Osasuna,Spanish La Liga,J3,54%,80% — 426 of 530,30% — 3 of 10,75% — 3 of 4
Rayo Vallecano,Spanish La Liga,J3,44%,272 of 383 — 71%,6 of 12 — 50%,2 of 2 — 100%
Barcelona,Spanish La Liga,J3,56%,81% — 393 of 485,18% — 2 of 11,83% — 5 of 6
Sevilla,Spanish La Liga,J4,53%,359 of 434 — 83%,3 of 7 — 43%,0 of 2 — 0%
Elche,Spanish La Liga,J4,47%,81% — 309 of 382,40% — 2 of 5,33% — 1 of 3
Getafe,Spanish La Liga,J4,48%,297 of 390 — 76%,3 of 10 — 30%,1 of 1 — 100%
Oviedo,Spanish La Liga,J4,52%,79% — 337 of 425,20% — 1 of 5,33% — 1 of 3
Real Sociedad,Spanish La Liga,J4,63%,478 of 582 — 82%,3 of 22 — 14%,4 of 6 — 66%
Real Madrid,Spanish La Liga,J4,37%,75% — 253 of 337,38% — 6 of 16,100% — 3 of 3
Athletic Club,Spanish La Liga,J4,58%,406 of 528 — 77%,3 of 12 — 25%,2 of 2 — 100%
Alavés,Spanish La Liga,J4,42%,70% — 268 of 385,50% — 2 of 4,100% — 3 of 3
Atlético Madrid,Spanish La Liga,J4,60%,578 of 657 — 88%,3 of 8 — 38%,1 of 1 — 100%
Villarreal,Spanish La Liga,J4,40%,84% — 363 of 433,13% — 1 of 8,33% — 1 of 3
Celta Vigo,Spanish La Liga,J4,59%,589 of 675 — 87%,6 of 20 — 30%,7 of 8 — 87%
Girona,Spanish La Liga,J4,41%,82% — 381 of 466,62% — 8 of 13,100% — 6 of 6
Levante,Spanish La Liga,J4,33%,214 of 299 — 72%,2 of 5 — 40%,7 of 9 — 77%
Betis,Spanish La Liga,J4,67%,85% — 513 of 605,32% — 9 of 28,0% — 0 of 2
Osasuna,Spanish La Liga,J4,36%,254 of 338 — 75%,6 of 9 — 67%,6 of 6 — 100%
Rayo Vallecano,Spanish La Liga,J4,64%,84% — 505 of 599,32% — 6 of 19,66% — 4 of 6
Barcelona,Spanish La Liga,J4,71%,644 of 719 — 90%,10 of 24 — 42%,1 of 1 — 100%
Valencia,Spanish La Liga,J4,29%,67% — 198 of 295,50% — 1 of 2,40% — 4 of 10
Espanyol,Spanish La Liga,J4,38%,260 of 333 — 78%,2 of 8 — 25%,8 of 9 — 88%
Mallorca,Spanish La Liga,J4,62%,83% — 453 of 547,39% — 9 of 23,0% — 0 of 2
Betis,Spanish La Liga,J5,50%,420 of 520 — 81%,6 of 21 — 29%,4 of 5 — 80%
Real Sociedad,Spanish La Liga,J5,50%,78% — 409 of 525,45% — 5 of 11,66% — 4 of 6
Girona,Spanish La Liga,J5,35%,270 of 330 — 82%,1 of 7 — 14%,2 of 6 — 33%
Levante,Spanish La Liga,J5,65%,90% — 550 of 609,43% — 6 of 14,100% — 1 of 1
Real Madrid,Spanish La Liga,J5,72%,727 of 790 — 92%,5 of 16 — 31%,1 of 1 — 100%
Espanyol,Spanish La Liga,J5,28%,81% — 245 of 302,13% — 1 of 8,60% — 3 of 5
Villarreal,Spanish La Liga,J5,66%,470 of 555 — 85%,8 of 26 — 31%,2 of 2 — 100%
Osasuna,Spanish La Liga,J5,34%,77% — 222 of 290,40% — 2 of 5,75% — 6 of 8
Alavés,Spanish La Liga,J5,49%,337 of 444 — 76%,4 of 7 — 57%,1 of 3 — 33%
Sevilla,Spanish La Liga,J5,51%,79% — 367 of 467,33% — 3 of 9,100% — 4 of 4
Valencia,Spanish La Liga,J5,44%,326 of 419 — 78%,5 of 13 — 38%,5 of 5 — 100%
Athletic Club,Spanish La Liga,J5,56%,80% — 428 of 532,45% — 5 of 11,60% — 3 of 5
Rayo Vallecano,Spanish La Liga,J5,58%,487 of 588 — 83%,5 of 15 — 33%,4 of 5 — 80%
Celta Vigo,Spanish La Liga,J5,42%,76% — 318 of 421,56% — 5 of 9,80% — 4 of 5
Mallorca,Spanish La Liga,J5,42%,353 of 438 — 81%,3 of 8 — 38%,5 of 6 — 83%
Atlético Madrid,Spanish La Liga,J5,58%,85% — 509 of 599,55% — 6 of 11,66% — 2 of 3
Elche,Spanish La Liga,J5,60%,556 of 634 — 88%,5 of 15 — 33%,4 of 4 — 100%
Oviedo,Spanish La Liga,J5,40%,80% — 335 of 418,33% — 4 of 12,80% — 4 of 5
Barcelona,Spanish La Liga,J5,70%,693 of 775 — 89%,7 of 16 — 44%,2 of 2 — 100%
Getafe,Spanish La Liga,J5,30%,68% — 226 of 332,67% — 2 of 3,57% — 4 of 7
Espanyol,Spanish La Liga,J6,56%,401 of 517 — 78%,8 of 21 — 38%,0 of 2 — 0%
Valencia,Spanish La Liga,J6,44%,76% — 307 of 402,40% — 2 of 5,75% — 6 of 8
Athletic Club,Spanish La Liga,J6,66%,557 of 668 — 83%,5 of 17 — 29%,2 of 3 — 66%
Girona,Spanish La Liga,J6,34%,73% — 248 of 338,50% — 3 of 6,80% — 4 of 5
Levante,Spanish La Liga,J6,38%,382 of 439 — 87%,2 of 11 — 18%,6 of 9 — 66%
Real Madrid,Spanish La Liga,J6,62%,90% — 654 of 725,39% — 9 of 23,50% — 1 of 2
Sevilla,Spanish La Liga,J6,65%,557 of 651 — 86%,2 of 16 — 13%,3 of 5 — 60%
Villarreal,Spanish La Liga,J6,35%,79% — 280 of 355,42% — 5 of 12,50% — 1 of 2
Getafe,Spanish La Liga,J6,46%,234 of 344 — 68%,1 of 7 — 14%,3 of 4 — 75%
Alavés,Spanish La Liga,J6,54%,71% — 284 of 402,40% — 4 of 10,0% — 0 of 1
Atlético Madrid,Spanish La Liga,J6,61%,543 of 633 — 86%,8 of 20 — 40%,1 of 3 — 33%
Rayo Vallecano,Spanish La Liga,J6,39%,78% — 322 of 412,33% — 3 of 9,62% — 5 of 8
Real Sociedad,Spanish La Liga,J6,63%,470 of 598 — 79%,3 of 17 — 18%,3 of 3 — 100%
Mallorca,Spanish La Liga,J6,37%,72% — 249 of 344,43% — 3 of 7,66% — 2 of 3
Osasuna,Spanish La Liga,J6,40%,311 of 410 — 76%,2 of 9 — 22%,3 of 4 — 75%
Elche,Spanish La Liga,J6,60%,84% — 523 of 623,33% — 4 of 12,50% — 1 of 2
Oviedo,Spanish La Liga,J6,22%,147 of 232 — 63%,3 of 7 — 43%,7 of 10 — 70%
Barcelona,Spanish La Liga,J6,78%,90% — 749 of 833,45% — 10 of 22,66% — 2 of 3
Girona,Spanish La Liga,J7,59%,483 of 569 — 85%,3 of 12 — 25%,5 of 5 — 100%
Espanyol,Spanish La Liga,J7,41%,80% — 313 of 390,25% — 5 of 20,100% — 3 of 3
Getafe,Spanish La Liga,J7,53%,245 of 383 — 64%,4 of 11 — 36%,2 of 3 — 66%
Levante,Spanish La Liga,J7,47%,60% — 200 of 334,27% — 3 of 11,75% — 3 of 4
Atlético Madrid,Spanish La Liga,J7,38%,260 of 347 — 75%,6 of 12 — 50%,0 of 2 — 0%
Real Madrid,Spanish La Liga,J7,62%,86% — 493 of 575,33% — 2 of 6,33% — 2 of 6
Mallorca,Spanish La Liga,J7,39%,269 of 362 — 74%,2 of 12 — 17%,3 of 3 — 100%
Alavés,Spanish La Liga,J7,61%,82% — 464 of 564,25% — 3 of 12,50% — 1 of 2
Villarreal,Spanish La Liga,J7,43%,328 of 423 — 78%,5 of 14 — 36%,4 of 4 — 100%
Athletic Club,Spanish La Liga,J7,57%,83% — 469 of 568,25% — 4 of 16,80% — 4 of 5
Rayo Vallecano,Spanish La Liga,J7,63%,436 of 549 — 79%,6 of 18 — 33%,0 of 1 — 0%
Sevilla,Spanish La Liga,J7,37%,67% — 214 of 319,25% — 1 of 4,100% — 6 of 6
Elche,Spanish La Liga,J7,61%,541 of 614 — 88%,7 of 16 — 44%,1 of 2 — 50%
Celta Vigo,Spanish La Liga,J7,39%,82% — 322 of 394,25% — 2 of 8,71% — 5 of 7
Barcelona,Spanish La Liga,J7,74%,717 of 798 — 90%,9 of 22 — 41%,1 of 2 — 50%
Real Sociedad,Spanish La Liga,J7,26%,75% — 211 of 282,29% — 2 of 7,77% — 7 of 9
Betis,Spanish La Liga,J7,50%,449 of 550 — 82%,6 of 12 — 50%,1 of 1 — 100%
Osasuna,Spanish La Liga,J7,50%,82% — 444 of 542,8% — 1 of 12,66% — 4 of 6
Valencia,Spanish La Liga,J7,56%,491 of 575 — 85%,4 of 15 — 27%,2 of 4 — 50%
Oviedo,Spanish La Liga,J7,44%,81% — 359 of 445,40% — 4 of 10,75% — 3 of 4
Osasuna,Spanish La Liga,J8,57%,354 of 496 — 71%,3 of 7 — 43%,1 of 2 — 50%
Getafe,Spanish La Liga,J8,43%,68% — 254 of 373,33% — 2 of 6,33% — 1 of 3
Oviedo,Spanish La Liga,J8,57%,449 of 543 — 83%,2 of 13 — 15%,3 of 5 — 60%
Levante,Spanish La Liga,J8,43%,79% — 321 of 407,36% — 5 of 14,100% — 2 of 2
Girona,Spanish La Liga,J8,46%,333 of 420 — 79%,4 of 4 — 100%,5 of 6 — 83%
Valencia,Spanish La Liga,J8,54%,81% — 408 of 502,32% — 6 of 19,50% — 2 of 4
Athletic Club,Spanish La Liga,J8,52%,403 of 493 — 82%,4 of 17 — 24%,1 of 2 — 50%
Mallorca,Spanish La Liga,J8,48%,80% — 370 of 463,33% — 2 of 6,75% — 3 of 4
Real Madrid,Spanish La Liga,J8,69%,683 of 749 — 91%,6 of 25 — 24%,1 of 2 — 50%
Villarreal,Spanish La Liga,J8,31%,80% — 269 of 336,22% — 2 of 9,66% — 4 of 6
Alavés,Spanish La Liga,J8,47%,351 of 445 — 79%,4 of 24 — 17%,2 of 3 — 66%
Elche,Spanish La Liga,J8,53%,85% — 421 of 496,50% — 3 of 6,50% — 2 of 4
Sevilla,Spanish La Liga,J8,40%,226 of 308 — 73%,4 of 12 — 33%,7 of 8 — 87%
Barcelona,Spanish La Liga,J8,60%,84% — 388 of 463,50% — 8 of 16,25% — 1 of 4
Real Sociedad,Spanish La Liga,J8,51%,357 of 459 — 78%,3 of 10 — 30%,1 of 2 — 50%
Rayo Vallecano,Spanish La Liga,J8,49%,78% — 350 of 449,29% — 2 of 7,100% — 3 of 3
Espanyol,Spanish La Liga,J8,51%,401 of 510 — 79%,4 of 13 — 31%,1 of 3 — 33%
Betis,Spanish La Liga,J8,49%,81% — 404 of 498,25% — 3 of 12,75% — 3 of 4
Celta Vigo,Spanish La Liga,J8,60%,690 of 775 — 89%,4 of 18 — 22%,1 of 1 — 100%
Atlético Madrid,Spanish La Liga,J8,40%,86% — 448 of 522,17% — 1 of 6,75% — 3 of 4
Oviedo,Spanish La Liga,J9,60%,496 of 574 — 86%,4 of 13 — 31%,8 of 10 — 80%
Espanyol,Spanish La Liga,J9,40%,77% — 294 of 382,53% — 10 of 19,100% — 4 of 4
Sevilla,Spanish La Liga,J9,58%,368 of 461 — 80%,4 of 13 — 31%,3 of 6 — 50%
Mallorca,Spanish La Liga,J9,42%,72% — 244 of 337,86% — 6 of 7,75% — 3 of 4
Barcelona,Spanish La Liga,J9,67%,630 of 710 — 89%,9 of 27 — 33%,3 of 4 — 75%
Girona,Spanish La Liga,J9,33%,81% — 277 of 344,36% — 4 of 11,77% — 7 of 9
Villarreal,Spanish La Liga,J9,40%,318 of 408 — 78%,3 of 7 — 43%,1 of 3 — 33%
Betis,Spanish La Liga,J9,60%,85% — 517 of 610,19% — 3 of 16,33% — 1 of 3
Atlético Madrid,Spanish La Liga,J9,58%,485 of 571 — 85%,9 of 18 — 50%,2 of 2 — 100%
Osasuna,Spanish La Liga,J9,42%,78% — 319 of 408,22% — 2 of 9,88% — 8 of 9
Elche,Spanish La Liga,J9,68%,548 of 647 — 85%,5 of 15 — 33%,1 of 1 — 100%
Athletic Club,Spanish La Liga,J9,32%,72% — 216 of 302,25% — 1 of 4,100% — 5 of 5
Celta Vigo,Spanish La Liga,J9,42%,319 of 416 — 77%,1 of 4 — 25%,6 of 7 — 85%
Real Sociedad,Spanish La Liga,J9,58%,83% — 473 of 572,41% — 7 of 17,0% — 0 of 1
Levante,Spanish La Liga,J9,54%,365 of 476 — 77%,5 of 17 — 29%,1 of 4 — 25%
Rayo Vallecano,Spanish La Liga,J9,46%,80% — 322 of 401,40% — 4 of 10,100% — 5 of 5
Getafe,Spanish La Liga,J9,25%,119 of 219 — 54%,1 of 7 — 14%,9 of 10 — 90%
Real Madrid,Spanish La Liga,J9,75%,86% — 577 of 672,43% — 10 of 23,100% — 1 of 1
Alavés,Spanish La Liga,J9,63%,461 of 563 — 82%,3 of 13 — 23%,2 of 2 — 100%
Valencia,Spanish La Liga,J9,37%,69% — 229 of 332,40% — 2 of 5,100% — 3 of 3
Real Sociedad,Spanish La Liga,J10,40%,227 of 340 — 67%,2 of 4 — 50%,0 of 1 — 0%
Sevilla,Spanish La Liga,J10,60%,75% — 385 of 513,17% — 1 of 6,50% — 1 of 2
Girona,Spanish La Liga,J10,65%,510 of 597 — 85%,4 of 6 — 67%,2 of 4 — 50%
Oviedo,Spanish La Liga,J10,35%,76% — 248 of 325,44% — 4 of 9,75% — 3 of 4
Espanyol,Spanish La Liga,J10,32%,225 of 306 — 74%,7 of 16 — 44%,4 of 4 — 100%
Elche,Spanish La Liga,J10,68%,85% — 546 of 644,31% — 4 of 13,85% — 6 of 7
Athletic Club,Spanish La Liga,J10,56%,371 of 490 — 76%,4 of 7 — 57%,2 of 3 — 66%
Getafe,Spanish La Liga,J10,44%,59% — 227 of 383,38% — 3 of 8,100% — 4 of 4
Valencia,Spanish La Liga,J10,57%,488 of 584 — 84%,3 of 15 — 20%,3 of 4 — 75%
Villarreal,Spanish La Liga,J10,43%,85% — 376 of 444,36% — 4 of 11,100% — 3 of 3
Mallorca,Spanish La Liga,J10,63%,506 of 609 — 83%,4 of 20 — 20%,4 of 5 — 80%
Levante,Spanish La Liga,J10,37%,69% — 252 of 364,38% — 5 of 13,75% — 3 of 4
Real Madrid,Spanish La Liga,J10,32%,250 of 316 — 79%,9 of 22 — 41%,4 of 5 — 80%
Barcelona,Spanish La Liga,J10,68%,89% — 599 of 675,33% — 5 of 15,77% — 7 of 9
Osasuna,Spanish La Liga,J10,61%,500 of 609 — 82%,6 of 15 — 40%,2 of 5 — 40%
Celta Vigo,Spanish La Liga,J10,39%,80% — 312 of 390,45% — 5 of 11,83% — 5 of 6
Rayo Vallecano,Spanish La Liga,J10,54%,368 of 465 — 79%,5 of 15 — 33%,2 of 2 — 100%
Alavés,Spanish La Liga,J10,46%,72% — 291 of 404,17% — 2 of 12,80% — 4 of 5
Napoli,Italian Serie A,J2,68%,587 of 684 — 86%,6 of 20 — 30%,1 of 1 — 100%
Cagliari,Italian Serie A,J2,32%,81% — 266 of 327,10% — 1 of 10,83% — 5 of 6
Pisa,Italian Serie A,J2,32%,197 of 299 — 66%,3 of 7 — 43%,4 of 5 — 80%
Roma,Italian Serie A,J2,68%,81% — 521 of 640,50% — 5 of 10,100% — 3 of 3
Genoa,Italian Serie A,J2,44%,283 of 391 — 72%,1 of 10 — 10%,2 of 3 — 66%
Juventus,Italian Serie A,J2,56%,78% — 391 of 499,23% — 3 of 13,100% — 1 of 1
PSV Eindhoven,UEFA Champions League,J1,62%,470 of 588 — 80%,3 of 10 — 30%,4 of 6 — 66%
Union SG,UEFA Champions League,J1,38%,70% — 251 of 358,35% — 6 of 17,66% — 2 of 3
Athletic Club,UEFA Champions League,J1,39%,246 of 338 — 73%,2 of 11 — 18%,4 of 6 — 66%
Arsenal,UEFA Champions League,J1,61%,82% — 435 of 532,55% — 6 of 11,100% — 2 of 2
Tottenham,UEFA Champions League,J1,58%,436 of 529 — 82%,1 of 9 — 11%,0 of 0 — %
Villarreal,UEFA Champions League,J1,42%,78% — 295 of 380,0% — 0 of 10,100% — 1 of 1
Benfica,UEFA Champions League,J1,53%,431 of 517 — 83%,3 of 14 — 21%,2 of 5 — 40%
Qarabağ,UEFA Champions League,J1,47%,81% — 372 of 462,50% — 5 of 10,33% — 1 of 3
Juventus,UEFA Champions League,J1,52%,459 of 532 — 86%,7 of 19 — 37%,1 of 4 — 25%
Dortmund,UEFA Champions League,J1,48%,82% — 410 of 501,44% — 4 of 9,42% — 3 of 7
Real Madrid,UEFA Champions League,J1,44%,364 of 431 — 84%,13 of 26 — 50%,4 of 5 — 80%
Marseille,UEFA Champions League,J1,56%,86% — 478 of 559,33% — 5 of 15,100% — 13 of 13
Slavia Prague,UEFA Champions League,J1,47%,283 of 385 — 74%,10 of 26 — 38%,6 of 8 — 75%
Bodø/Glimt,UEFA Champions League,J1,53%,77% — 330 of 429,80% — 8 of 10,80% — 8 of 10
Olympiacos,UEFA Champions League,J1,70%,484 of 613 — 79%,3 of 18 — 17%,1 of 1 — 100%
Pafos FC,UEFA Champions League,J1,30%,69% — 184 of 268,17% — 1 of 6,100% — 3 of 3
Liverpool,UEFA Champions League,J1,56%,561 of 643 — 87%,6 of 20 — 30%,2 of 4 — 50%
Atlético Madrid,UEFA Champions League,J1,44%,81% — 408 of 503,40% — 4 of 10,50% — 3 of 6
Ajax,UEFA Champions League,J1,56%,478 of 565 — 85%,2 of 7 — 29%,2 of 4 — 50%
Inter,UEFA Champions League,J1,44%,81% — 363 of 449,29% — 4 of 14,100% — 2 of 2
Bayern Munich,UEFA Champions League,J1,56%,522 of 592 — 88%,4 of 15 — 27%,2 of 3 — 66%
Chelsea,UEFA Champions League,J1,44%,87% — 406 of 469,33% — 3 of 9,75% — 3 of 4
Paris S-G,UEFA Champions League,J1,67%,671 of 738 — 91%,12 of 21 — 57%,2 of 2 — 100%
Atalanta,UEFA Champions League,J1,33%,81% — 300 of 370,29% — 2 of 7,66% — 8 of 12
Club Brugge,UEFA Champions League,J1,49%,405 of 488 — 83%,10 of 26 — 38%,3 of 4 — 75%
Monaco,UEFA Champions League,J1,51%,85% — 439 of 516,33% — 4 of 12,60% — 6 of 10
FC Copenhagen,UEFA Champions League,J1,37%,307 of 398 — 77%,7 of 12 — 58%,3 of 4 — 75%
Leverkusen,UEFA Champions League,J1,63%,87% — 597 of 684,27% — 4 of 15,71% — 5 of 7
Manchester City,UEFA Champions League,J1,73%,768 of 847 — 91%,8 of 23 — 35%,1 of 1 — 100%
Napoli,UEFA Champions League,J1,27%,77% — 237 of 306,100% — 1 of 1,75% — 6 of 8
Sporting CP,UEFA Champions League,J1,64%,508 of 601 — 85%,7 of 20 — 35%,3 of 4 — 75%
Qaırat Almaty,UEFA Champions League,J1,36%,74% — 251 of 339,44% — 4 of 9,42% — 3 of 7
Newcastle Utd,UEFA Champions League,J1,37%,233 of 334 — 70%,6 of 10 — 60%,3 of 5 — 60%
Barcelona,UEFA Champions League,J1,63%,85% — 490 of 578,26% — 5 of 19,83% — 5 of 6
Eint Frankfurt,UEFA Champions League,J1,39%,278 of 375 — 74%,5 of 11 — 45%,4 of 5 — 80%
Galatasaray,UEFA Champions League,J1,61%,85% — 500 of 591,36% — 5 of 14,40% — 2 of 5
Atalanta,UEFA Champions League,J2,49%,450 of 530 — 85%,1 of 19 — 5%,1 of 2 — 50%
Club Brugge,UEFA Champions League,J2,51%,86% — 483 of 562,29% — 2 of 7,0% — 0 of 1
Chelsea,UEFA Champions League,J2,56%,475 of 552 — 86%,3 of 8 — 38%,3 of 3 — 100%
Benfica,UEFA Champions League,J2,44%,81% — 356 of 439,33% — 3 of 9,100% — 3 of 3
Atlético Madrid,UEFA Champions League,J2,51%,559 of 624 — 90%,11 of 17 — 65%,1 of 2 — 50%
Eint Frankfurt,UEFA Champions League,J2,49%,85% — 499 of 588,33% — 2 of 6,63% — 7 of 11
Inter,UEFA Champions League,J2,57%,518 of 589 — 88%,5 of 21 — 24%,1 of 1 — 100%
Slavia Prague,UEFA Champions League,J2,43%,83% — 368 of 442,33% — 1 of 3,40% — 2 of 5
Bodø/Glimt,UEFA Champions League,J2,52%,464 of 541 — 86%,4 of 17 — 24%,2 of 3 — 66%
Tottenham,UEFA Champions League,J2,48%,83% — 417 of 500,38% — 3 of 8,50% — 2 of 4
Marseille,UEFA Champions League,J2,48%,433 of 504 — 86%,6 of 9 — 67%,2 of 2 — 100%
Ajax,UEFA Champions League,J2,52%,86% — 476 of 551,15% — 2 of 13,33% — 2 of 6
Qaırat Almaty,UEFA Champions League,J2,33%,248 of 327 — 76%,4 of 11 — 36%,7 of 11 — 63%
Real Madrid,UEFA Champions League,J2,67%,87% — 568 of 655,58% — 11 of 19,100% — 4 of 4
Galatasaray,UEFA Champions League,J2,34%,195 of 295 — 66%,3 of 8 — 38%,3 of 3 — 100%
Liverpool,UEFA Champions League,J2,66%,85% — 491 of 580,19% — 3 of 16,100% — 3 of 3
Pafos FC,UEFA Champions League,J2,34%,294 of 387 — 76%,2 of 6 — 33%,10 of 15 — 66%
Bayern Munich,UEFA Champions League,J2,66%,88% — 658 of 748,58% — 15 of 26,50% — 1 of 2
Union SG,UEFA Champions League,J2,43%,334 of 421 — 79%,6 of 16 — 38%,2 of 4 — 50%
Newcastle Utd,UEFA Champions League,J2,57%,84% — 464 of 553,36% — 4 of 11,100% — 6 of 6
Arsenal,UEFA Champions League,J2,61%,440 of 543 — 81%,4 of 16 — 25%,3 of 3 — 100%
Olympiacos,UEFA Champions League,J2,39%,70% — 246 of 351,30% — 3 of 10,50% — 2 of 4
Qarabağ,UEFA Champions League,J2,49%,289 of 402 — 72%,6 of 10 — 60%,4 of 4 — 100%
FC Copenhagen,UEFA Champions League,J2,51%,74% — 310 of 419,33% — 4 of 12,66% — 4 of 6
Barcelona,UEFA Champions League,J2,47%,387 of 449 — 86%,1 of 12 — 8%,5 of 7 — 71%
Paris S-G,UEFA Champions League,J2,53%,85% — 436 of 510,47% — 7 of 15,0% — 0 of 1
Leverkusen,UEFA Champions League,J2,47%,456 of 527 — 87%,4 of 14 — 29%,0 of 1 — 0%
PSV Eindhoven,UEFA Champions League,J2,53%,86% — 517 of 603,17% — 1 of 6,75% — 3 of 4
Napoli,UEFA Champions League,J2,51%,477 of 541 — 88%,3 of 12 — 25%,3 of 3 — 100%
Sporting CP,UEFA Champions League,J2,49%,89% — 464 of 521,43% — 3 of 7,33% — 1 of 3
Dortmund,UEFA Champions League,J2,52%,482 of 570 — 85%,8 of 13 — 62%,2 of 3 — 66%
Athletic Club,UEFA Champions League,J2,48%,82% — 428 of 519,50% — 3 of 6,50% — 4 of 8
Monaco,UEFA Champions League,J2,29%,257 of 328 — 78%,2 of 7 — 29%,4 of 6 — 66%
Manchester City,UEFA Champions League,J2,71%,93% — 754 of 815,33% — 6 of 18,50% — 1 of 2
Villarreal,UEFA Champions League,J2,46%,322 of 415 — 78%,6 of 17 — 35%,2 of 4 — 50%
Juventus,UEFA Champions League,J2,54%,83% — 410 of 495,31% — 4 of 13,66% — 4 of 6
Barcelona,UEFA Champions League,J3,72%,624 of 699 — 89%,6 of 13 — 46%,1 of 1 — 100%
Olympiacos,UEFA Champions League,J3,28%,66% — 181 of 276,25% — 1 of 4,16% — 1 of 6
Newcastle Utd,UEFA Champions League,J3,52%,376 of 458 — 82%,10 of 20 — 50%,2 of 2 — 100%
Benfica,UEFA Champions League,J3,48%,80% — 338 of 425,29% — 2 of 7,70% — 7 of 10
Arsenal,UEFA Champions League,J3,51%,400 of 460 — 87%,8 of 19 — 42%,1 of 1 — 100%
Atlético Madrid,UEFA Champions League,J3,49%,82% — 357 of 435,9% — 1 of 11,50% — 4 of 8
Leverkusen,UEFA Champions League,J3,30%,284 of 336 — 85%,2 of 4 — 50%,1 of 8 — 12%
Paris S-G,UEFA Champions League,J3,70%,94% — 743 of 792,33% — 8 of 24,50% — 1 of 2
PSV Eindhoven,UEFA Champions League,J3,59%,467 of 544 — 86%,8 of 19 — 42%,0 of 2 — 0%
Napoli,UEFA Champions League,J3,41%,79% — 304 of 385,20% — 2 of 10,37% — 3 of 8
Villarreal,UEFA Champions League,J3,34%,301 of 366 — 82%,2 of 11 — 18%,4 of 6 — 66%
Manchester City,UEFA Champions League,J3,66%,92% — 638 of 696,60% — 6 of 10,100% — 2 of 2
Union SG,UEFA Champions League,J3,31%,252 of 322 — 78%,5 of 15 — 33%,3 of 6 — 50%
Inter,UEFA Champions League,J3,69%,90% — 645 of 716,30% — 6 of 20,100% — 5 of 5
FC Copenhagen,UEFA Champions League,J3,36%,289 of 373 — 77%,4 of 11 — 36%,1 of 4 — 25%
Dortmund,UEFA Champions League,J3,64%,84% — 557 of 667,50% — 4 of 8,75% — 3 of 4
Qaırat Almaty,UEFA Champions League,J3,68%,495 of 602 — 82%,2 of 22 — 9%,5 of 5 — 100%
Pafos FC,UEFA Champions League,J3,32%,64% — 183 of 288,56% — 5 of 9,100% — 2 of 2
Athletic Club,UEFA Champions League,J3,59%,442 of 533 — 83%,5 of 21 — 24%,2 of 3 — 66%
Qarabağ,UEFA Champions League,J3,41%,73% — 267 of 365,33% — 3 of 9,40% — 2 of 5
Galatasaray,UEFA Champions League,J3,39%,325 of 398 — 82%,11 of 23 — 48%,1 of 2 — 50%
Bodø/Glimt,UEFA Champions League,J3,61%,85% — 540 of 633,25% — 2 of 8,72% — 8 of 11
Torino,Italian Serie A,J2,46%,251 of 336 — 75%,4 of 7 — 57%,3 of 3 — 100%
Fiorentina,Italian Serie A,J2,54%,82% — 324 of 397,19% — 3 of 16,100% — 4 of 4
Sporting CP,UEFA Champions League,J3,53%,420 of 506 — 83%,7 of 14 — 50%,2 of 3 — 66%
Marseille,UEFA Champions League,J3,47%,83% — 378 of 454,30% — 3 of 10,71% — 5 of 7
Chelsea,UEFA Champions League,J3,65%,569 of 633 — 90%,8 of 20 — 40%,0 of 0 — %
Ajax,UEFA Champions League,J3,35%,78% — 264 of 340,0% — 0 of 1,62% — 5 of 8
Bayern Munich,UEFA Champions League,J3,63%,687 of 757 — 91%,11 of 26 — 42%,2 of 2 — 100%
Club Brugge,UEFA Champions League,J3,37%,87% — 383 of 439,40% — 2 of 5,63% — 7 of 11
Atalanta,UEFA Champions League,J3,56%,336 of 466 — 72%,5 of 22 — 23%,4 of 4 — 100%
Slavia Prague,UEFA Champions League,J3,44%,67% — 244 of 362,25% — 4 of 16,100% — 5 of 5
Real Madrid,UEFA Champions League,J3,65%,580 of 648 — 90%,9 of 28 — 32%,4 of 4 — 100%
Juventus,UEFA Champions League,J3,35%,78% — 272 of 349,31% — 4 of 13,88% — 8 of 9
Monaco,UEFA Champions League,J3,56%,409 of 495 — 83%,8 of 23 — 35%,2 of 2 — 100%
Tottenham,UEFA Champions League,J3,44%,78% — 307 of 392,18% — 2 of 11,100% — 8 of 8
Eint Frankfurt,UEFA Champions League,J3,35%,318 of 398 — 80%,1 of 4 — 25%,9 of 14 — 64%
Liverpool,UEFA Champions League,J3,65%,90% — 665 of 742,78% — 14 of 18,0% — 0 of 1
Inter,Italian Serie A,J2,67%,459 of 567 — 81%,3 of 16 — 19%,3 of 4 — 75%
Udinese,Italian Serie A,J2,33%,71% — 197 of 279,44% — 4 of 9,66% — 2 of 3
Midtjylland,UEFA Europa League,J1,52%,344 of 448 — 77%,5 of 7 — 71%,4 of 4 — 100%
Sturm Graz,UEFA Europa League,J1,48%,73% — 301 of 410,36% — 4 of 11,80% — 4 of 5
PAOK,UEFA Europa League,J1,55%,383 of 470 — 81%,4 of 18 — 22%,3 of 3 — 100%
Maccabi Tel Aviv,UEFA Europa League,J1,45%,84% — 318 of 378,33% — 3 of 9,100% — 4 of 4
Braga,UEFA Europa League,J1,45%,333 of 424 — 79%,2 of 8 — 25%,1 of 1 — 100%
Feyenoord,UEFA Europa League,J1,55%,79% — 413 of 524,20% — 1 of 5,50% — 1 of 2
Freiburg,UEFA Europa League,J1,48%,336 of 439 — 77%,5 of 15 — 33%,3 of 4 — 75%
Basel,UEFA Europa League,J1,52%,81% — 383 of 475,27% — 4 of 15,60% — 3 of 5
Red Star,UEFA Europa League,J1,47%,370 of 472 — 78%,4 of 16 — 25%,5 of 6 — 83%
Celtic,UEFA Europa League,J1,53%,84% — 445 of 530,75% — 6 of 8,75% — 3 of 4
Nice,UEFA Europa League,J1,43%,369 of 478 — 77%,1 of 6 — 17%,2 of 4 — 50%
Roma,UEFA Europa League,J1,57%,82% — 518 of 630,33% — 4 of 12,100% — 1 of 1
Betis,UEFA Europa League,J1,56%,505 of 562 — 90%,4 of 9 — 44%,4 of 6 — 66%
Nott'ham Forest,UEFA Europa League,J1,44%,84% — 374 of 443,38% — 6 of 16,50% — 2 of 4
Malmö,UEFA Europa League,J1,60%,531 of 630 — 84%,5 of 10 — 50%,5 of 6 — 83%
Ludogorets,UEFA Europa League,J1,40%,78% — 330 of 424,30% — 6 of 20,80% — 4 of 5
Dinamo Zagreb,UEFA Europa League,J1,42%,317 of 417 — 76%,3 of 11 — 27%,1 of 2 — 50%
Fenerbahçe,UEFA Europa League,J1,58%,80% — 456 of 568,33% — 2 of 6,0% — 0 of 3
Lille,UEFA Europa League,J1,55%,454 of 564 — 80%,4 of 17 — 24%,2 of 3 — 66%
Brann,UEFA Europa League,J1,45%,78% — 364 of 465,25% — 3 of 12,50% — 2 of 4
Go Ahead Eag,UEFA Europa League,J1,72%,573 of 672 — 85%,7 of 17 — 41%,5 of 6 — 83%
FCSB,UEFA Europa League,J1,28%,71% — 180 of 255,75% — 6 of 8,100% — 7 of 7
Aston Villa,UEFA Europa League,J1,46%,284 of 371 — 77%,3 of 11 — 27%,7 of 7 — 100%
Bologna,UEFA Europa League,J1,54%,78% — 333 of 429,41% — 7 of 17,66% — 2 of 3
Rangers,UEFA Europa League,J1,53%,442 of 519 — 85%,1 of 11 — 9%,2 of 3 — 66%
Genk,UEFA Europa League,J1,47%,88% — 407 of 462,18% — 3 of 17,100% — 1 of 1
Stuttgart,UEFA Europa League,J1,59%,548 of 636 — 86%,6 of 19 — 32%,0 of 1 — 0%
Celta Vigo,UEFA Europa League,J1,41%,82% — 369 of 449,13% — 1 of 8,66% — 4 of 6
Young Boys,UEFA Europa League,J1,58%,452 of 536 — 84%,3 of 19 — 16%,2 of 6 — 33%
Panathinaikos,UEFA Europa League,J1,42%,80% — 304 of 381,33% — 6 of 18,66% — 2 of 3
RB Salzburg,UEFA Europa League,J1,43%,306 of 391 — 78%,3 of 15 — 20%,2 of 3 — 66%
Porto,UEFA Europa League,J1,57%,83% — 440 of 528,20% — 3 of 15,100% — 3 of 3
Ferencváros,UEFA Europa League,J1,53%,346 of 449 — 77%,2 of 10 — 20%,2 of 3 — 66%
Viktoria Plzeň,UEFA Europa League,J1,47%,78% — 304 of 392,33% — 3 of 9,50% — 1 of 2
Utrecht,UEFA Europa League,J1,38%,227 of 336 — 68%,2 of 11 — 18%,3 of 4 — 75%
Lyon,UEFA Europa League,J1,62%,83% — 450 of 545,33% — 4 of 12,100% — 2 of 2
Celtic,UEFA Europa League,J2,56%,554 of 646 — 86%,3 of 9 — 33%,4 of 6 — 66%
Braga,UEFA Europa League,J2,44%,81% — 413 of 509,46% — 6 of 13,100% — 3 of 3
Bologna,UEFA Europa League,J2,54%,365 of 467 — 78%,3 of 8 — 38%,4 of 4 — 100%
Freiburg,UEFA Europa League,J2,46%,75% — 292 of 391,36% — 4 of 11,66% — 2 of 3
Roma,UEFA Europa League,J2,50%,391 of 520 — 75%,4 of 19 — 21%,4 of 5 — 80%
Lille,UEFA Europa League,J2,50%,75% — 389 of 519,56% — 5 of 9,100% — 4 of 4
Viktoria Plzeň,UEFA Europa League,J2,59%,430 of 508 — 85%,7 of 14 — 50%,1 of 1 — 100%
Malmö,UEFA Europa League,J2,41%,76% — 269 of 354,13% — 1 of 8,57% — 4 of 7
Brann,UEFA Europa League,J2,45%,319 of 447 — 71%,3 of 11 — 27%,2 of 2 — 100%
Utrecht,UEFA Europa League,J2,55%,76% — 423 of 557,33% — 2 of 6,66% — 2 of 3
Panathinaikos,UEFA Europa League,J2,64%,573 of 667 — 86%,9 of 33 — 27%,2 of 4 — 50%
Go Ahead Eag,UEFA Europa League,J2,36%,80% — 296 of 370,57% — 4 of 7,88% — 8 of 9
Ludogorets,UEFA Europa League,J2,53%,429 of 520 — 83%,1 of 13 — 8%,1 of 2 — 50%
Betis,UEFA Europa League,J2,47%,81% — 375 of 461,17% — 2 of 12,100% — 1 of 1
Fenerbahçe,UEFA Europa League,J2,59%,449 of 540 — 83%,5 of 17 — 29%,2 of 2 — 100%
Nice,UEFA Europa League,J2,41%,76% — 284 of 376,22% — 2 of 9,60% — 3 of 5
FCSB,UEFA Europa League,J2,51%,383 of 494 — 78%,3 of 17 — 18%,7 of 9 — 77%
Young Boys,UEFA Europa League,J2,49%,77% — 368 of 475,56% — 9 of 16,100% — 3 of 3
Porto,UEFA Europa League,J2,50%,361 of 462 — 78%,3 of 17 — 18%,1 of 2 — 50%
Red Star,UEFA Europa League,J2,50%,83% — 377 of 454,22% — 2 of 9,66% — 2 of 3
Nott'ham Forest,UEFA Europa League,J2,62%,432 of 523 — 83%,8 of 21 — 38%,1 of 4 — 25%
Midtjylland,UEFA Europa League,J2,38%,74% — 242 of 325,50% — 4 of 8,87% — 7 of 8
Sturm Graz,UEFA Europa League,J2,42%,257 of 356 — 72%,8 of 16 — 50%,9 of 10 — 90%
Rangers,UEFA Europa League,J2,58%,80% — 397 of 498,63% — 10 of 16,75% — 6 of 8
Celta Vigo,UEFA Europa League,J2,63%,614 of 703 — 87%,9 of 15 — 60%,1 of 2 — 50%
PAOK,UEFA Europa League,J2,37%,82% — 339 of 413,40% — 2 of 5,66% — 6 of 9
Basel,UEFA Europa League,J2,36%,232 of 325 — 71%,4 of 12 — 33%,6 of 6 — 100%
Stuttgart,UEFA Europa League,J2,64%,83% — 484 of 585,21% — 6 of 28,50% — 2 of 4
Genk,UEFA Europa League,J2,62%,507 of 613 — 83%,3 of 13 — 23%,3 of 4 — 75%
Ferencváros,UEFA Europa League,J2,38%,76% — 278 of 368,57% — 4 of 7,100% — 3 of 3
Feyenoord,UEFA Europa League,J2,41%,311 of 385 — 81%,8 of 19 — 42%,1 of 3 — 33%
Aston Villa,UEFA Europa League,J2,59%,88% — 489 of 557,50% — 3 of 6,100% — 8 of 8
Lyon,UEFA Europa League,J2,64%,720 of 795 — 91%,4 of 14 — 29%,5 of 5 — 100%
RB Salzburg,UEFA Europa League,J2,36%,81% — 361 of 445,45% — 5 of 11,50% — 2 of 4
Maccabi Tel Aviv,UEFA Europa League,J2,50%,448 of 528 — 85%,4 of 11 — 36%,2 of 5 — 40%
Dinamo Zagreb,UEFA Europa League,J2,50%,86% — 463 of 536,83% — 5 of 6,75% — 3 of 4
Braga,UEFA Europa League,J3,49%,456 of 567 — 80%,4 of 11 — 36%,3 of 3 — 100%
Red Star,UEFA Europa League,J3,51%,81% — 475 of 583,33% — 3 of 9,50% — 2 of 4
Brann,UEFA Europa League,J3,52%,362 of 463 — 78%,5 of 13 — 38%,1 of 1 — 100%
Rangers,UEFA Europa League,J3,48%,75% — 314 of 420,11% — 1 of 9,40% — 2 of 5
Go Ahead Eag,UEFA Europa League,J3,31%,191 of 255 — 75%,3 of 5 — 60%,6 of 7 — 85%
Aston Villa,UEFA Europa League,J3,69%,86% — 488 of 569,41% — 7 of 17,33% — 1 of 3
Genk,UEFA Europa League,J3,44%,390 of 491 — 79%,1 of 5 — 20%,3 of 3 — 100%
Betis,UEFA Europa League,J3,56%,87% — 544 of 625,30% — 3 of 10,100% — 1 of 1
Lyon,UEFA Europa League,J3,60%,527 of 610 — 86%,6 of 18 — 33%,3 of 3 — 100%
Basel,UEFA Europa League,J3,40%,76% — 313 of 414,30% — 3 of 10,66% — 4 of 6
RB Salzburg,UEFA Europa League,J3,54%,459 of 562 — 82%,4 of 16 — 25%,3 of 6 — 50%
Ferencváros,UEFA Europa League,J3,46%,78% — 373 of 477,50% — 6 of 12,50% — 2 of 4
FCSB,UEFA Europa League,J3,47%,307 of 394 — 78%,6 of 9 — 67%,5 of 7 — 71%
Bologna,UEFA Europa League,J3,53%,79% — 358 of 452,33% — 7 of 21,83% — 5 of 6
Fenerbahçe,UEFA Europa League,J3,36%,204 of 299 — 68%,6 of 18 — 33%,2 of 2 — 100%
Stuttgart,UEFA Europa League,J3,64%,80% — 432 of 540,18% — 2 of 11,100% — 6 of 6
Celtic,UEFA Europa League,J3,65%,549 of 654 — 84%,6 of 20 — 30%,0 of 1 — 0%
Sturm Graz,UEFA Europa League,J3,35%,69% — 242 of 349,13% — 1 of 8,66% — 4 of 6
Nott'ham Forest,UEFA Europa League,J3,51%,411 of 492 — 84%,1 of 6 — 17%,1 of 1 — 100%
Porto,UEFA Europa League,J3,49%,82% — 392 of 480,10% — 1 of 10,100% — 1 of 1
Freiburg,UEFA Europa League,J3,52%,399 of 485 — 82%,7 of 14 — 50%,2 of 2 — 100%
Utrecht,UEFA Europa League,J3,48%,84% — 373 of 446,18% — 2 of 11,71% — 5 of 7
Young Boys,UEFA Europa League,J3,58%,456 of 544 — 84%,5 of 14 — 36%,2 of 4 — 50%
Ludogorets,UEFA Europa League,J3,42%,78% — 301 of 388,27% — 4 of 15,60% — 3 of 5
Maccabi Tel Aviv,UEFA Europa League,J3,46%,322 of 409 — 79%,3 of 12 — 25%,1 of 4 — 25%
Midtjylland,UEFA Europa League,J3,54%,80% — 383 of 479,33% — 4 of 12,100% — 3 of 3
Feyenoord,UEFA Europa League,J3,49%,413 of 512 — 81%,8 of 18 — 44%,4 of 5 — 80%
Panathinaikos,UEFA Europa League,J3,51%,81% — 433 of 532,42% — 5 of 12,62% — 5 of 8
Celta Vigo,UEFA Europa League,J3,65%,570 of 649 — 88%,5 of 25 — 20%,2 of 3 — 66%
Nice,UEFA Europa League,J3,35%,80% — 280 of 350,30% — 3 of 10,80% — 4 of 5
Roma,UEFA Europa League,J3,67%,468 of 571 — 82%,7 of 19 — 37%,0 of 2 — 0%
Viktoria Plzeň,UEFA Europa League,J3,33%,62% — 171 of 276,33% — 2 of 6,100% — 7 of 7
Lille,UEFA Europa League,J3,64%,515 of 610 — 84%,11 of 22 — 50%,2 of 6 — 33%
PAOK,UEFA Europa League,J3,36%,73% — 245 of 337,86% — 6 of 7,72% — 8 of 11
Malmö,UEFA Europa League,J3,26%,176 of 263 — 67%,3 of 6 — 50%,4 of 5 — 80%
Dinamo Zagreb,UEFA Europa League,J3,74%,87% — 638 of 737,23% — 5 of 22,66% — 2 of 3
Genoa,Italian Serie A,J1,57%,349 of 468 — 75%,2 of 5 — 40%,0 of 0 — %
Lecce,Italian Serie A,J1,43%,67% — 232 of 346,0% — 0 of 7,100% — 2 of 2
Lazio,Italian Serie A,J2,70%,666 of 741 — 90%,6 of 22 — 27%,4 of 4 — 100%
Hellas Verona,Italian Serie A,J2,30%,78% — 254 of 324,33% — 4 of 12,33% — 2 of 6
Cagliari,Italian Serie A,J3,51%,344 of 439 — 78%,5 of 12 — 42%,5 of 5 — 100%
Parma,Italian Serie A,J3,49%,78% — 325 of 418,29% — 5 of 17,60% — 3 of 5
Zrinjski Mostar,UEFA Europa Conference League,J1,51%,348 of 451 — 77%,10 of 24 — 42%,0 of 0 — %
Red Imps,UEFA Europa Conference League,J1,49%,77% — 340 of 441,0% — 0 of 8,50% — 5 of 10
Lech Poznań,UEFA Europa Conference League,J1,51%,382 of 480 — 80%,8 of 17 — 47%,1 of 2 — 50%
Rapid Wien,UEFA Europa Conference League,J1,49%,78% — 357 of 456,22% — 2 of 9,50% — 4 of 8
Jagiellonia,UEFA Europa Conference League,J1,63%,452 of 533 — 85%,7 of 19 — 37%,3 of 3 — 100%
Ħamrun Spartans FC,UEFA Europa Conference League,J1,37%,72% — 219 of 306,38% — 3 of 8,85% — 6 of 7
Rayo Vallecano,UEFA Europa Conference League,J1,68%,618 of 716 — 86%,10 of 20 — 50%,1 of 1 — 100%
Shkëndija 79,UEFA Europa Conference League,J1,32%,78% — 260 of 334,100% — 1 of 1,80% — 8 of 10
Lausanne-Sport,UEFA Europa Conference League,J1,55%,539 of 624 — 86%,8 of 16 — 50%,2 of 2 — 100%
Breiðablik,UEFA Europa Conference League,J1,45%,79% — 400 of 504,15% — 2 of 13,62% — 5 of 8
Dynamo Kyiv,UEFA Europa Conference League,J1,47%,353 of 449 — 79%,1 of 9 — 11%,5 of 7 — 71%
Crystal Palace,UEFA Europa Conference League,J1,53%,79% — 402 of 510,50% — 7 of 14,100% — 1 of 1
AC Omonia,UEFA Europa Conference League,J1,45%,331 of 431 — 77%,3 of 8 — 38%,1 of 1 — 100%
Mainz 05,UEFA Europa Conference League,J1,55%,80% — 425 of 529,6% — 1 of 16,100% — 3 of 3
KuPS,UEFA Europa Conference League,J1,65%,631 of 735 — 86%,3 of 6 — 50%,3 of 4 — 75%
KF Drita,UEFA Europa Conference League,J1,35%,75% — 304 of 403,33% — 4 of 12,66% — 2 of 3
Shelbourne FC,UEFA Europa Conference League,J1,35%,327 of 417 — 78%,1 of 7 — 14%,3 of 3 — 100%
Häcken,UEFA Europa Conference League,J1,65%,87% — 674 of 777,30% — 3 of 10,100% — 1 of 1
Aberdeen,UEFA Europa Conference League,J1,30%,177 of 267 — 66%,4 of 10 — 40%,1 of 4 — 25%
Shakhtar,UEFA Europa Conference League,J1,70%,87% — 552 of 638,36% — 4 of 11,75% — 3 of 4
FC Noah,UEFA Europa Conference League,J1,58%,499 of 553 — 90%,3 of 15 — 20%,1 of 1 — 100%
Rijeka,UEFA Europa Conference League,J1,42%,81% — 325 of 399,50% — 1 of 2,66% — 2 of 3
Fiorentina,UEFA Europa Conference League,J1,54%,342 of 448 — 76%,4 of 14 — 29%,4 of 4 — 100%
Sigma Olomouc,UEFA Europa Conference League,J1,46%,69% — 260 of 375,57% — 4 of 7,50% — 2 of 4
Legia Warsaw,UEFA Europa Conference League,J1,64%,490 of 611 — 80%,2 of 19 — 11%,0 of 1 — 0%
Samsunspor,UEFA Europa Conference League,J1,36%,71% — 245 of 343,17% — 1 of 6,100% — 2 of 2
Sparta Prague,UEFA Europa Conference League,J1,74%,671 of 755 — 89%,8 of 19 — 42%,0 of 1 — 0%
Shamrock Rov,UEFA Europa Conference League,J1,26%,71% — 183 of 259,50% — 1 of 2,50% — 4 of 8
Raków,UEFA Europa Conference League,J1,57%,415 of 497 — 84%,10 of 22 — 45%,0 of 0 — %
CS U Craiova,UEFA Europa Conference League,J1,43%,80% — 303 of 380,0% — 0 of 4,80% — 8 of 10
Slovan Bratislava,UEFA Europa Conference League,J1,57%,561 of 645 — 87%,5 of 22 — 23%,3 of 4 — 75%
Strasbourg,UEFA Europa Conference League,J1,43%,87% — 427 of 490,80% — 4 of 5,80% — 4 of 5
NK Celje,UEFA Europa Conference League,J1,60%,438 of 513 — 85%,9 of 21 — 43%,4 of 5 — 80%
AEK Athens,UEFA Europa Conference League,J1,40%,80% — 277 of 348,56% — 5 of 9,66% — 6 of 9
AÉK Lárnaka,UEFA Europa Conference League,J1,69%,555 of 626 — 89%,10 of 22 — 45%,2 of 2 — 100%
AZ Alkmaar,UEFA Europa Conference League,J1,31%,73% — 205 of 282,33% — 2 of 6,60% — 6 of 10
Breiðablik,UEFA Europa Conference League,J2,44%,356 of 469 — 76%,3 of 15 — 20%,2 of 2 — 100%
KuPS,UEFA Europa Conference League,J2,56%,84% — 508 of 607,25% — 2 of 8,100% — 3 of 3
Häcken,UEFA Europa Conference League,J2,40%,254 of 366 — 69%,4 of 10 — 40%,2 of 3 — 66%
Rayo Vallecano,UEFA Europa Conference League,J2,60%,83% — 448 of 538,30% — 3 of 10,50% — 2 of 4
Strasbourg,UEFA Europa Conference League,J2,67%,685 of 781 — 88%,6 of 25 — 24%,1 of 2 — 50%
Jagiellonia,UEFA Europa Conference League,J2,33%,80% — 304 of 381,67% — 2 of 3,83% — 5 of 6
KF Drita,UEFA Europa Conference League,J2,40%,253 of 340 — 74%,2 of 4 — 50%,4 of 5 — 80%
AC Omonia,UEFA Europa Conference League,J2,60%,83% — 419 of 507,36% — 5 of 14,50% — 1 of 2
Shkëndija 79,UEFA Europa Conference League,J2,58%,444 of 534 — 83%,1 of 13 — 8%,1 of 1 — 100%
Shelbourne FC,UEFA Europa Conference League,J2,42%,79% — 311 of 392,11% — 1 of 9,100% — 1 of 1
Shkëndija 79,UEFA Europa Conference League,J2,58%,444 of 532 — 83%,1 of 13 — 8%,2 of 2 — 100%
Shelbourne FC,UEFA Europa Conference League,J2,42%,80% — 313 of 393,22% — 2 of 9,100% — 1 of 1
Rapid Wien,UEFA Europa Conference League,J2,43%,336 of 430 — 78%,3 of 13 — 23%,2 of 5 — 40%
Fiorentina,UEFA Europa Conference League,J2,57%,85% — 487 of 575,29% — 5 of 17,100% — 3 of 3
AZ Alkmaar,UEFA Europa Conference League,J2,62%,498 of 590 — 84%,9 of 29 — 31%,1 of 1 — 100%
Slovan Bratislava,UEFA Europa Conference League,J2,38%,80% — 288 of 360,33% — 1 of 3,88% — 8 of 9
Shakhtar,UEFA Europa Conference League,J2,69%,590 of 664 — 89%,3 of 11 — 27%,1 of 3 — 33%
Legia Warsaw,UEFA Europa Conference League,J2,31%,70% — 209 of 298,27% — 3 of 11,66% — 2 of 3
AEK Athens,UEFA Europa Conference League,J2,73%,637 of 723 — 88%,9 of 27 — 33%,2 of 2 — 100%
Aberdeen,UEFA Europa Conference League,J2,27%,75% — 205 of 274,25% — 2 of 8,33% — 3 of 9
Shamrock Rovers,UEFA Europa Conference League,J2,43%,351 of 428 — 82%,3 of 11 — 27%,2 of 4 — 50%
NK Celje,UEFA Europa Conference League,J2,57%,87% — 487 of 562,29% — 4 of 14,100% — 3 of 3
Crystal Palace,UEFA Europa Conference League,J2,67%,541 of 650 — 83%,1 of 15 — 7%,1 of 2 — 50%
AÉK Lárnaka,UEFA Europa Conference League,J2,33%,67% — 211 of 315,50% — 2 of 4,100% — 1 of 1
Sigma Olomouc,UEFA Europa Conference League,J2,47%,306 of 419 — 73%,1 of 8 — 13%,5 of 6 — 83%
Raków,UEFA Europa Conference League,J2,53%,79% — 377 of 476,43% — 6 of 14,0% — 0 of 1
Red Imps,UEFA Europa Conference League,J2,38%,201 of 294 — 68%,3 of 12 — 25%,4 of 4 — 100%
Lech Poznań,UEFA Europa Conference League,J2,62%,78% — 372 of 479,22% — 4 of 18,33% — 1 of 3
Ħamrun Spartans FC,UEFA Europa Conference League,J2,53%,310 of 419 — 74%,1 of 15 — 7%,4 of 5 — 80%
Lausanne-Sport,UEFA Europa Conference League,J2,47%,77% — 290 of 377,50% — 5 of 10,100% — 1 of 1
Mainz 05,UEFA Europa Conference League,J2,60%,414 of 540 — 77%,2 of 15 — 13%,0 of 0 — %
Zrinjski Mostar,UEFA Europa Conference League,J2,40%,69% — 246 of 355,0% — 0 of 2,50% — 1 of 2
CS U Craiova,UEFA Europa Conference League,J2,48%,329 of 435 — 76%,2 of 6 — 33%,3 of 4 — 75%
FC Noah,UEFA Europa Conference League,J2,52%,79% — 369 of 469,25% — 4 of 16,50% — 1 of 2
Samsunspor,UEFA Europa Conference League,J2,49%,368 of 467 — 79%,5 of 14 — 36%,0 of 0 — %
Dynamo Kyiv,UEFA Europa Conference League,J2,51%,82% — 405 of 493,0% — 0 of 5,40% — 2 of 5
Juventus,Italian Serie A,J3,41%,317 of 388 — 82%,4 of 12 — 33%,1 of 4 — 25%
Inter,Italian Serie A,J3,59%,86% — 479 of 557,22% — 4 of 18,0% — 0 of 4
Fiorentina,Italian Serie A,J3,53%,393 of 496 — 79%,3 of 19 — 16%,5 of 7 — 71%
Napoli,Italian Serie A,J3,47%,81% — 360 of 446,54% — 7 of 13,66% — 2 of 3
Roma,Italian Serie A,J3,72%,561 of 647 — 87%,5 of 22 — 23%,3 of 4 — 75%
Torino,Italian Serie A,J3,28%,69% — 175 of 253,50% — 4 of 8,100% — 5 of 5
Atalanta,Italian Serie A,J3,56%,407 of 498 — 82%,8 of 19 — 42%,2 of 3 — 66%
Lecce,Italian Serie A,J3,44%,78% — 300 of 386,25% — 3 of 12,50% — 4 of 8
Pisa,Italian Serie A,J3,51%,340 of 433 — 79%,2 of 12 — 17%,2 of 3 — 66%
Udinese,Italian Serie A,J3,49%,77% — 321 of 416,23% — 3 of 13,100% — 2 of 2
Sassuolo,Italian Serie A,J3,42%,377 of 450 — 84%,3 of 10 — 30%,3 of 3 — 100%
Lazio,Italian Serie A,J3,58%,85% — 537 of 634,23% — 3 of 13,66% — 2 of 3
Milan,Italian Serie A,J3,40%,301 of 369 — 82%,3 of 14 — 21%,0 of 0 — %
Bologna,Italian Serie A,J3,60%,85% — 474 of 559,0% — 0 of 5,66% — 2 of 3
Hellas Verona,Italian Serie A,J3,46%,354 of 460 — 77%,9 of 20 — 45%,2 of 2 — 100%
Cremonese,Italian Serie A,J3,54%,81% — 430 of 530,33% — 2 of 6,100% — 9 of 9
Milan,Italian Serie A,J1,64%,592 of 665 — 89%,5 of 24 — 21%,1 of 3 — 33%
Cremonese,Italian Serie A,J1,36%,79% — 298 of 376,75% — 3 of 4,80% — 4 of 5
Como,Italian Serie A,J3,53%,412 of 494 — 83%,4 of 13 — 31%,3 of 4 — 75%
Genoa,Italian Serie A,J3,47%,78% — 343 of 438,33% — 4 of 12,75% — 3 of 4
Lecce,Italian Serie A,J4,52%,346 of 422 — 82%,5 of 11 — 45%,4 of 5 — 80%
Cagliari,Italian Serie A,J4,48%,79% — 310 of 391,36% — 5 of 14,80% — 4 of 5
Bologna,Italian Serie A,J4,58%,353 of 460 — 77%,5 of 13 — 38%,3 of 4 — 75%
Genoa,Italian Serie A,J4,42%,67% — 220 of 329,57% — 4 of 7,80% — 4 of 5
Hellas Verona,Italian Serie A,J4,29%,165 of 252 — 65%,3 of 13 — 23%,3 of 4 — 75%
Juventus,Italian Serie A,J4,71%,84% — 524 of 621,40% — 4 of 10,100% — 3 of 3
Udinese,Italian Serie A,J4,40%,373 of 430 — 87%,4 of 10 — 40%,3 of 6 — 50%
Milan,Italian Serie A,J4,60%,88% — 570 of 649,46% — 6 of 13,100% — 4 of 4
Lazio,Italian Serie A,J4,48%,335 of 424 — 79%,2 of 10 — 20%,5 of 6 — 83%
Roma,Italian Serie A,J4,52%,80% — 361 of 452,46% — 6 of 13,100% — 2 of 2
Cremonese,Italian Serie A,J4,52%,370 of 461 — 80%,1 of 3 — 33%,3 of 3 — 100%
Parma,Italian Serie A,J4,48%,78% — 327 of 421,20% — 3 of 15,100% — 1 of 1
Torino,Italian Serie A,J4,39%,344 of 419 — 82%,4 of 10 — 40%,2 of 5 — 40%
Atalanta,Italian Serie A,J4,61%,87% — 561 of 647,56% — 5 of 9,100% — 4 of 4
Fiorentina,Italian Serie A,J4,39%,256 of 345 — 74%,1 of 8 — 13%,5 of 7 — 71%
Como,Italian Serie A,J4,61%,83% — 450 of 544,37% — 7 of 19,0% — 0 of 1
Rennes,French Ligue 1,J1,28%,234 of 305 — 77%,5 of 12 — 42%,2 of 2 — 100%
Marseille,French Ligue 1,J1,72%,89% — 684 of 769,8% — 2 of 24,80% — 4 of 5
Lens,French Ligue 1,J1,56%,405 of 509 — 80%,4 of 18 — 22%,2 of 3 — 66%
Lyon,French Ligue 1,J1,44%,78% — 311 of 399,27% — 3 of 11,100% — 4 of 4
Monaco,French Ligue 1,J1,74%,665 of 777 — 86%,3 of 13 — 23%,3 of 4 — 75%
Le Havre,French Ligue 1,J1,26%,69% — 190 of 274,44% — 4 of 9,33% — 1 of 3
Nice,French Ligue 1,J1,57%,431 of 519 — 83%,2 of 13 — 15%,1 of 2 — 50%
Toulouse,French Ligue 1,J1,43%,82% — 319 of 388,20% — 2 of 10,100% — 2 of 2
Brest,French Ligue 1,J1,46%,298 of 411 — 73%,5 of 18 — 28%,3 of 6 — 50%
Lille,French Ligue 1,J1,54%,80% — 388 of 484,60% — 6 of 10,40% — 2 of 5
Angers,French Ligue 1,J1,32%,222 of 307 — 72%,2 of 8 — 25%,7 of 7 — 100%
Paris FC,French Ligue 1,J1,68%,87% — 554 of 639,41% — 7 of 17,50% — 1 of 2
Auxerre,French Ligue 1,J1,43%,305 of 386 — 79%,3 of 6 — 50%,3 of 3 — 100%
Lorient,French Ligue 1,J1,57%,83% — 387 of 466,23% — 3 of 13,66% — 2 of 3
Metz,French Ligue 1,J1,37%,289 of 379 — 76%,0 of 2 — 0%,2 of 3 — 66%
Strasbourg,French Ligue 1,J1,63%,86% — 542 of 628,33% — 3 of 9,% — 0 of 0
Nantes,French Ligue 1,J1,30%,244 of 331 — 74%,0 of 5 — 0%,3 of 4 — 75%
Paris S-G,French Ligue 1,J1,70%,89% — 703 of 787,22% — 4 of 18,% — 0 of 0
Inter,Italian Serie A,J4,61%,458 of 536 — 85%,6 of 20 — 30%,4 of 5 — 80%
Sassuolo,Italian Serie A,J4,39%,79% — 275 of 346,56% — 5 of 9,83% — 5 of 6
Paris S-G,French Ligue 1,J2,83%,948 of 1033 — 92%,4 of 20 — 20%,0 of 0 — %
Angers,French Ligue 1,J2,17%,73% — 153 of 210,0% — 0 of 3,75% — 3 of 4
Marseille,French Ligue 1,J2,60%,563 of 624 — 90%,6 of 9 — 67%,2 of 4 — 50%
Paris FC,French Ligue 1,J2,40%,87% — 360 of 414,50% — 4 of 8,33% — 2 of 6
Nice,French Ligue 1,J2,55%,437 of 515 — 85%,6 of 16 — 38%,7 of 8 — 87%
Auxerre,French Ligue 1,J2,45%,78% — 328 of 420,67% — 8 of 12,66% — 4 of 6
Lyon,French Ligue 1,J2,53%,527 of 576 — 91%,8 of 13 — 62%,2 of 2 — 100%
Metz,French Ligue 1,J2,47%,89% — 462 of 518,18% — 2 of 11,62% — 5 of 8
Lorient,French Ligue 1,J2,51%,444 of 525 — 85%,7 of 22 — 32%,1 of 1 — 100%
Rennes,French Ligue 1,J2,49%,85% — 429 of 503,25% — 1 of 4,42% — 3 of 7
Strasbourg,French Ligue 1,J2,49%,418 of 496 — 84%,4 of 15 — 27%,2 of 2 — 100%
Nantes,French Ligue 1,J2,51%,82% — 426 of 519,22% — 2 of 9,75% — 3 of 4
Le Havre,French Ligue 1,J2,58%,476 of 591 — 81%,6 of 18 — 33%,1 of 2 — 50%
Lens,French Ligue 1,J2,42%,84% — 360 of 430,40% — 2 of 5,83% — 5 of 6
Toulouse,French Ligue 1,J2,48%,336 of 422 — 80%,3 of 6 — 50%,2 of 2 — 100%
Brest,French Ligue 1,J2,52%,81% — 375 of 463,13% — 2 of 16,33% — 1 of 3
Lille,French Ligue 1,J2,50%,368 of 467 — 79%,1 of 17 — 6%,1 of 1 — 100%
Monaco,French Ligue 1,J2,50%,78% — 363 of 467,17% — 1 of 6,0% — 0 of 1
Lens,French Ligue 1,J3,67%,518 of 631 — 82%,9 of 29 — 31%,1 of 2 — 50%
Brest,French Ligue 1,J3,33%,72% — 225 of 313,22% — 2 of 9,77% — 7 of 9
Roma,Italian Serie A,J1,51%,358 of 444 — 81%,4 of 14 — 29%,2 of 2 — 100%
Bologna,Italian Serie A,J1,49%,76% — 329 of 434,20% — 2 of 10,75% — 3 of 4
Napoli,Italian Serie A,J4,64%,553 of 632 — 88%,6 of 18 — 33%,4 of 5 — 80%
Pisa,Italian Serie A,J4,36%,77% — 281 of 363,36% — 5 of 14,50% — 3 of 6
Lorient,French Ligue 1,J3,41%,318 of 393 — 81%,1 of 5 — 20%,4 of 11 — 36%
Lille,French Ligue 1,J3,59%,85% — 485 of 569,55% — 11 of 20,0% — 0 of 1
Nantes,French Ligue 1,J3,42%,278 of 370 — 75%,3 of 4 — 75%,4 of 4 — 100%
Auxerre,French Ligue 1,J3,58%,79% — 402 of 506,29% — 4 of 14,66% — 2 of 3
Toulouse,French Ligue 1,J3,25%,219 of 290 — 76%,5 of 13 — 38%,2 of 6 — 33%
Paris S-G,French Ligue 1,J3,75%,93% — 818 of 877,55% — 6 of 11,40% — 2 of 5
Angers,French Ligue 1,J3,37%,355 of 421 — 84%,7 of 10 — 70%,6 of 7 — 85%
Rennes,French Ligue 1,J3,63%,89% — 642 of 724,47% — 7 of 15,85% — 6 of 7
Paris FC,French Ligue 1,J3,51%,451 of 532 — 85%,8 of 23 — 35%,0 of 2 — 0%
Metz,French Ligue 1,J3,49%,85% — 432 of 509,14% — 2 of 14,75% — 6 of 8
Le Havre,French Ligue 1,J3,42%,288 of 381 — 76%,8 of 12 — 67%,2 of 3 — 66%
Nice,French Ligue 1,J3,58%,82% — 435 of 528,43% — 3 of 7,62% — 5 of 8
Monaco,French Ligue 1,J3,43%,346 of 422 — 82%,4 of 12 — 33%,2 of 3 — 66%
Strasbourg,French Ligue 1,J3,57%,86% — 480 of 560,27% — 3 of 11,25% — 1 of 4
Lyon,French Ligue 1,J3,57%,397 of 483 — 82%,4 of 17 — 24%,2 of 2 — 100%
Marseille,French Ligue 1,J3,43%,76% — 274 of 359,40% — 2 of 5,100% — 4 of 4
Marseille,French Ligue 1,J4,72%,766 of 834 — 92%,7 of 14 — 50%,1 of 1 — 100%
Lorient,French Ligue 1,J4,28%,84% — 272 of 323,25% — 1 of 4,57% — 4 of 7
Nice,French Ligue 1,J4,59%,454 of 545 — 83%,8 of 19 — 42%,3 of 3 — 100%
Nantes,French Ligue 1,J4,41%,78% — 296 of 380,21% — 3 of 14,87% — 7 of 8
Como,Italian Serie A,J5,57%,402 of 484 — 83%,6 of 14 — 43%,1 of 2 — 50%
Cremonese,Italian Serie A,J5,43%,75% — 274 of 366,22% — 2 of 9,83% — 5 of 6
Auxerre,French Ligue 1,J4,32%,211 of 304 — 69%,2 of 9 — 22%,1 of 3 — 33%
Monaco,French Ligue 1,J4,68%,83% — 527 of 637,23% — 3 of 13,100% — 2 of 2
Lille,French Ligue 1,J4,70%,507 of 600 — 85%,4 of 20 — 20%,3 of 4 — 75%
Toulouse,French Ligue 1,J4,30%,70% — 183 of 263,44% — 4 of 9,75% — 3 of 4
Strasbourg,French Ligue 1,J4,49%,421 of 490 — 86%,5 of 8 — 63%,1 of 1 — 100%
Le Havre,French Ligue 1,J4,51%,84% — 436 of 517,10% — 1 of 10,80% — 4 of 5
Metz,French Ligue 1,J4,55%,493 of 576 — 86%,4 of 8 — 50%,3 of 3 — 100%
Angers,French Ligue 1,J4,45%,86% — 409 of 475,33% — 3 of 9,75% — 3 of 4
Paris S-G,French Ligue 1,J4,69%,745 of 806 — 92%,6 of 14 — 43%,3 of 3 — 100%
Lens,French Ligue 1,J4,31%,82% — 302 of 370,27% — 3 of 11,66% — 4 of 6
Brest,French Ligue 1,J4,47%,353 of 461 — 77%,6 of 23 — 26%,2 of 4 — 50%
Paris FC,French Ligue 1,J4,53%,83% — 429 of 519,57% — 4 of 7,100% — 6 of 6
Rennes,French Ligue 1,J4,48%,407 of 490 — 83%,4 of 23 — 17%,4 of 5 — 80%
Lyon,French Ligue 1,J4,52%,85% — 445 of 524,63% — 5 of 8,50% — 2 of 4
Lyon,French Ligue 1,J5,67%,555 of 628 — 88%,5 of 16 — 31%,2 of 2 — 100%
Angers,French Ligue 1,J5,33%,77% — 241 of 313,20% — 2 of 10,80% — 4 of 5
Nantes,French Ligue 1,J5,42%,303 of 392 — 77%,3 of 15 — 20%,2 of 3 — 66%
Rennes,French Ligue 1,J5,58%,84% — 452 of 536,43% — 3 of 7,33% — 1 of 3
Brest,French Ligue 1,J5,38%,306 of 398 — 77%,5 of 11 — 45%,3 of 4 — 75%
Nice,French Ligue 1,J5,62%,88% — 571 of 652,20% — 4 of 20,20% — 1 of 5
Juventus,Italian Serie A,J5,67%,568 of 665 — 85%,10 of 24 — 42%,1 of 2 — 50%
Atalanta,Italian Serie A,J5,33%,77% — 252 of 327,17% — 2 of 12,90% — 9 of 10
Lens,French Ligue 1,J5,39%,280 of 368 — 76%,6 of 15 — 40%,3 of 3 — 100%
Lille,French Ligue 1,J5,61%,82% — 478 of 585,18% — 3 of 17,50% — 3 of 6
Paris FC,French Ligue 1,J5,61%,606 of 688 — 88%,6 of 18 — 33%,0 of 3 — 0%
Strasbourg,French Ligue 1,J5,39%,82% — 365 of 443,38% — 3 of 8,66% — 4 of 6
Le Havre,French Ligue 1,J5,60%,504 of 617 — 82%,1 of 12 — 8%,3 of 4 — 75%
Lorient,French Ligue 1,J5,40%,79% — 323 of 411,50% — 4 of 8,0% — 0 of 1
Auxerre,French Ligue 1,J5,41%,249 of 334 — 75%,1 of 6 — 17%,2 of 2 — 100%
Toulouse,French Ligue 1,J5,59%,85% — 412 of 485,17% — 2 of 12,0% — 0 of 1
Monaco,French Ligue 1,J5,44%,369 of 452 — 82%,6 of 16 — 38%,1 of 2 — 50%
Metz,French Ligue 1,J5,56%,83% — 485 of 587,29% — 2 of 7,33% — 2 of 6
Marseille,French Ligue 1,J5,32%,260 of 338 — 77%,2 of 9 — 22%,5 of 5 — 100%
Paris S-G,French Ligue 1,J5,68%,90% — 631 of 703,42% — 5 of 12,50% — 1 of 2
Strasbourg,French Ligue 1,J6,40%,337 of 420 — 80%,1 of 9 — 11%,7 of 9 — 77%
Marseille,French Ligue 1,J6,60%,86% — 545 of 634,56% — 9 of 16,0% — 0 of 1
Lorient,French Ligue 1,J6,47%,473 of 550 — 86%,8 of 19 — 42%,1 of 1 — 100%
Monaco,French Ligue 1,J6,53%,88% — 540 of 614,25% — 1 of 4,62% — 5 of 8
Toulouse,French Ligue 1,J6,45%,353 of 440 — 80%,6 of 19 — 32%,0 of 2 — 0%
Nantes,French Ligue 1,J6,55%,84% — 455 of 543,17% — 2 of 12,83% — 5 of 6
Paris S-G,French Ligue 1,J6,66%,631 of 699 — 90%,8 of 15 — 53%,2 of 2 — 100%
Auxerre,French Ligue 1,J6,34%,76% — 277 of 366,17% — 2 of 12,75% — 6 of 8
Cagliari,Italian Serie A,J5,42%,329 of 425 — 77%,0 of 6 — 0%,3 of 5 — 60%
Inter,Italian Serie A,J5,58%,82% — 476 of 577,25% — 5 of 20,% — 0 of 0
Nice,French Ligue 1,J6,44%,340 of 426 — 80%,5 of 11 — 45%,2 of 2 — 100%
Paris FC,French Ligue 1,J6,56%,84% — 463 of 551,17% — 2 of 12,80% — 4 of 5
Metz,French Ligue 1,J6,52%,401 of 463 — 87%,0 of 7 — 0%,2 of 2 — 100%
Le Havre,French Ligue 1,J6,48%,80% — 335 of 420,20% — 2 of 10,% — 0 of 0
Lille,French Ligue 1,J6,54%,376 of 464 — 81%,3 of 14 — 21%,1 of 2 — 50%
Lyon,French Ligue 1,J6,46%,80% — 318 of 397,40% — 2 of 5,100% — 3 of 3
Angers,French Ligue 1,J6,57%,419 of 522 — 80%,2 of 11 — 18%,1 of 2 — 50%
Brest,French Ligue 1,J6,43%,72% — 287 of 401,33% — 2 of 6,100% — 2 of 2
Rennes,French Ligue 1,J6,66%,491 of 575 — 85%,2 of 14 — 14%,2 of 2 — 100%
Lens,French Ligue 1,J6,34%,69% — 205 of 297,15% — 2 of 13,100% — 2 of 2
Paris FC,French Ligue 1,J7,58%,613 of 684 — 90%,2 of 10 — 20%,3 of 3 — 100%
Lorient,French Ligue 1,J7,42%,82% — 406 of 495,38% — 3 of 8,0% — 0 of 2
Metz,French Ligue 1,J7,38%,340 of 410 — 83%,1 of 4 — 25%,6 of 9 — 66%
Marseille,French Ligue 1,J7,62%,90% — 600 of 663,43% — 9 of 21,100% — 1 of 1
Brest,French Ligue 1,J7,51%,347 of 440 — 79%,5 of 17 — 29%,0 of 0 — %
Nantes,French Ligue 1,J7,49%,82% — 349 of 425,0% — 0 of 6,100% — 5 of 5
Auxerre,French Ligue 1,J7,57%,450 of 560 — 80%,2 of 18 — 11%,2 of 4 — 50%
Lens,French Ligue 1,J7,43%,81% — 341 of 420,57% — 4 of 7,50% — 1 of 2
Lyon,French Ligue 1,J7,69%,529 of 630 — 84%,3 of 13 — 23%,2 of 4 — 50%
Toulouse,French Ligue 1,J7,31%,69% — 198 of 285,29% — 4 of 14,66% — 2 of 3
Sassuolo,Italian Serie A,J5,45%,273 of 356 — 77%,5 of 11 — 45%,4 of 5 — 80%
Udinese,Italian Serie A,J5,55%,82% — 364 of 443,42% — 5 of 12,40% — 2 of 5
Strasbourg,French Ligue 1,J7,65%,721 of 805 — 90%,12 of 18 — 67%,1 of 1 — 100%
Angers,French Ligue 1,J7,35%,77% — 337 of 438,20% — 1 of 5,58% — 7 of 12
Monaco,French Ligue 1,J7,65%,479 of 582 — 82%,4 of 18 — 22%,0 of 1 — 0%
Nice,French Ligue 1,J7,35%,66% — 205 of 311,13% — 1 of 8,100% — 4 of 4
Le Havre,French Ligue 1,J7,43%,356 of 456 — 78%,1 of 9 — 11%,1 of 3 — 33%
Rennes,French Ligue 1,J7,57%,82% — 487 of 595,33% — 3 of 9,0% — 0 of 1
Lille,French Ligue 1,J7,38%,340 of 423 — 80%,3 of 9 — 33%,4 of 5 — 80%
Paris S-G,French Ligue 1,J7,62%,91% — 615 of 679,29% — 5 of 17,66% — 2 of 3
Paris S-G,French Ligue 1,J8,71%,742 of 818 — 91%,8 of 20 — 40%,4 of 7 — 57%
Strasbourg,French Ligue 1,J8,29%,81% — 269 of 333,58% — 7 of 12,75% — 6 of 8
Nice,French Ligue 1,J8,31%,206 of 279 — 74%,4 of 5 — 80%,4 of 6 — 66%
Lyon,French Ligue 1,J8,69%,82% — 507 of 615,21% — 6 of 28,25% — 1 of 4
Angers,French Ligue 1,J8,42%,347 of 436 — 80%,3 of 16 — 19%,3 of 4 — 75%
Monaco,French Ligue 1,J8,58%,85% — 522 of 611,36% — 4 of 11,66% — 2 of 3
Marseille,French Ligue 1,J8,73%,657 of 717 — 92%,10 of 17 — 59%,1 of 3 — 33%
Le Havre,French Ligue 1,J8,27%,74% — 192 of 260,38% — 3 of 8,50% — 5 of 10
Lens,French Ligue 1,J8,43%,356 of 459 — 78%,2 of 10 — 20%,2 of 3 — 66%
Paris FC,French Ligue 1,J8,57%,84% — 506 of 604,33% — 3 of 9,0% — 0 of 2
Rennes,French Ligue 1,J8,51%,373 of 467 — 80%,7 of 19 — 37%,2 of 3 — 66%
Auxerre,French Ligue 1,J8,49%,76% — 339 of 445,50% — 3 of 6,71% — 5 of 7
Roma,Italian Serie A,J5,57%,345 of 486 — 71%,5 of 10 — 50%,3 of 3 — 100%
Hellas Verona,Italian Serie A,J5,43%,66% — 240 of 365,25% — 3 of 12,60% — 3 of 5
Lorient,French Ligue 1,J8,50%,353 of 438 — 81%,7 of 12 — 58%,2 of 3 — 66%
Brest,French Ligue 1,J8,50%,82% — 363 of 443,43% — 3 of 7,57% — 4 of 7
Toulouse,French Ligue 1,J8,36%,301 of 364 — 83%,6 of 15 — 40%,2 of 2 — 100%
Metz,French Ligue 1,J8,64%,89% — 566 of 638,100% — 2 of 2,50% — 3 of 6
Nantes,French Ligue 1,J8,37%,247 of 341 — 72%,2 of 8 — 25%,3 of 5 — 60%
Lille,French Ligue 1,J8,63%,85% — 494 of 582,22% — 5 of 23,100% — 2 of 2
Paris FC,French Ligue 1,J9,67%,516 of 614 — 84%,3 of 14 — 21%,1 of 3 — 33%
Nantes,French Ligue 1,J9,33%,74% — 220 of 297,27% — 3 of 11,66% — 2 of 3
Brest,French Ligue 1,J9,25%,206 of 287 — 72%,2 of 7 — 29%,5 of 8 — 62%
Paris S-G,French Ligue 1,J9,75%,92% — 776 of 846,44% — 8 of 18,100% — 2 of 2
Monaco,French Ligue 1,J9,53%,347 of 451 — 77%,5 of 14 — 36%,2 of 2 — 100%
Toulouse,French Ligue 1,J9,47%,69% — 269 of 392,20% — 2 of 10,80% — 4 of 5
Lens,French Ligue 1,J9,32%,290 of 376 — 77%,4 of 7 — 57%,2 of 3 — 66%
Marseille,French Ligue 1,J9,68%,89% — 706 of 793,18% — 3 of 17,100% — 4 of 4
Lille,French Ligue 1,J9,62%,502 of 589 — 85%,12 of 23 — 52%,3 of 4 — 75%
Metz,French Ligue 1,J9,38%,75% — 275 of 365,40% — 4 of 10,50% — 6 of 12
Auxerre,French Ligue 1,J9,51%,316 of 408 — 77%,3 of 14 — 21%,3 of 4 — 75%
Le Havre,French Ligue 1,J9,49%,79% — 306 of 385,44% — 4 of 9,100% — 3 of 3
Angers,French Ligue 1,J9,38%,336 of 403 — 83%,4 of 7 — 57%,3 of 3 — 100%
Lorient,French Ligue 1,J9,62%,86% — 577 of 669,14% — 3 of 22,50% — 2 of 4
Pisa,Italian Serie A,J5,39%,180 of 269 — 67%,1 of 11 — 9%,2 of 2 — 100%
Fiorentina,Italian Serie A,J5,61%,79% — 333 of 422,14% — 2 of 14,100% — 1 of 1
Rennes,French Ligue 1,J9,58%,448 of 538 — 83%,7 of 18 — 39%,1 of 3 — 33%
Nice,French Ligue 1,J9,42%,77% — 297 of 388,38% — 3 of 8,85% — 6 of 7
Lyon,French Ligue 1,J9,48%,341 of 424 — 80%,2 of 7 — 29%,1 of 2 — 50%
Strasbourg,French Ligue 1,J9,52%,84% — 384 of 458,29% — 2 of 7,50% — 1 of 2
Lecce,Italian Serie A,J5,34%,183 of 284 — 64%,4 of 12 — 33%,3 of 4 — 75%
Bologna,Italian Serie A,J5,66%,83% — 462 of 558,31% — 4 of 13,50% — 2 of 4
Milan,Italian Serie A,J5,37%,308 of 374 — 82%,3 of 6 — 50%,6 of 6 — 100%
Napoli,Italian Serie A,J5,63%,88% — 570 of 649,33% — 6 of 18,33% — 1 of 3
Parma,Italian Serie A,J5,37%,210 of 297 — 71%,1 of 12 — 8%,3 of 4 — 75%
Torino,Italian Serie A,J5,63%,79% — 393 of 496,27% — 4 of 15,0% — 0 of 1
Cagliari,Italian Serie A,J1,45%,317 of 393 — 81%,5 of 14 — 36%,0 of 1 — 0%
Fiorentina,Italian Serie A,J1,55%,82% — 387 of 473,25% — 1 of 4,80% — 4 of 5
Genoa,Italian Serie A,J5,65%,466 of 562 — 83%,5 of 17 — 29%,2 of 5 — 40%
Lazio,Italian Serie A,J5,35%,70% — 210 of 301,56% — 5 of 9,100% — 5 of 5
Hellas Verona,Italian Serie A,J6,58%,371 of 484 — 77%,9 of 17 — 53%,1 of 2 — 50%
Sassuolo,Italian Serie A,J6,42%,75% — 261 of 348,20% — 2 of 10,100% — 9 of 9
Lazio,Italian Serie A,J6,49%,357 of 446 — 80%,3 of 8 — 38%,5 of 8 — 62%
Torino,Italian Serie A,J6,51%,80% — 378 of 471,50% — 8 of 16,33% — 1 of 3
Parma,Italian Serie A,J6,62%,406 of 513 — 79%,2 of 10 — 20%,2 of 3 — 66%
Lecce,Italian Serie A,J6,38%,65% — 199 of 308,43% — 3 of 7,100% — 2 of 2
Inter,Italian Serie A,J6,66%,560 of 657 — 85%,9 of 27 — 33%,1 of 2 — 50%
Cremonese,Italian Serie A,J6,34%,76% — 259 of 343,67% — 2 of 3,55% — 5 of 9
Atalanta,Italian Serie A,J6,51%,410 of 497 — 82%,3 of 16 — 19%,3 of 4 — 75%
Como,Italian Serie A,J6,49%,83% — 400 of 482,33% — 4 of 12,66% — 2 of 3
Udinese,Italian Serie A,J6,60%,396 of 486 — 81%,4 of 23 — 17%,1 of 2 — 50%
Cagliari,Italian Serie A,J6,40%,71% — 235 of 329,25% — 2 of 8,75% — 3 of 4
Bologna,Italian Serie A,J6,71%,515 of 592 — 87%,7 of 24 — 29%,0 of 0 — %
Pisa,Italian Serie A,J6,29%,67% — 164 of 246,0% — 0 of 2,42% — 3 of 7
Fiorentina,Italian Serie A,J6,45%,316 of 413 — 77%,3 of 11 — 27%,1 of 3 — 33%
Roma,Italian Serie A,J6,55%,81% — 403 of 498,38% — 3 of 8,66% — 2 of 3
Napoli,Italian Serie A,J6,68%,496 of 606 — 82%,5 of 12 — 42%,0 of 1 — 0%
Genoa,Italian Serie A,J6,32%,66% — 184 of 279,17% — 1 of 6,60% — 3 of 5
Como,Italian Serie A,J1,63%,511 of 575 — 89%,6 of 19 — 32%,1 of 1 — 100%
Lazio,Italian Serie A,J1,38%,83% — 288 of 345,20% — 1 of 5,66% — 4 of 6
Juventus,Italian Serie A,J6,51%,441 of 517 — 85%,3 of 12 — 25%,4 of 4 — 100%
Milan,Italian Serie A,J6,49%,88% — 437 of 497,33% — 4 of 12,100% — 3 of 3
Pisa,Italian Serie A,J7,58%,405 of 502 — 81%,0 of 7 — 0%,3 of 3 — 100%
Hellas Verona,Italian Serie A,J7,42%,66% — 238 of 363,20% — 3 of 15,% — 0 of 0
Lecce,Italian Serie A,J7,52%,365 of 461 — 79%,2 of 11 — 18%,2 of 2 — 100%
Sassuolo,Italian Serie A,J7,48%,77% — 328 of 428,22% — 2 of 9,100% — 2 of 2
Torino,Italian Serie A,J7,32%,229 of 316 — 72%,2 of 12 — 17%,5 of 5 — 100%
Napoli,Italian Serie A,J7,68%,85% — 571 of 668,23% — 5 of 22,50% — 1 of 2
Roma,Italian Serie A,J7,57%,467 of 556 — 84%,5 of 15 — 33%,2 of 3 — 66%
Inter,Italian Serie A,J7,43%,75% — 314 of 418,25% — 3 of 12,100% — 5 of 5
Como,Italian Serie A,J7,45%,319 of 401 — 80%,6 of 12 — 50%,3 of 3 — 100%
Juventus,Italian Serie A,J7,55%,82% — 396 of 482,20% — 3 of 15,66% — 4 of 6
Cagliari,Italian Serie A,J7,43%,266 of 358 — 74%,3 of 4 — 75%,5 of 7 — 71%
Bologna,Italian Serie A,J7,57%,83% — 390 of 470,70% — 7 of 10,100% — 3 of 3
Genoa,Italian Serie A,J7,67%,500 of 591 — 85%,6 of 22 — 27%,0 of 0 — %
Parma,Italian Serie A,J7,33%,66% — 189 of 285,0% — 0 of 1,100% — 6 of 6
Atalanta,Italian Serie A,J7,58%,587 of 664 — 88%,6 of 16 — 38%,1 of 1 — 100%
Lazio,Italian Serie A,J7,42%,86% — 406 of 474,25% — 1 of 4,100% — 6 of 6
Bayern Munich,German Bundesliga,J1,63%,621 of 691 — 90%,9 of 19 — 47%,1 of 1 — 100%
RB Leipzig,German Bundesliga,J1,37%,81% — 329 of 406,8% — 1 of 12,33% — 3 of 9
Eint Frankfurt,German Bundesliga,J1,53%,432 of 520 — 83%,5 of 18 — 28%,4 of 5 — 80%
Werder Bremen,German Bundesliga,J1,47%,81% — 376 of 466,50% — 5 of 10,20% — 1 of 5
Freiburg,German Bundesliga,J1,61%,399 of 514 — 78%,3 of 15 — 20%,2 of 5 — 40%
Augsburg,German Bundesliga,J1,39%,68% — 227 of 334,36% — 5 of 14,100% — 3 of 3
Milan,Italian Serie A,J7,56%,450 of 522 — 86%,3 of 13 — 23%,0 of 1 — 0%
Fiorentina,Italian Serie A,J7,44%,80% — 330 of 412,20% — 1 of 5,66% — 2 of 3
Union Berlin,German Bundesliga,J1,25%,140 of 230 — 61%,2 of 8 — 25%,5 of 6 — 83%
Stuttgart,German Bundesliga,J1,75%,85% — 575 of 675,29% — 6 of 21,0% — 0 of 2
Heidenheim,German Bundesliga,J1,49%,344 of 431 — 80%,2 of 7 — 29%,2 of 4 — 50%
Wolfsburg,German Bundesliga,J1,51%,79% — 355 of 450,29% — 4 of 14,50% — 1 of 2
Leverkusen,German Bundesliga,J1,60%,518 of 618 — 84%,2 of 7 — 29%,3 of 5 — 60%
Hoffenheim,German Bundesliga,J1,40%,80% — 335 of 419,50% — 5 of 10,50% — 1 of 2
St. Pauli,German Bundesliga,J1,51%,425 of 540 — 79%,6 of 10 — 60%,3 of 6 — 50%
Dortmund,German Bundesliga,J1,49%,85% — 439 of 514,86% — 6 of 7,66% — 4 of 6
Mainz 05,German Bundesliga,J1,51%,337 of 460 — 73%,2 of 19 — 11%,1 of 2 — 50%
Köln,German Bundesliga,J1,49%,80% — 348 of 437,17% — 2 of 12,100% — 2 of 2
Gladbach,German Bundesliga,J1,61%,512 of 606 — 84%,4 of 17 — 24%,1 of 1 — 100%
Hamburger SV,German Bundesliga,J1,39%,78% — 306 of 394,14% — 1 of 7,100% — 4 of 4
Hamburger SV,German Bundesliga,J2,47%,388 of 475 — 82%,2 of 5 — 40%,4 of 6 — 66%
St. Pauli,German Bundesliga,J2,53%,79% — 421 of 532,35% — 6 of 17,100% — 2 of 2
Werder Bremen,German Bundesliga,J2,45%,411 of 496 — 83%,4 of 11 — 36%,1 of 3 — 33%
Leverkusen,German Bundesliga,J2,55%,87% — 531 of 613,33% — 3 of 9,50% — 2 of 4
Stuttgart,German Bundesliga,J2,51%,462 of 536 — 86%,5 of 13 — 38%,6 of 6 — 100%
Gladbach,German Bundesliga,J2,49%,81% — 421 of 518,40% — 6 of 15,80% — 4 of 5
Hoffenheim,German Bundesliga,J2,58%,427 of 535 — 80%,5 of 17 — 29%,3 of 6 — 50%
Eint Frankfurt,German Bundesliga,J2,42%,74% — 289 of 388,67% — 6 of 9,80% — 4 of 5
Atalanta,Italian Serie A,J1,66%,513 of 611 — 84%,6 of 21 — 29%,2 of 2 — 100%
Pisa,Italian Serie A,J1,34%,73% — 234 of 321,18% — 2 of 11,83% — 5 of 6
Cremonese,Italian Serie A,J7,52%,305 of 407 — 75%,3 of 11 — 27%,0 of 1 — 0%
Udinese,Italian Serie A,J7,48%,79% — 299 of 378,13% — 1 of 8,66% — 2 of 3
RB Leipzig,German Bundesliga,J2,65%,488 of 575 — 85%,5 of 19 — 26%,3 of 3 — 100%
Heidenheim,German Bundesliga,J2,35%,69% — 213 of 307,60% — 3 of 5,60% — 3 of 5
Augsburg,German Bundesliga,J2,43%,321 of 419 — 77%,3 of 10 — 30%,7 of 10 — 70%
Bayern Munich,German Bundesliga,J2,57%,83% — 462 of 556,50% — 10 of 20,33% — 1 of 3
Wolfsburg,German Bundesliga,J2,40%,259 of 356 — 73%,3 of 11 — 27%,2 of 2 — 100%
Mainz 05,German Bundesliga,J2,60%,79% — 416 of 528,13% — 2 of 16,66% — 2 of 3
Dortmund,German Bundesliga,J2,65%,660 of 743 — 89%,6 of 11 — 55%,3 of 3 — 100%
Union Berlin,German Bundesliga,J2,35%,77% — 311 of 402,25% — 3 of 12,50% — 3 of 6
Köln,German Bundesliga,J2,39%,299 of 383 — 78%,6 of 18 — 33%,1 of 2 — 50%
Freiburg,German Bundesliga,J2,61%,82% — 499 of 611,17% — 2 of 12,33% — 2 of 6
Leverkusen,German Bundesliga,J3,40%,264 of 345 — 77%,6 of 17 — 35%,1 of 2 — 50%
Eint Frankfurt,German Bundesliga,J3,60%,84% — 440 of 526,15% — 2 of 13,66% — 4 of 6
Union Berlin,German Bundesliga,J3,43%,259 of 386 — 67%,6 of 20 — 30%,4 of 6 — 66%
Hoffenheim,German Bundesliga,J3,57%,76% — 385 of 505,86% — 6 of 7,66% — 4 of 6
Freiburg,German Bundesliga,J3,46%,294 of 419 — 70%,5 of 13 — 38%,1 of 2 — 50%
Stuttgart,German Bundesliga,J3,54%,82% — 398 of 488,29% — 2 of 7,60% — 3 of 5
Wolfsburg,German Bundesliga,J3,55%,412 of 490 — 84%,6 of 14 — 43%,5 of 8 — 62%
Köln,German Bundesliga,J3,45%,78% — 314 of 405,57% — 8 of 14,50% — 3 of 6
Mainz 05,German Bundesliga,J3,56%,360 of 506 — 71%,2 of 13 — 15%,2 of 3 — 66%
RB Leipzig,German Bundesliga,J3,44%,70% — 277 of 395,16% — 3 of 19,100% — 2 of 2
Milan,Italian Serie A,J8,68%,584 of 666 — 88%,7 of 20 — 35%,0 of 1 — 0%
Pisa,Italian Serie A,J8,32%,77% — 243 of 317,14% — 1 of 7,71% — 5 of 7
Heidenheim,German Bundesliga,J3,25%,188 of 273 — 69%,1 of 6 — 17%,6 of 8 — 75%
Dortmund,German Bundesliga,J3,75%,89% — 741 of 836,47% — 8 of 17,100% — 1 of 1
Bayern Munich,German Bundesliga,J3,70%,735 of 809 — 91%,11 of 21 — 52%,2 of 2 — 100%
Hamburger SV,German Bundesliga,J3,30%,81% — 285 of 350,22% — 2 of 9,63% — 7 of 11
St. Pauli,German Bundesliga,J3,56%,466 of 587 — 79%,6 of 12 — 50%,4 of 5 — 80%
Augsburg,German Bundesliga,J3,44%,79% — 364 of 458,50% — 5 of 10,66% — 4 of 6
Gladbach,German Bundesliga,J3,54%,451 of 553 — 82%,2 of 19 — 11%,3 of 6 — 50%
Werder Bremen,German Bundesliga,J3,46%,81% — 376 of 462,50% — 6 of 12,100% — 2 of 2
Stuttgart,German Bundesliga,J4,54%,494 of 574 — 86%,7 of 16 — 44%,2 of 2 — 100%
St. Pauli,German Bundesliga,J4,46%,76% — 367 of 485,22% — 2 of 9,71% — 5 of 7
Werder Bremen,German Bundesliga,J4,61%,503 of 596 — 84%,4 of 11 — 36%,3 of 4 — 75%
Freiburg,German Bundesliga,J4,39%,77% — 297 of 384,44% — 4 of 9,100% — 4 of 4
Augsburg,German Bundesliga,J4,60%,452 of 554 — 82%,5 of 18 — 28%,0 of 4 — 0%
Mainz 05,German Bundesliga,J4,40%,70% — 259 of 370,33% — 4 of 12,80% — 4 of 5
Hoffenheim,German Bundesliga,J4,38%,277 of 369 — 75%,3 of 12 — 25%,6 of 8 — 75%
Bayern Munich,German Bundesliga,J4,62%,87% — 519 of 596,50% — 8 of 16,66% — 2 of 3
Hamburger SV,German Bundesliga,J4,49%,354 of 425 — 83%,9 of 22 — 41%,6 of 7 — 85%
Heidenheim,German Bundesliga,J4,51%,80% — 356 of 444,33% — 7 of 21,77% — 7 of 9
RB Leipzig,German Bundesliga,J4,47%,389 of 460 — 85%,8 of 18 — 44%,0 of 1 — 0%
Köln,German Bundesliga,J4,53%,84% — 436 of 521,8% — 1 of 13,62% — 5 of 8
Udinese,Italian Serie A,J8,44%,286 of 391 — 73%,4 of 8 — 50%,1 of 3 — 33%
Lecce,Italian Serie A,J8,56%,77% — 379 of 491,23% — 3 of 13,25% — 1 of 4
Eint Frankfurt,German Bundesliga,J4,77%,622 of 730 — 85%,9 of 18 — 50%,1 of 5 — 20%
Union Berlin,German Bundesliga,J4,23%,57% — 128 of 223,45% — 5 of 11,77% — 7 of 9
Leverkusen,German Bundesliga,J4,61%,628 of 705 — 89%,8 of 13 — 62%,6 of 7 — 85%
Gladbach,German Bundesliga,J4,39%,83% — 371 of 446,54% — 7 of 13,87% — 7 of 8
Dortmund,German Bundesliga,J4,56%,495 of 588 — 84%,4 of 12 — 33%,0 of 0 — %
Wolfsburg,German Bundesliga,J4,44%,82% — 379 of 460,0% — 0 of 9,75% — 3 of 4
Bayern Munich,German Bundesliga,J5,59%,610 of 701 — 87%,11 of 25 — 44%,3 of 3 — 100%
Werder Bremen,German Bundesliga,J5,41%,79% — 382 of 485,33% — 3 of 9,72% — 8 of 11
Mainz 05,German Bundesliga,J5,49%,293 of 412 — 71%,2 of 8 — 25%,2 of 4 — 50%
Dortmund,German Bundesliga,J5,51%,76% — 328 of 432,40% — 4 of 10,100% — 2 of 2
St. Pauli,German Bundesliga,J5,50%,403 of 510 — 79%,5 of 13 — 38%,2 of 4 — 50%
Leverkusen,German Bundesliga,J5,50%,84% — 433 of 515,80% — 4 of 5,80% — 4 of 5
Wolfsburg,German Bundesliga,J5,50%,395 of 490 — 81%,4 of 22 — 18%,5 of 6 — 83%
RB Leipzig,German Bundesliga,J5,50%,79% — 385 of 486,32% — 6 of 19,100% — 4 of 4
Heidenheim,German Bundesliga,J5,48%,297 of 412 — 72%,5 of 11 — 45%,1 of 2 — 50%
Augsburg,German Bundesliga,J5,52%,79% — 352 of 447,25% — 2 of 8,60% — 3 of 5
Gladbach,German Bundesliga,J5,39%,319 of 408 — 78%,8 of 11 — 73%,1 of 7 — 14%
Eint Frankfurt,German Bundesliga,J5,61%,83% — 519 of 627,33% — 7 of 21,50% — 4 of 8
Freiburg,German Bundesliga,J5,43%,219 of 337 — 65%,1 of 6 — 17%,3 of 4 — 75%
Hoffenheim,German Bundesliga,J5,57%,74% — 332 of 449,27% — 4 of 15,0% — 0 of 1
Parma,Italian Serie A,J8,30%,191 of 271 — 70%,3 of 10 — 30%,2 of 2 — 100%
Como,Italian Serie A,J8,70%,88% — 562 of 637,33% — 2 of 6,100% — 3 of 3
Köln,German Bundesliga,J5,43%,328 of 416 — 79%,5 of 15 — 33%,3 of 4 — 75%
Stuttgart,German Bundesliga,J5,57%,83% — 456 of 551,29% — 4 of 14,80% — 4 of 5
Union Berlin,German Bundesliga,J5,35%,216 of 311 — 69%,1 of 10 — 10%,6 of 6 — 100%
Hamburger SV,German Bundesliga,J5,65%,86% — 496 of 579,38% — 6 of 16,100% — 1 of 1
Hoffenheim,German Bundesliga,J6,61%,454 of 572 — 79%,4 of 15 — 27%,3 of 4 — 75%
Köln,German Bundesliga,J6,39%,73% — 264 of 364,40% — 4 of 10,100% — 4 of 4
Dortmund,German Bundesliga,J6,51%,444 of 542 — 82%,3 of 15 — 20%,2 of 3 — 66%
RB Leipzig,German Bundesliga,J6,49%,82% — 438 of 531,23% — 3 of 13,66% — 2 of 3
Augsburg,German Bundesliga,J6,47%,313 of 423 — 74%,5 of 10 — 50%,3 of 4 — 75%
Wolfsburg,German Bundesliga,J6,53%,81% — 380 of 472,29% — 4 of 14,40% — 2 of 5
Werder Bremen,German Bundesliga,J6,41%,374 of 486 — 77%,5 of 15 — 33%,3 of 3 — 100%
St. Pauli,German Bundesliga,J6,59%,82% — 577 of 705,23% — 3 of 13,80% — 4 of 5
Leverkusen,German Bundesliga,J6,73%,769 of 849 — 91%,3 of 20 — 15%,3 of 3 — 100%
Union Berlin,German Bundesliga,J6,27%,71% — 222 of 314,30% — 3 of 10,33% — 1 of 3
Eint Frankfurt,German Bundesliga,J6,40%,394 of 491 — 80%,1 of 6 — 17%,0 of 3 — 0%
Bayern Munich,German Bundesliga,J6,60%,89% — 662 of 748,25% — 3 of 12,100% — 1 of 1
Stuttgart,German Bundesliga,J6,64%,560 of 668 — 84%,6 of 18 — 33%,1 of 1 — 100%
Heidenheim,German Bundesliga,J6,36%,71% — 268 of 379,20% — 1 of 5,83% — 5 of 6
Hamburger SV,German Bundesliga,J6,36%,214 of 321 — 67%,9 of 15 — 60%,4 of 4 — 100%
Mainz 05,German Bundesliga,J6,64%,82% — 467 of 573,36% — 4 of 11,55% — 5 of 9
Napoli,Italian Serie A,J8,43%,355 of 447 — 79%,2 of 6 — 33%,2 of 2 — 100%
Inter,Italian Serie A,J8,57%,85% — 492 of 582,14% — 2 of 14,0% — 0 of 2
Gladbach,German Bundesliga,J6,52%,418 of 496 — 84%,5 of 9 — 56%,1 of 1 — 100%
Freiburg,German Bundesliga,J6,48%,81% — 371 of 460,8% — 1 of 12,100% — 5 of 5
Union Berlin,German Bundesliga,J7,38%,220 of 324 — 68%,5 of 16 — 31%,1 of 2 — 50%
Gladbach,German Bundesliga,J7,62%,81% — 437 of 539,25% — 2 of 8,40% — 2 of 5
Wolfsburg,German Bundesliga,J7,41%,332 of 444 — 75%,3 of 11 — 27%,4 of 7 — 57%
Stuttgart,German Bundesliga,J7,59%,81% — 526 of 651,47% — 7 of 15,100% — 3 of 3
RB Leipzig,German Bundesliga,J7,47%,419 of 505 — 83%,4 of 10 — 40%,2 of 3 — 66%
Hamburger SV,German Bundesliga,J7,53%,82% — 471 of 571,20% — 3 of 15,50% — 2 of 4
Köln,German Bundesliga,J7,57%,405 of 551 — 74%,2 of 9 — 22%,3 of 3 — 100%
Augsburg,German Bundesliga,J7,43%,72% — 306 of 424,33% — 3 of 9,50% — 1 of 2
Heidenheim,German Bundesliga,J7,56%,425 of 530 — 80%,11 of 31 — 35%,2 of 4 — 50%
Werder Bremen,German Bundesliga,J7,44%,77% — 325 of 422,36% — 4 of 11,81% — 9 of 11
Mainz 05,German Bundesliga,J7,43%,312 of 436 — 72%,3 of 11 — 27%,3 of 6 — 50%
Leverkusen,German Bundesliga,J7,57%,80% — 470 of 584,32% — 6 of 19,33% — 1 of 3
Bayern Munich,German Bundesliga,J7,61%,544 of 626 — 87%,7 of 15 — 47%,0 of 1 — 0%
Dortmund,German Bundesliga,J7,39%,76% — 307 of 405,13% — 1 of 8,71% — 5 of 7
Freiburg,German Bundesliga,J7,51%,381 of 484 — 79%,5 of 12 — 42%,1 of 3 — 33%
Eint Frankfurt,German Bundesliga,J7,49%,75% — 345 of 459,38% — 3 of 8,60% — 3 of 5
St. Pauli,German Bundesliga,J7,50%,343 of 475 — 72%,2 of 10 — 20%,2 of 5 — 40%
Hoffenheim,German Bundesliga,J7,50%,79% — 373 of 473,36% — 5 of 14,100% — 2 of 2
Cremonese,Italian Serie A,J8,34%,197 of 301 — 65%,5 of 9 — 56%,5 of 6 — 83%
Atalanta,Italian Serie A,J8,66%,81% — 469 of 577,30% — 6 of 20,80% — 4 of 5
Werder Bremen,German Bundesliga,J8,57%,443 of 554 — 80%,3 of 16 — 19%,2 of 2 — 100%
Union Berlin,German Bundesliga,J8,43%,71% — 293 of 412,17% — 2 of 12,66% — 2 of 3
Hoffenheim,German Bundesliga,J8,59%,454 of 573 — 79%,7 of 14 — 50%,2 of 3 — 66%
Heidenheim,German Bundesliga,J8,41%,70% — 276 of 394,25% — 3 of 12,57% — 4 of 7
Augsburg,German Bundesliga,J8,50%,510 of 614 — 83%,2 of 15 — 13%,2 of 8 — 25%
RB Leipzig,German Bundesliga,J8,50%,86% — 528 of 611,53% — 8 of 15,100% — 2 of 2
Hamburger SV,German Bundesliga,J8,61%,447 of 569 — 79%,5 of 25 — 20%,1 of 2 — 50%
Wolfsburg,German Bundesliga,J8,39%,73% — 261 of 358,33% — 2 of 6,100% — 5 of 5
Eint Frankfurt,German Bundesliga,J8,51%,500 of 586 — 85%,6 of 10 — 60%,1 of 1 — 100%
St. Pauli,German Bundesliga,J8,49%,82% — 458 of 560,11% — 1 of 9,66% — 4 of 6
Gladbach,German Bundesliga,J8,18%,134 of 208 — 64%,0 of 0 — %,7 of 10 — 70%
Bayern Munich,German Bundesliga,J8,82%,91% — 863 of 948,37% — 10 of 27,% — 0 of 0
Dortmund,German Bundesliga,J8,69%,572 of 668 — 86%,9 of 27 — 33%,0 of 0 — %
Köln,German Bundesliga,J8,31%,74% — 221 of 297,0% — 0 of 5,88% — 8 of 9
Leverkusen,German Bundesliga,J8,69%,732 of 794 — 92%,4 of 19 — 21%,3 of 3 — 100%
Freiburg,German Bundesliga,J8,31%,79% — 282 of 356,30% — 3 of 10,50% — 2 of 4
Stuttgart,German Bundesliga,J8,59%,414 of 524 — 79%,8 of 19 — 42%,1 of 1 — 100%
Mainz 05,German Bundesliga,J8,41%,67% — 248 of 369,8% — 1 of 12,75% — 6 of 8
Torino,Italian Serie A,J8,59%,430 of 552 — 78%,6 of 13 — 46%,2 of 3 — 66%
Genoa,Italian Serie A,J8,41%,76% — 291 of 384,27% — 3 of 11,83% — 5 of 6
Sassuolo,Italian Serie A,J8,41%,274 of 370 — 74%,1 of 11 — 9%,7 of 8 — 87%
Roma,Italian Serie A,J8,59%,79% — 417 of 525,53% — 8 of 15,100% — 1 of 1
Hellas Verona,Italian Serie A,J8,38%,267 of 386 — 69%,6 of 10 — 60%,1 of 3 — 33%
Cagliari,Italian Serie A,J8,62%,83% — 532 of 641,43% — 3 of 7,66% — 4 of 6
Fiorentina,Italian Serie A,J8,50%,278 of 373 — 75%,4 of 17 — 24%,1 of 3 — 33%
Bologna,Italian Serie A,J8,50%,74% — 272 of 368,50% — 3 of 6,100% — 4 of 4
Juventus,Italian Serie A,J1,64%,483 of 549 — 88%,8 of 25 — 32%,1 of 1 — 100%
Parma,Italian Serie A,J1,36%,71% — 222 of 313,13% — 1 of 8,75% — 6 of 8
Lazio,Italian Serie A,J8,40%,290 of 372 — 78%,3 of 13 — 23%,5 of 5 — 100%
Juventus,Italian Serie A,J8,60%,83% — 459 of 551,36% — 5 of 14,66% — 2 of 3
Udinese,Italian Serie A,J1,62%,440 of 526 — 84%,4 of 14 — 29%,2 of 3 — 66%
Hellas Verona,Italian Serie A,J1,38%,72% — 231 of 321,33% — 3 of 9,75% — 3 of 4
Liverpool,English Premier League,J1,61%,430 of 539 — 80%,10 of 19 — 53%,1 of 3 — 33%
Bournemouth,English Premier League,J1,39%,67% — 229 of 343,30% — 3 of 10,60% — 6 of 10
Aston Villa,English Premier League,J1,41%,243 of 345 — 70%,3 of 3 — 100%,3 of 3 — 100%
Newcastle Utd,English Premier League,J1,59%,81% — 403 of 499,19% — 3 of 16,100% — 3 of 3
Sunderland,English Premier League,J1,38%,268 of 360 — 74%,5 of 10 — 50%,3 of 3 — 100%
West Ham,English Premier League,J1,63%,83% — 496 of 600,25% — 3 of 12,40% — 2 of 5
Tottenham,English Premier League,J1,66%,477 of 559 — 85%,6 of 16 — 38%,4 of 4 — 100%
Burnley,English Premier League,J1,34%,70% — 197 of 282,29% — 4 of 14,50% — 3 of 6
Brighton,English Premier League,J1,49%,388 of 454 — 85%,3 of 9 — 33%,1 of 2 — 50%
Fulham,English Premier League,J1,51%,81% — 376 of 466,29% — 2 of 7,100% — 3 of 3
Wolves,English Premier League,J1,42%,354 of 445 — 80%,3 of 9 — 33%,0 of 4 — 0%
Manchester City,English Premier League,J1,58%,89% — 535 of 603,27% — 4 of 15,100% — 3 of 3
Nott'ham Forest,English Premier League,J1,55%,354 of 453 — 78%,5 of 11 — 45%,2 of 2 — 100%
Brentford,English Premier League,J1,45%,76% — 284 of 376,22% — 2 of 9,40% — 2 of 5
