Player,Nation,General Position,Team,Age,Born,Matches Played,Starts,Minutes Played,Goals Against,Shots on Target Against,Saves,Clean Sheets,Penalty Kicks Attempted,Penalty Kicks Allowed,Penalty Kicks Saved,Penalty Kicks Missed,Post-Shot Expected Goals,Launched Passes Completed,Launched Passes Attempted,Passes Attempted (GK),Through Balls,Goal Kicks Attempted,Crosses Opposed,Crosses Stopped,Defensive Actions Outside Penalty Area,Penalties Winner,Efficiency,Matches,% Saves,% Long Passes,% Crosses Stopped,PSxG/Save
AJ Marcucci,USA,Goalkeeper,NY Red Bulls,26,1999,2,2,180,1.0,2.5,1.5,0.0,0.0,0.0,0.0,0.0,0.7,2.5,12.0,29.5,5.0,5.0,8.5,0.5,2.0,0.0,-1.0,0.5,60.0,0.0,50.0,0.0
Abu Kamara,ITA,Goalkeeper,Padova,28,1997,9,9,810,1.22,4.0,2.67,0.33,0.22,0.11,0.11,0.0,1.39,4.22,14.78,25.56,3.22,6.89,18.11,1.56,0.67,0.11,-1.22,0.11,66.75,0.0,156.0,0.0
Adam Beaudry,USA,Goalkeeper,Colorado Rapids,19,2006,1,1,90,3.0,5.0,3.0,0.0,0.0,0.0,0.0,0.0,2.2,4.0,18.0,21.0,6.0,6.0,4.0,0.0,0.0,0.0,-3.0,1.0,60.0,0.0,0.0,0.0
Agustín Marchesín,ARG,Goalkeeper,Boca Juniors,37,1988,25,25,2249,0.76,3.2,2.48,0.44,0.08,0.08,0.0,0.0,0.84,3.4,9.24,20.81,4.68,7.32,13.61,0.68,0.56,0.0,-0.76,0.04,77.5,0.0,68.0,0.0
Agustín Rossi,ARG,Goalkeeper,Flamengo,30,1995,40,40,3630,0.52,2.9,2.33,0.55,0.12,0.05,0.07,0.0,0.68,3.0,7.54,25.79,3.52,3.35,11.06,1.12,0.89,0.07,-0.52,0.05,80.34,0.0,112.0,0.0
Alan Aguerre,ARG,Goalkeeper,Cen. Córdoba–SdE,35,1990,33,33,2970,1.09,3.42,2.36,0.33,0.06,0.06,0.0,0.0,0.96,3.67,11.67,14.76,2.64,8.3,14.48,0.52,0.36,0.0,-1.09,0.06,69.01,0.0,52.0,0.0
Aldair Quintana,COL,Goalkeeper,CA Bucaramanga,31,1994,6,6,540,1.67,5.67,3.83,0.17,0.33,0.17,0.17,0.0,1.75,4.33,10.67,21.0,5.5,7.17,13.33,0.67,1.0,0.17,-1.67,0.17,67.55,0.0,67.0,0.0
Alec Smir,USA,Goalkeeper,Minnesota Utd,26,1999,2,1,161,1.68,5.03,3.35,0.0,0.0,0.0,0.0,0.0,1.68,5.59,21.24,22.36,1.68,6.15,17.89,0.0,1.12,0.0,-1.68,0.56,66.6,0.0,0.0,0.0
Alessandro Confente,ITA,Goalkeeper,Juve Stabia,27,1998,9,9,810,1.11,3.11,2.0,0.33,0.22,0.22,0.0,0.0,1.12,4.33,12.22,33.22,3.11,5.11,15.22,1.11,0.78,0.0,-1.11,0.11,64.31,0.0,111.0,0.0
Alex McCarthy,ENG,Goalkeeper,Southampton,35,1989,6,6,540,1.33,3.33,2.0,0.17,0.0,0.0,0.0,0.0,1.4,4.5,14.67,24.0,4.83,7.67,13.67,0.67,0.83,0.0,-1.33,0.17,60.06,0.0,67.0,0.0
Alex Muralha,BRA,Goalkeeper,Mirassol,35,1989,7,7,630,1.43,4.0,2.57,0.0,0.14,0.14,0.0,0.0,1.26,2.0,7.86,22.86,3.86,5.43,17.14,0.71,2.29,0.0,-1.43,0.14,64.25,0.0,71.0,0.0
Alex Palmer,ENG,Goalkeeper,Ipswich Town,29,1996,10,10,833,1.08,2.81,1.84,0.11,0.22,0.22,0.0,0.0,0.82,3.35,7.89,31.12,4.97,3.57,11.34,0.43,2.16,0.0,-1.08,0.11,65.48,0.0,43.0,0.0
Alexander Domínguez,ECU,Goalkeeper,LDU de Quito,38,1987,1,1,90,0.0,3.0,3.0,1.0,0.0,0.0,0.0,0.0,0.0,0.0,0.0,0.0,0.0,0.0,0.0,0.0,0.0,0.0,0.0,1.0,100.0,0.0,0.0,0.0
Alexis Martin Arias,ARG,Goalkeeper,Cerro Porteño,33,1992,5,5,450,1.4,5.2,3.8,0.4,0.2,0.2,0.0,0.0,1.4,7.4,16.2,20.0,3.0,11.2,16.4,0.2,0.4,0.0,-1.4,0.2,73.08,0.0,20.0,0.0
Alexis Villa,ECU,Goalkeeper,LDU de Quito,24,2001,1,0,14,0.0,0.0,0.0,6.43,0.0,0.0,0.0,0.0,0.0,12.86,38.57,25.71,0.0,12.86,12.86,0.0,0.0,0.0,0.0,6.43,,0.0,0.0,
Aljaž Ivačič,SVN,Goalkeeper,NE Revolution,31,1993,24,24,2160,1.46,4.21,2.75,0.33,0.17,0.17,0.0,0.0,1.3,3.46,11.54,18.25,2.38,8.25,12.21,0.38,0.46,0.0,-1.46,0.04,65.32,0.0,38.0,0.0
Anatolii Trubin,UKR,Goalkeeper,Benfica,24,2001,7,7,630,0.43,2.71,2.29,0.57,0.0,0.0,0.0,0.0,0.64,2.57,8.86,16.86,3.14,7.57,10.29,0.29,0.71,0.0,-0.43,0.14,84.5,0.0,29.0,0.0
Andre Blake,JAM,Goalkeeper,Philadelphia Union,34,1990,21,21,1827,0.84,3.15,2.32,0.39,0.1,0.1,0.0,0.0,1.06,4.98,10.74,21.97,2.96,4.83,10.49,0.44,1.43,0.0,-0.84,0.05,73.65,0.0,44.0,0.0
Andrea Fulignati,ITA,Goalkeeper,Empoli,30,1994,9,9,810,1.78,5.22,3.44,0.0,0.33,0.33,0.0,0.0,1.74,5.0,14.78,34.67,3.11,3.33,14.78,0.56,0.44,0.0,-1.78,0.11,65.9,0.0,56.0,0.0
Andreas Jungdal,DEN,Goalkeeper,Westerlo,23,2002,12,12,1080,1.75,4.33,2.58,0.33,0.08,0.0,0.08,0.0,1.58,5.92,15.75,29.08,3.33,3.58,13.75,0.67,1.67,0.08,-1.75,0.08,59.58,0.0,67.0,0.0
Andrew,BRA,Goalkeeper,Gil Vicente FC,24,2001,9,9,775,0.46,2.9,2.32,0.7,0.23,0.12,0.12,0.0,0.77,4.88,14.52,28.57,4.3,7.9,12.77,1.16,1.63,0.12,-0.46,0.12,80.0,0.0,116.0,0.0
Andrew Rick,USA,Goalkeeper,Philadelphia Union,19,2006,14,13,1233,1.31,2.99,1.68,0.44,0.22,0.22,0.0,0.0,1.23,5.55,16.06,17.88,2.34,7.74,10.73,0.22,0.73,0.0,-1.31,0.07,56.19,0.0,22.0,0.0
Andrew Tarbell,USA,Goalkeeper,Houston Dynamo,32,1993,4,4,306,2.06,4.41,2.35,0.29,0.0,0.0,0.0,0.0,1.79,3.53,9.71,24.71,4.41,3.82,9.12,0.29,1.18,0.0,-2.06,0.29,53.29,0.0,29.0,0.0
Andrew Thomas,RUS,Goalkeeper,Seattle Sounders,27,1998,8,8,720,2.12,5.62,3.62,0.12,0.5,0.5,0.0,0.0,1.86,1.38,6.88,18.38,5.25,6.38,13.25,1.12,0.25,0.0,-2.12,0.12,64.41,0.0,112.0,0.0
Andries Noppert,NED,Goalkeeper,Heerenveen,31,1994,4,4,360,1.75,4.5,2.75,0.0,0.0,0.0,0.0,0.0,1.1,5.25,15.5,36.75,5.5,4.0,11.75,1.75,2.0,0.0,-1.75,0.25,61.11,0.0,175.0,0.0
André Ferreira,POR,Goalkeeper,Moreirense,29,1996,1,1,90,3.0,13.0,10.0,0.0,2.0,2.0,0.0,0.0,4.9,4.0,20.0,37.0,5.0,6.0,16.0,0.0,0.0,0.0,-3.0,1.0,76.92,0.0,0.0,0.0
André Gomes,POR,Goalkeeper,Alverca,21,2004,8,8,720,1.75,4.62,2.75,0.25,0.5,0.25,0.12,0.12,1.6,2.88,13.25,17.88,3.25,6.5,18.0,1.12,0.12,0.25,-1.75,0.12,59.52,0.0,112.0,0.0
Andrés Desábato,ARG,Goalkeeper,Platense,35,1990,4,4,360,2.0,3.75,1.75,0.0,0.0,0.0,0.0,0.0,1.6,2.0,7.25,15.0,2.0,4.75,10.5,0.75,1.25,0.0,-2.0,0.25,46.67,0.0,75.0,0.0
Andrés Gudiño,MEX,Goalkeeper,Cruz Azul,28,1997,1,1,90,1.0,2.0,1.0,0.0,0.0,0.0,0.0,0.0,0.6,5.0,13.0,45.0,3.0,2.0,7.0,1.0,3.0,0.0,-1.0,1.0,50.0,0.0,100.0,0.0
Andrés Sánchez,MEX,Goalkeeper,Atlético,28,1997,15,15,1350,1.6,4.07,2.67,0.27,0.27,0.2,0.07,0.0,1.41,3.8,10.0,22.07,4.4,8.27,13.13,0.2,1.8,0.07,-1.6,0.07,65.6,0.0,20.0,0.0
Anthoni,BRA,Goalkeeper,Internacional,23,2002,23,22,2025,1.51,3.69,2.27,0.22,0.04,0.04,0.0,0.0,1.09,3.07,9.47,17.02,3.02,7.42,12.13,0.58,0.98,0.0,-1.51,0.09,61.52,0.0,58.0,0.0
Antonio Sánchez,MEX,Goalkeeper,Atlas,25,2000,1,1,90,3.0,5.0,2.0,0.0,1.0,1.0,0.0,0.0,3.0,3.0,15.0,14.0,2.0,10.0,34.0,1.0,2.0,0.0,-3.0,1.0,40.0,0.0,100.0,0.0
Antony Iannarilli,ITA,Goalkeeper,Avellino,34,1990,9,9,810,1.67,4.56,2.89,0.22,0.11,0.11,0.0,0.0,1.38,4.78,15.67,25.67,2.44,6.89,20.78,1.0,0.22,0.0,-1.67,0.11,63.38,0.0,100.0,0.0
Arthur Okonkwo,ENG,Goalkeeper,Wrexham,24,2001,9,8,721,1.25,3.5,2.37,0.25,0.0,0.0,0.0,0.0,0.97,6.49,15.73,17.1,2.87,8.86,15.98,1.12,0.37,0.0,-1.25,0.12,67.71,0.0,112.0,0.0
Axel Werner,ARG,Goalkeeper,Rosario Central,29,1996,4,3,271,0.0,1.66,1.66,1.0,0.0,0.0,0.0,0.0,0.53,4.32,12.62,16.61,4.32,8.97,13.95,0.66,0.33,0.0,0.0,0.33,100.0,0.0,66.0,0.0
Balázs Tóth,HUN,Goalkeeper,Blackburn,28,1997,11,11,990,1.55,4.36,2.91,0.18,0.18,0.18,0.0,0.0,1.25,4.27,16.09,29.09,4.27,4.45,12.64,0.55,1.91,0.0,-1.55,0.09,66.74,0.0,55.0,0.0
Ben Killip,ENG,Goalkeeper,Portsmouth,29,1995,2,1,155,1.16,5.23,4.06,0.58,0.0,0.0,0.0,0.0,1.39,8.71,24.97,44.13,5.81,6.39,19.16,0.58,1.74,0.0,-1.16,0.58,77.63,0.0,58.0,0.0
Benjamin Lundt,GER,Goalkeeper,St. Louis,30,1995,9,9,810,1.56,5.11,3.44,0.22,0.22,0.11,0.11,0.0,1.57,5.56,12.67,23.33,4.78,9.0,14.0,0.67,0.67,0.11,-1.56,0.11,67.32,0.0,67.0,0.0
Bernardo Fontes,BRA,Goalkeeper,Tondela,23,2002,9,9,810,1.89,6.33,4.56,0.11,0.22,0.22,0.0,0.0,2.14,4.33,12.44,26.78,4.22,5.67,14.78,0.33,1.56,0.0,-1.89,0.11,72.04,0.0,33.0,0.0
Bernt Klaverboer,NED,Goalkeeper,Heerenveen,20,2005,6,6,540,1.83,4.5,2.67,0.0,0.0,0.0,0.0,0.0,1.57,5.0,19.0,35.83,4.17,4.33,14.83,1.17,0.83,0.0,-1.83,0.17,59.33,0.0,117.0,0.0
Blake Gillingham,USA,Goalkeeper,Houston Dynamo,23,2002,4,3,294,1.22,4.59,3.37,0.61,0.0,0.0,0.0,0.0,1.87,2.45,11.94,25.41,5.51,5.2,13.47,0.61,1.22,0.0,-1.22,0.31,73.42,0.0,61.0,0.0
Brad Guzan,USA,Goalkeeper,Atlanta Utd,41,1984,26,26,2340,1.88,5.15,3.27,0.08,0.23,0.23,0.0,0.0,1.68,4.12,9.77,25.54,4.73,7.0,11.23,0.31,1.27,0.0,-1.88,0.04,63.5,0.0,31.0,0.0
Brad Stuver,USA,Goalkeeper,Austin,34,1991,34,34,3060,1.32,5.03,3.74,0.26,0.18,0.15,0.03,0.0,1.38,5.06,15.18,30.88,4.74,7.32,15.12,0.82,0.82,0.03,-1.32,0.03,74.35,0.0,82.0,0.0
Brayan Cortés,CHI,Goalkeeper,Colo-Colo,30,1995,7,7,630,2.57,5.57,3.0,0.14,0.14,0.14,0.0,0.0,1.69,2.86,14.29,14.14,2.0,7.0,13.71,1.14,0.43,0.0,-2.57,0.29,53.86,0.0,114.0,0.0
Brenno,BRA,Goalkeeper,Fortaleza,26,1999,6,6,540,1.17,3.83,2.5,0.17,0.17,0.0,0.17,0.0,1.3,4.0,11.0,16.33,3.83,8.67,12.83,0.17,0.33,0.17,-1.17,0.17,65.27,0.0,17.0,0.0
Brent Gabriël,BEL,Goalkeeper,Zulte Waregem,26,1999,12,12,1080,1.25,3.92,2.75,0.25,0.08,0.08,0.0,0.0,1.42,6.92,16.33,27.67,3.92,6.33,20.33,1.25,1.5,0.0,-1.25,0.08,70.15,0.0,125.0,0.0
Bruno Ferreira,BRA,Goalkeeper,Ceará,31,1994,22,22,1953,0.97,3.55,2.58,0.28,0.05,0.05,0.0,0.0,1.12,4.75,13.69,19.35,3.23,8.29,17.19,1.29,0.83,0.0,-0.97,0.05,72.68,0.0,129.0,0.0
C.J. dos Santos,USA,Goalkeeper,San Diego FC,25,2000,30,30,2700,1.27,4.17,2.9,0.33,0.2,0.17,0.03,0.0,1.31,1.2,3.57,29.57,4.57,4.33,9.1,0.6,1.53,0.03,-1.27,0.03,69.54,0.0,60.0,0.0
Caio Secco,BRA,Goalkeeper,Moreirense,34,1990,7,7,630,1.14,3.86,2.71,0.29,0.43,0.43,0.0,0.0,1.13,2.57,11.0,23.43,4.29,7.86,14.86,1.43,0.57,0.0,-1.14,0.14,70.21,0.0,143.0,0.0
Calvin Raatsie,NED,Goalkeeper,Excelsior,23,2002,2,2,180,3.0,8.0,5.0,0.0,0.0,0.0,0.0,0.0,2.65,6.5,19.0,55.0,4.0,5.5,12.0,1.0,4.5,0.0,-3.0,0.5,62.5,0.0,100.0,0.0
Camilo Vargas,COL,Goalkeeper,Atlas,36,1989,13,13,1170,2.15,5.31,3.0,0.08,0.46,0.23,0.15,0.08,1.76,3.85,12.85,27.38,3.08,8.62,17.31,0.31,0.54,0.23,-2.15,0.08,56.5,0.0,31.0,0.0
Carl Rushworth,ENG,Goalkeeper,Coventry City,24,2001,12,12,1080,0.75,3.25,2.5,0.5,0.17,0.17,0.0,0.0,1.01,6.5,21.5,32.33,3.0,7.25,12.67,0.67,1.75,0.0,-0.75,0.08,76.92,0.0,67.0,0.0
Carlos Acevedo,MEX,Goalkeeper,Santos,29,1996,15,15,1350,1.6,5.67,3.93,0.27,0.13,0.0,0.13,0.0,1.54,5.2,15.4,24.87,3.8,11.07,18.13,0.67,0.93,0.13,-1.6,0.07,69.31,0.0,67.0,0.0
Carlos Coronel,PAR,Goalkeeper,NY Red Bulls,28,1996,31,31,2790,1.35,4.52,3.19,0.32,0.1,0.06,0.03,0.0,1.54,3.03,12.13,27.0,4.9,5.58,11.71,0.77,1.87,0.03,-1.35,0.03,70.58,0.0,77.0,0.0
Carlos Lampe,BOL,Goalkeeper,Bolívar,38,1987,1,1,90,0.0,3.0,3.0,1.0,0.0,0.0,0.0,0.0,0.6,1.0,2.0,48.0,8.0,5.0,5.0,0.0,3.0,0.0,0.0,1.0,100.0,0.0,0.0,0.0
Carlos Miguel,BRA,Goalkeeper,Palmeiras,27,1998,3,3,270,2.0,4.67,3.0,0.33,0.67,0.67,0.0,0.0,1.03,3.67,9.67,17.0,2.33,4.0,5.67,1.0,0.33,0.0,-2.0,0.67,64.24,0.0,100.0,0.0
Carlos Moreno,MEX,Goalkeeper,Pachuca,27,1998,15,15,1350,1.27,3.6,2.4,0.27,0.2,0.2,0.0,0.0,0.91,6.13,14.47,32.87,6.4,6.53,12.27,1.13,2.33,0.0,-1.27,0.07,66.67,0.0,113.0,0.0
Caíque França,BRA,Goalkeeper,Sport Recife,30,1995,12,12,1080,1.67,4.92,3.33,0.17,0.33,0.25,0.0,0.08,1.48,3.67,8.83,18.58,4.33,8.17,13.67,0.83,0.92,0.08,-1.67,0.08,67.68,0.0,83.0,0.0
Cesar Ramos,MEX,Goalkeeper,Atlas,25,2000,1,1,90,2.0,4.0,2.0,0.0,0.0,0.0,0.0,0.0,1.8,6.0,19.0,19.0,1.0,11.0,12.0,1.0,0.0,0.0,-2.0,1.0,50.0,0.0,100.0,0.0
Cezary Miszta,POL,Goalkeeper,Rio Ave,23,2001,9,9,810,1.56,5.78,4.22,0.22,0.0,0.0,0.0,0.0,1.78,5.56,16.56,27.78,5.0,10.44,22.22,0.44,0.67,0.0,-1.56,0.11,73.01,0.0,44.0,0.0
Charles,BRA,Goalkeeper,Vitória,31,1994,4,4,360,2.0,5.25,3.5,0.0,0.0,0.0,0.0,0.0,1.62,3.0,12.0,30.0,3.0,6.25,8.75,0.5,0.75,0.0,-2.0,0.25,66.67,0.0,50.0,0.0
Chris Brady,USA,Goalkeeper,Chicago Fire,21,2004,28,28,2465,1.86,5.11,3.25,0.18,0.33,0.22,0.07,0.04,1.84,2.15,6.5,26.69,4.64,5.15,12.41,0.8,1.06,0.11,-1.86,0.04,63.6,0.0,80.0,0.0
Christian Walton,ENG,Goalkeeper,Ipswich Town,29,1995,2,1,157,1.72,5.16,3.44,0.57,0.0,0.0,0.0,0.0,1.78,1.15,8.6,30.96,5.73,4.59,12.04,2.87,1.72,0.0,-1.72,0.57,66.67,0.0,287.0,0.0
Cleiton Schwengber,BRA,Goalkeeper,RB Bragantino,28,1997,26,26,2340,1.46,4.62,3.19,0.23,0.04,0.04,0.0,0.0,1.23,2.96,7.92,23.77,5.88,6.54,17.42,0.92,0.69,0.0,-1.46,0.04,69.05,0.0,92.0,0.0
Colin Coosemans,BEL,Goalkeeper,Anderlecht,33,1992,12,12,1080,1.0,3.33,2.33,0.42,0.08,0.08,0.0,0.0,1.27,4.58,12.08,29.42,3.92,2.92,14.33,0.83,1.0,0.0,-1.0,0.08,69.97,0.0,83.0,0.0
Cássio,BRA,Goalkeeper,Cruzeiro,38,1987,28,28,2456,0.73,3.81,3.04,0.44,0.04,0.0,0.04,0.0,0.91,2.79,8.06,14.07,3.15,7.7,15.61,0.33,0.7,0.04,-0.73,0.04,79.79,0.0,33.0,0.0
Daniel,BRA,Goalkeeper,SJ Earthquakes,31,1994,29,29,2495,1.8,5.27,3.54,0.11,0.04,0.04,0.0,0.0,1.83,3.61,11.25,25.29,4.36,5.88,12.37,0.65,1.59,0.0,-1.8,0.04,67.17,0.0,65.0,0.0
Daniel Azevedo,POR,Goalkeeper,Casa Pia,27,1998,3,2,218,2.89,5.78,2.89,0.0,0.41,0.41,0.0,0.0,2.72,5.78,15.69,37.16,4.54,5.37,14.04,0.0,3.3,0.0,-2.89,0.41,50.0,0.0,0.0,0.0
Daniel Bielica,POL,Goalkeeper,NAC Breda,26,1999,9,9,810,1.78,6.0,4.22,0.0,0.22,0.22,0.0,0.0,1.8,7.67,18.33,29.67,3.56,6.33,11.78,0.22,2.11,0.0,-1.78,0.11,70.33,0.0,22.0,0.0
Daniel Figueira,POR,Goalkeeper,Gil Vicente FC,27,1998,1,0,31,0.0,14.52,14.52,2.9,0.0,0.0,0.0,0.0,2.03,8.71,49.35,29.03,0.0,20.32,52.26,0.0,0.0,0.0,0.0,2.9,100.0,0.0,0.0,0.0
Daniel Fuzato,BRA,Goalkeeper,Vasco da Gama,28,1997,2,1,92,3.91,5.87,1.96,0.0,0.0,0.0,0.0,0.0,2.25,4.89,14.67,40.11,0.0,10.76,20.54,0.0,0.0,0.0,-3.91,0.98,33.39,0.0,0.0,0.0
Daniel Iversen,DEN,Goalkeeper,Preston,28,1997,12,12,1080,1.0,3.0,2.08,0.33,0.0,0.0,0.0,0.0,0.92,6.25,22.5,33.92,4.25,9.0,14.25,1.08,2.25,0.0,-1.0,0.08,69.33,0.0,108.0,0.0
Danny Ward,WAL,Goalkeeper,Wrexham,32,1993,4,4,359,1.75,5.52,3.76,0.0,0.0,0.0,0.0,0.0,1.93,7.52,21.81,19.55,2.51,11.28,19.55,2.01,0.5,0.0,-1.75,0.25,68.12,0.0,201.0,0.0
David Bingham,USA,Goalkeeper,Charlotte,36,1989,2,2,180,1.0,5.5,4.5,0.5,0.0,0.0,0.0,0.0,1.2,1.5,9.0,24.0,4.0,7.0,18.5,2.0,0.5,0.0,-1.0,0.5,81.82,0.0,200.0,0.0
David Ochoa,USA,Goalkeeper,LAFC,24,2001,1,1,90,1.0,1.0,0.0,0.0,0.0,0.0,0.0,0.0,0.9,0.0,1.0,18.0,7.0,5.0,13.0,0.0,0.0,0.0,-1.0,1.0,0.0,0.0,0.0,0.0
David Ospina,COL,Goalkeeper,Nacional,37,1988,7,7,660,0.95,3.68,2.73,0.27,0.41,0.41,0.0,0.0,1.06,4.91,10.91,33.0,5.18,3.14,10.77,0.82,0.68,0.0,-0.95,0.14,74.18,0.0,82.0,0.0
Davy Roef,BEL,Goalkeeper,Gent,31,1994,12,12,1080,1.42,5.5,4.25,0.25,0.08,0.08,0.0,0.0,1.48,4.25,12.67,31.33,6.42,5.67,16.33,0.83,0.92,0.0,-1.42,0.08,77.27,0.0,83.0,0.0
Dayne St. Clair,CAN,Goalkeeper,Minnesota Utd,28,1997,30,30,2700,1.0,4.63,3.7,0.33,0.13,0.07,0.03,0.03,1.22,5.43,17.4,27.03,3.13,6.47,18.27,0.6,0.57,0.07,-1.0,0.03,79.91,0.0,60.0,0.0
Demba Thiam,SEN,Goalkeeper,Monza,27,1998,9,9,810,0.78,3.11,2.22,0.33,0.11,0.0,0.11,0.0,0.94,5.44,14.0,32.56,4.0,3.67,11.78,1.44,2.33,0.11,-0.78,0.11,71.38,0.0,144.0,0.0
Diego Enriquez,PER,Goalkeeper,Sporting Cristal,23,2002,6,6,540,2.67,7.17,4.5,0.0,0.33,0.33,0.0,0.0,2.15,3.17,9.33,21.83,3.0,8.0,14.17,0.67,1.0,0.0,-2.67,0.17,62.76,0.0,67.0,0.0
Diego Mascardi,ITA,Goalkeeper,Spezia,19,2006,5,5,450,1.6,3.8,2.2,0.2,0.4,0.4,0.0,0.0,1.56,6.6,18.2,32.8,2.8,7.0,10.8,1.0,0.8,0.0,-1.6,0.2,57.89,0.0,100.0,0.0
Diego Matías Rodríguez,ARG,Goalkeeper,Arg Juniors,36,1989,28,28,2475,0.62,2.8,2.18,0.55,0.11,0.07,0.04,0.0,0.75,5.6,12.62,27.64,1.93,5.35,11.6,0.51,0.4,0.04,-0.62,0.04,77.86,0.0,51.0,0.0
Diogenes,BRA,Goalkeeper,Santos,24,2001,1,0,23,0.0,11.74,11.74,0.0,0.0,0.0,0.0,0.0,0.78,15.65,43.04,19.57,3.91,35.22,54.78,3.91,0.0,0.0,0.0,3.91,100.0,0.0,391.0,0.0
Diogo Costa,POR,Goalkeeper,Porto,26,1999,8,8,720,0.12,1.62,1.62,0.88,0.0,0.0,0.0,0.0,0.32,5.5,11.88,37.88,2.62,5.12,11.62,0.25,2.25,0.0,-0.12,0.12,100.0,0.0,25.0,0.0
Drake Callender,USA,Goalkeeper,Inter Miami,28,1997,3,2,185,2.43,6.32,3.89,0.0,0.0,0.0,0.0,0.0,2.29,4.86,8.27,27.73,4.86,4.38,7.3,0.0,1.46,0.0,-2.43,0.49,61.55,0.0,0.0,0.0
Earl Edwards Jr.,USA,Goalkeeper,SJ Earthquakes,33,1992,7,5,565,2.07,4.14,2.07,0.32,0.16,0.16,0.0,0.0,1.5,3.98,11.95,22.78,5.58,5.42,9.88,0.16,1.59,0.0,-2.07,0.16,50.0,0.0,16.0,0.0
Edoardo Motta,ITA,Goalkeeper,Reggiana,20,2005,9,9,810,1.56,5.33,3.78,0.11,0.0,0.0,0.0,0.0,1.7,3.0,13.44,20.56,4.44,9.78,17.11,0.67,0.56,0.0,-1.56,0.11,70.92,0.0,67.0,0.0
Egil Selvik,NOR,Goalkeeper,Watford,28,1997,11,11,945,1.43,4.29,2.95,0.0,0.0,0.0,0.0,0.0,1.43,3.62,12.67,26.67,3.43,7.33,15.62,0.67,0.86,0.0,-1.43,0.1,68.76,0.0,67.0,0.0
Enrique Bologna,ARG,Goalkeeper,Defensa y Just,43,1982,29,29,2610,1.21,4.17,3.03,0.31,0.1,0.1,0.0,0.0,1.21,5.97,12.59,21.59,3.52,7.62,16.07,0.59,0.62,0.0,-1.21,0.03,72.66,0.0,59.0,0.0
Ethan Horvath,USA,Goalkeeper,Sheffield Weds,30,1995,8,8,719,2.13,5.38,3.38,0.13,0.13,0.13,0.0,0.0,1.75,4.01,22.53,27.29,4.13,9.64,17.9,1.0,1.75,0.0,-2.13,0.13,62.83,0.0,100.0,0.0
Etienne Vaessen,SUR,Goalkeeper,Groningen,30,1995,7,7,630,0.71,2.86,2.14,0.43,0.0,0.0,0.0,0.0,0.49,9.71,25.0,47.86,5.14,5.57,13.71,1.14,3.71,0.0,-0.71,0.14,74.83,0.0,114.0,0.0
Evan Bush,USA,Goalkeeper,Columbus Crew,39,1986,6,6,540,0.83,2.5,1.67,0.33,0.0,0.0,0.0,0.0,0.68,1.17,4.5,29.5,4.17,5.83,7.83,0.67,2.5,0.0,-0.83,0.17,66.8,0.0,67.0,0.0
Evan Louro,USA,Goalkeeper,FC Cincinnati,29,1996,4,4,360,1.0,5.0,4.0,0.25,0.0,0.0,0.0,0.0,1.38,5.0,14.5,20.75,1.25,12.0,16.0,0.25,2.0,0.0,-1.0,0.25,80.0,0.0,25.0,0.0
Ezequiel Centurión,ARG,Goalkeeper,Ind. Rivadavia,28,1997,29,29,2610,1.07,4.1,3.1,0.38,0.21,0.17,0.03,0.0,1.12,5.86,17.38,20.41,3.62,8.62,18.48,0.93,0.48,0.03,-1.07,0.03,75.61,0.0,93.0,0.0
Ezequiel Unsain,ARG,Goalkeeper,Necaxa,30,1995,15,15,1350,2.0,4.2,2.2,0.07,0.27,0.2,0.0,0.07,1.53,4.4,12.67,22.6,2.47,9.33,11.0,0.8,1.33,0.07,-2.0,0.07,52.38,0.0,80.0,0.0
Fabian de Keijzer,NED,Goalkeeper,Heracles Almelo,25,2000,8,8,720,2.5,7.0,4.5,0.12,0.0,0.0,0.0,0.0,2.4,9.5,26.75,35.62,2.12,6.25,16.75,0.75,0.88,0.0,-2.5,0.12,64.29,0.0,75.0,0.0
Fabricio Iacovich,ARG,Goalkeeper,Estudiantes–LP,23,2002,1,1,90,0.0,3.0,3.0,1.0,0.0,0.0,0.0,0.0,0.3,1.0,2.0,10.0,4.0,6.0,13.0,0.0,0.0,0.0,0.0,1.0,100.0,0.0,0.0,0.0
Facundo Altamirano,ARG,Goalkeeper,San Lorenzo,29,1996,1,1,90,1.0,1.0,0.0,0.0,0.0,0.0,0.0,0.0,0.9,6.0,18.0,18.0,1.0,4.0,13.0,0.0,2.0,0.0,-1.0,1.0,0.0,0.0,0.0,0.0
Facundo Cambeses,ARG,Goalkeeper,Racing Club,28,1997,17,14,1324,0.68,4.01,3.33,0.61,0.0,0.0,0.0,0.0,0.85,5.03,14.75,19.58,3.19,8.97,14.68,0.54,0.48,0.0,-0.68,0.14,83.04,0.0,54.0,0.0
Facundo Sanguinetti,ARG,Goalkeeper,Banfield,24,2001,29,29,2610,1.28,4.24,2.9,0.28,0.21,0.14,0.07,0.0,1.24,5.48,14.0,17.62,3.34,7.9,14.48,0.69,0.55,0.07,-1.28,0.03,68.4,0.0,69.0,0.0
Federico Del Frate,ITA,Goalkeeper,Virtus Entella,29,1995,1,1,90,2.0,5.0,3.0,0.0,0.0,0.0,0.0,0.0,1.8,1.0,1.0,15.0,7.0,5.0,12.0,1.0,4.0,0.0,-2.0,1.0,60.0,0.0,100.0,0.0
Federico Lanzillota,ARG,Goalkeeper,Bolívar,32,1992,3,3,270,2.33,4.0,1.67,0.33,0.0,0.0,0.0,0.0,1.7,0.33,3.0,43.67,7.33,10.0,8.33,1.0,3.33,0.0,-2.33,0.33,41.75,0.0,100.0,0.0
Federico Losas,ARG,Goalkeeper,Platense,23,2002,4,4,360,1.75,4.0,2.25,0.0,0.0,0.0,0.0,0.0,1.65,5.5,13.0,16.0,3.5,6.0,9.25,0.75,0.75,0.0,-1.75,0.25,56.25,0.0,75.0,0.0
Felipe Longo,BRA,Goalkeeper,Corinthians,20,2005,2,2,180,1.5,3.5,2.0,0.5,0.5,0.5,0.0,0.0,1.2,2.5,12.0,21.0,2.0,8.0,20.5,0.0,0.5,0.0,-1.5,0.5,57.14,0.0,0.0,0.0
Felipe Zenobio,ARG,Goalkeeper,Tigre,25,2000,29,29,2610,0.79,3.24,2.45,0.38,0.1,0.07,0.0,0.03,0.92,4.14,11.93,17.55,3.34,6.41,15.24,1.0,0.38,0.03,-0.79,0.03,75.62,0.0,100.0,0.0
Fernando Miguel,BRA,Goalkeeper,Ceará,40,1985,8,7,657,0.96,4.52,3.56,0.41,0.27,0.27,0.0,0.0,1.19,5.21,15.89,23.01,3.42,8.08,20.27,1.23,1.23,0.0,-0.96,0.14,78.76,0.0,123.0,0.0
Fernando Muslera,URU,Goalkeeper,Estudiantes–LP,39,1986,16,16,1470,0.92,4.04,3.18,0.37,0.06,0.06,0.0,0.0,1.04,4.59,12.0,25.16,5.88,6.61,14.27,1.59,1.16,0.0,-0.92,0.12,78.71,0.0,159.0,0.0
Fernando de Paul,CHI,Goalkeeper,Colo-Colo,34,1991,1,1,90,0.0,4.0,4.0,1.0,0.0,0.0,0.0,0.0,0.2,3.0,6.0,21.0,9.0,4.0,9.0,0.0,0.0,0.0,0.0,1.0,100.0,0.0,0.0,0.0
Filip Stankovic,SRB,Goalkeeper,Venezia,23,2002,9,9,810,1.0,4.11,3.11,0.44,0.0,0.0,0.0,0.0,1.17,5.33,13.78,44.56,5.0,2.78,15.0,0.78,1.11,0.0,-1.0,0.11,75.67,0.0,78.0,0.0
Francesco Bardi,ITA,Goalkeeper,Palermo,33,1992,1,1,90,1.0,3.0,2.0,0.0,0.0,0.0,0.0,0.0,0.2,2.0,6.0,16.0,4.0,3.0,17.0,0.0,0.0,0.0,-1.0,1.0,66.67,0.0,0.0,0.0
Franco Armani,ARG,Goalkeeper,River Plate,39,1986,37,37,3360,0.8,3.27,2.49,0.46,0.03,0.03,0.0,0.0,0.9,3.24,8.2,16.85,4.85,6.72,10.12,0.4,0.99,0.0,-0.8,0.05,76.15,0.0,40.0,0.0
Franco Petroli,ARG,Goalkeeper,Godoy Cruz,27,1998,29,29,2610,1.17,3.69,2.55,0.38,0.14,0.1,0.03,0.0,1.2,7.93,17.72,28.48,4.38,6.1,14.41,1.38,1.14,0.03,-1.17,0.03,69.11,0.0,138.0,0.0
Fábio,BRA,Goalkeeper,Fluminense,45,1980,29,29,2610,1.21,3.41,2.21,0.34,0.03,0.0,0.03,0.0,1.09,2.14,6.28,15.97,3.86,6.21,12.34,0.83,0.52,0.03,-1.21,0.03,64.81,0.0,83.0,0.0
Gabriel,BRA,Goalkeeper,Vitória,33,1992,18,18,1620,1.56,5.44,3.89,0.17,0.17,0.17,0.0,0.0,1.58,4.22,13.0,22.0,3.89,6.61,13.61,0.61,1.78,0.0,-1.56,0.11,71.51,0.0,61.0,0.0
Gabriel Arias,CHI,Goalkeeper,Racing Club,38,1987,26,26,2273,0.99,3.68,2.65,0.36,0.12,0.08,0.04,0.0,1.04,4.24,12.91,22.33,3.44,7.8,11.88,0.48,1.39,0.04,-0.99,0.08,72.01,0.0,48.0,0.0
Gabriel Batista,BRA,Goalkeeper,Santa Clara,27,1998,9,9,810,1.11,3.67,2.44,0.33,0.11,0.0,0.11,0.0,1.16,4.56,13.67,22.11,4.89,7.67,13.44,0.89,0.33,0.11,-1.11,0.11,66.49,0.0,89.0,0.0
Gabriel Brazão,BRA,Goalkeeper,Santos,25,2000,29,29,2587,1.46,4.49,3.06,0.21,0.17,0.17,0.0,0.0,1.36,3.34,8.94,15.97,2.92,6.68,13.85,0.24,0.77,0.0,-1.46,0.03,68.15,0.0,24.0,0.0
Gabriel Castellón,CHI,Goalkeeper,U de Chile,32,1993,6,6,540,1.0,3.83,2.83,0.33,0.17,0.17,0.0,0.0,1.02,3.67,9.17,17.67,3.17,6.0,13.83,0.33,1.0,0.0,-1.0,0.17,73.89,0.0,33.0,0.0
Gabriel Chapecó,BRA,Goalkeeper,Grêmio,25,2000,5,5,450,1.4,5.4,4.0,0.2,0.2,0.2,0.0,0.0,1.78,4.8,13.4,17.6,3.8,9.6,19.8,1.4,0.8,0.0,-1.4,0.2,74.07,0.0,140.0,0.0
Gabriel Delfim,BRA,Goalkeeper,Atlético Mineiro,23,2002,2,2,180,1.0,3.5,2.5,0.5,0.0,0.0,0.0,0.0,0.55,3.5,11.0,28.5,3.0,5.0,10.0,1.5,4.0,0.0,-1.0,0.5,71.43,0.0,150.0,0.0
Gastón Olveira,URU,Goalkeeper,Olimpia,32,1993,3,3,270,1.33,4.33,3.0,0.33,0.0,0.0,0.0,0.0,0.93,5.0,13.0,21.33,1.67,6.67,11.67,0.0,0.33,0.0,-1.33,0.33,69.28,0.0,0.0,0.0
Gatito Fernández,PAR,Goalkeeper,Cerro Porteño,37,1988,3,3,270,1.67,5.0,3.33,0.0,0.0,0.0,0.0,0.0,1.77,4.33,10.33,18.67,3.67,9.0,13.0,0.33,1.67,0.0,-1.67,0.33,66.6,0.0,33.0,0.0
Gavin Bazunu,IRL,Goalkeeper,Southampton,23,2002,6,6,540,1.5,2.67,1.33,0.17,0.17,0.17,0.0,0.0,0.97,2.5,11.17,27.83,5.33,7.83,13.33,0.33,1.17,0.0,-1.5,0.17,49.81,0.0,33.0,0.0
Gaëtan Coucke,BEL,Goalkeeper,Sampdoria,26,1998,2,2,180,1.5,2.5,1.0,0.0,0.0,0.0,0.0,0.0,1.5,4.0,10.5,14.5,2.5,8.0,10.5,0.0,0.0,0.0,-1.5,0.5,40.0,0.0,0.0,0.0
Giacomo Poluzzi,ITA,Goalkeeper,Südtirol,37,1988,2,2,180,1.0,4.5,3.5,0.0,0.0,0.0,0.0,0.0,1.55,6.5,17.0,16.5,0.0,6.0,13.5,1.0,1.5,0.0,-1.0,0.5,77.78,0.0,100.0,0.0
Gonzalo Crettaz,ARG,Goalkeeper,NEC Nijmegen,25,2000,10,10,900,1.9,4.9,3.0,0.2,0.3,0.3,0.0,0.0,1.89,7.6,25.5,47.6,4.8,3.8,10.7,0.3,3.4,0.0,-1.9,0.1,61.22,0.0,30.0,0.0
Gonzalo Siri Payer,ARG,Goalkeeper,Arg Juniors,22,2003,1,0,45,2.0,4.0,2.0,0.0,0.0,0.0,0.0,0.0,0.6,4.0,8.0,14.0,2.0,16.0,12.0,0.0,0.0,0.0,-2.0,2.0,50.0,0.0,0.0,0.0
Gonzalo Valle,ECU,Goalkeeper,LDU de Quito,29,1996,10,10,886,0.51,4.77,4.27,0.61,0.0,0.0,0.0,0.0,1.15,4.16,13.92,27.02,4.16,9.65,18.79,0.61,1.02,0.0,-0.51,0.1,89.52,0.0,61.0,0.0
Guido Herrera,ARG,Goalkeeper,Talleres,33,1992,31,31,2745,1.05,3.57,2.59,0.33,0.03,0.03,0.0,0.0,1.07,5.31,12.62,25.25,3.18,5.31,12.98,0.82,0.59,0.0,-1.05,0.07,72.55,0.0,82.0,0.0
Guido Villar,ARG,Goalkeeper,Independiente,27,1998,6,6,540,1.83,4.83,3.0,0.17,0.33,0.17,0.17,0.0,1.47,3.17,7.67,18.33,3.0,6.5,14.17,0.33,0.83,0.17,-1.83,0.17,62.11,0.0,33.0,0.0
Guillaume Dietsch,FRA,Goalkeeper,Dender,24,2001,3,3,270,2.0,6.67,4.67,0.0,0.0,0.0,0.0,0.0,1.7,6.67,16.33,22.33,5.67,7.67,21.67,1.33,2.0,0.0,-2.0,0.33,70.01,0.0,133.0,0.0
Guillermo Allison,MEX,Goalkeeper,Querétaro,35,1990,10,10,900,1.8,5.9,4.0,0.2,0.4,0.3,0.1,0.0,2.02,3.8,14.2,17.8,2.8,10.9,23.7,1.3,0.7,0.1,-1.8,0.1,67.8,0.0,130.0,0.0
Guillermo Vizcarra,BOL,Goalkeeper,Alianza Lima,32,1993,6,6,540,1.83,4.83,3.0,0.0,0.33,0.33,0.0,0.0,1.13,6.0,14.5,19.67,5.5,9.17,14.67,0.83,0.5,0.0,-1.83,0.17,62.11,0.0,83.0,0.0
Guillermo de Amores,URU,Goalkeeper,Peñarol,31,1994,3,3,270,0.67,3.33,2.67,0.67,0.0,0.0,0.0,0.0,0.6,3.67,13.33,23.0,6.33,6.67,9.67,0.33,0.0,0.0,-0.67,0.33,80.18,0.0,33.0,0.0
Gustavo,BRA,Goalkeeper,Juventude,32,1993,10,10,855,2.32,5.89,3.47,0.11,0.32,0.21,0.11,0.0,1.89,2.84,8.53,23.58,4.95,7.05,15.58,0.84,0.11,0.11,-2.32,0.11,58.91,0.0,84.0,0.0
Harlen Castillo,COL,Goalkeeper,Nacional,32,1993,1,1,90,0.0,2.0,2.0,1.0,0.0,0.0,0.0,0.0,0.1,4.0,13.0,32.0,2.0,0.0,8.0,0.0,0.0,0.0,0.0,1.0,100.0,0.0,0.0,0.0
Helton Leite,BRA,Goalkeeper,Fortaleza,34,1990,6,6,540,1.83,4.67,2.83,0.17,0.33,0.33,0.0,0.0,1.35,3.33,9.0,16.83,4.33,6.17,10.83,0.67,0.33,0.0,-1.83,0.33,60.6,0.0,67.0,0.0
Hendrik Van Crombrugge,BEL,Goalkeeper,Genk,32,1993,5,5,450,1.4,5.2,4.0,0.0,0.2,0.2,0.0,0.0,1.68,4.0,9.4,35.2,4.4,2.6,12.8,0.8,0.4,0.0,-1.4,0.2,76.92,0.0,80.0,0.0
Hernán Galíndez,ECU,Goalkeeper,Huracán,38,1987,25,25,2250,0.64,2.68,2.04,0.56,0.12,0.08,0.04,0.0,0.8,4.92,14.16,21.4,2.28,7.28,14.04,0.96,0.44,0.04,-0.64,0.04,76.12,0.0,96.0,0.0
Hidde Jurjus,NED,Goalkeeper,Groningen,31,1994,3,3,270,3.0,5.67,3.0,0.0,0.33,0.33,0.0,0.0,2.0,5.33,19.33,34.67,3.67,3.67,11.33,0.67,1.33,0.0,-3.0,0.33,52.91,0.0,67.0,0.0
Hugo González Durán,MEX,Goalkeeper,Toluca,35,1990,9,9,807,1.23,3.9,2.68,0.33,0.11,0.0,0.11,0.0,1.17,2.34,8.36,23.98,3.9,6.91,12.27,0.78,1.23,0.11,-1.23,0.11,68.72,0.0,78.0,0.0
Hugo Lloris,FRA,Goalkeeper,LAFC,38,1986,32,32,2835,1.08,3.24,2.22,0.35,0.13,0.1,0.0,0.03,1.0,4.35,11.43,21.65,3.68,5.62,12.29,0.54,0.76,0.03,-1.08,0.03,68.52,0.0,54.0,0.0
Hugo Souza,BRA,Goalkeeper,Corinthians,26,1999,23,23,2070,1.13,3.39,2.26,0.35,0.26,0.26,0.0,0.0,1.18,3.3,9.22,22.91,3.52,6.3,12.09,0.48,0.39,0.0,-1.13,0.04,66.67,0.0,48.0,0.0
Ignacio Arce,ARG,Goalkeeper,Deportivo Riestra,33,1992,29,29,2610,0.55,3.69,3.24,0.66,0.14,0.14,0.0,0.0,0.86,11.17,29.14,25.66,0.69,8.55,23.1,2.07,1.52,0.0,-0.55,0.03,87.8,0.0,207.0,0.0
Ignacio De Arruabarrena,URU,Goalkeeper,Barcelona,28,1997,2,1,144,1.88,5.62,3.75,0.0,0.0,0.0,0.0,0.0,1.31,3.12,8.75,14.38,3.12,12.5,11.88,0.62,1.88,0.0,-1.88,0.62,66.73,0.0,62.0,0.0
Ivan,BRA,Goalkeeper,Internacional,28,1997,3,3,270,0.67,5.33,4.33,0.33,0.33,0.0,0.33,0.0,1.13,3.33,13.33,16.33,2.33,8.0,14.33,0.67,0.33,0.33,-0.67,0.33,81.24,0.0,67.0,0.0
Ivor Pandur,CRO,Goalkeeper,Hull City,25,2000,12,12,1080,1.67,4.67,2.92,0.17,0.17,0.08,0.08,0.0,1.58,7.67,22.08,31.75,3.08,8.17,18.58,1.58,1.33,0.08,-1.67,0.08,62.53,0.0,158.0,0.0
J.T. Marcinkowski,USA,Goalkeeper,LA Galaxy,28,1997,3,3,270,1.0,2.33,1.33,0.33,0.0,0.0,0.0,0.0,0.9,1.33,8.67,32.67,5.0,4.67,13.67,1.0,0.67,0.0,-1.0,0.33,57.08,0.0,100.0,0.0
Jacob Jackson,USA,Goalkeeper,FC Dallas,25,2000,4,3,342,1.05,6.58,5.79,0.26,0.0,0.0,0.0,0.0,1.5,6.84,23.42,21.84,2.89,10.26,27.89,0.79,0.79,0.0,-1.05,0.26,87.99,0.0,79.0,0.0
Jacob Widell Zetterström,SWE,Goalkeeper,Derby County,27,1998,12,12,1080,1.33,4.92,3.58,0.25,0.17,0.17,0.0,0.0,1.52,8.0,20.83,29.33,4.08,5.83,18.33,0.75,0.33,0.0,-1.33,0.08,72.76,0.0,75.0,0.0
Jakub Stolarczyk,POL,Goalkeeper,Leicester City,24,2000,12,12,1080,1.0,3.75,2.75,0.25,0.17,0.08,0.08,0.0,1.28,3.0,9.33,29.33,4.67,5.92,14.67,1.17,1.08,0.08,-1.0,0.08,73.33,0.0,117.0,0.0
James Beadle,ENG,Goalkeeper,Birmingham City,21,2004,4,4,360,1.25,4.25,3.25,0.25,0.0,0.0,0.0,0.0,1.23,3.25,20.5,42.25,4.25,8.0,16.0,1.0,1.75,0.0,-1.25,0.25,76.47,0.0,100.0,0.0
James Pantemis,CAN,Goalkeeper,Portland Timbers,28,1997,19,19,1710,1.37,5.0,3.53,0.21,0.32,0.16,0.16,0.0,1.36,4.95,11.42,32.53,3.89,6.89,15.16,0.63,1.26,0.16,-1.37,0.05,70.6,0.0,63.0,0.0
Jamie Cumming,ENG,Goalkeeper,Oxford United,26,1999,12,12,1080,1.25,4.17,2.92,0.17,0.0,0.0,0.0,0.0,1.23,5.5,17.67,25.58,3.33,6.42,15.67,0.67,1.17,0.0,-1.25,0.08,70.02,0.0,67.0,0.0
Jandrei,BRA,Goalkeeper,Juventude,32,1993,12,12,1080,1.67,4.25,2.58,0.25,0.17,0.17,0.0,0.0,1.52,5.67,14.25,23.75,2.75,6.33,16.0,1.17,0.33,0.0,-1.67,0.08,60.71,0.0,117.0,0.0
Jari De Busser,BEL,Goalkeeper,Go Ahead Eag,26,1999,10,10,900,1.6,5.6,4.1,0.3,0.0,0.0,0.0,0.0,1.71,4.7,16.2,38.2,3.9,4.8,17.3,0.7,1.7,0.0,-1.6,0.1,73.21,0.0,70.0,0.0
Jasper Schendelaar,NED,Goalkeeper,Zwolle,25,2000,2,2,180,2.0,4.5,2.5,0.0,0.5,0.5,0.0,0.0,1.9,5.5,18.0,29.0,6.0,7.5,10.5,1.0,1.5,0.0,-2.0,0.5,55.56,0.0,100.0,0.0
Javier Burrai,ECU,Goalkeeper,Talleres,35,1990,5,4,405,0.67,3.11,2.22,0.67,0.22,0.0,0.22,0.0,0.73,4.89,10.22,24.89,5.78,7.78,16.22,1.11,0.89,0.22,-0.67,0.44,71.38,0.0,111.0,0.0
Javier Otero,VEN,Goalkeeper,Orlando City,22,2002,2,2,180,1.0,3.5,2.5,0.0,0.5,0.5,0.0,0.0,1.3,2.5,4.5,16.0,5.0,5.5,19.5,2.0,0.5,0.0,-1.0,0.5,71.43,0.0,200.0,0.0
Jayden Hibbert,CAN,Goalkeeper,Atlanta Utd,21,2004,8,8,720,1.75,5.62,3.88,0.25,0.0,0.0,0.0,0.0,1.75,2.62,9.25,27.12,4.5,5.25,12.5,0.88,1.12,0.0,-1.75,0.12,69.04,0.0,88.0,0.0
Jeffrey Gal,USA,Goalkeeper,Chicago Fire,32,1993,7,6,591,1.37,2.89,1.68,0.15,0.15,0.15,0.0,0.0,0.94,2.89,7.92,22.69,4.11,6.24,11.12,1.07,0.46,0.0,-1.37,0.15,58.13,0.0,107.0,0.0
Jeremías Ledesma,ARG,Goalkeeper,River Plate,32,1993,2,2,180,2.0,6.0,4.0,0.0,1.0,1.0,0.0,0.0,2.3,4.5,8.5,16.0,5.5,9.0,12.0,0.5,0.0,0.0,-2.0,0.5,66.67,0.0,50.0,0.0
Jeroen Zoet,NED,Goalkeeper,AZ Alkmaar,34,1991,1,1,90,1.0,7.0,6.0,0.0,0.0,0.0,0.0,0.0,1.3,5.0,18.0,21.0,3.0,7.0,13.0,0.0,0.0,0.0,-1.0,1.0,85.71,0.0,0.0,0.0
Jesse Joronen,FIN,Goalkeeper,Palermo,32,1993,8,8,720,0.5,3.12,2.75,0.5,0.12,0.0,0.12,0.0,0.81,6.62,17.25,27.0,3.88,6.38,13.5,0.25,0.5,0.12,-0.5,0.12,88.14,0.0,25.0,0.0
Jesús Camargo,VEN,Goalkeeper,Dep Táchira,27,1997,6,6,540,1.83,6.17,4.33,0.0,0.0,0.0,0.0,0.0,1.85,3.67,10.83,22.67,5.0,9.17,18.0,0.67,2.5,0.0,-1.83,0.17,70.18,0.0,67.0,0.0
Jesús Rodríguez,MEX,Goalkeeper,Puebla,32,1993,5,5,405,3.11,5.33,2.44,0.22,0.89,0.89,0.0,0.0,2.22,5.11,13.56,24.0,3.33,8.89,12.67,0.0,1.33,0.0,-3.11,0.22,45.78,0.0,0.0,0.0
Jimmy Maurer,USA,Goalkeeper,Houston Dynamo,37,1988,2,1,120,0.75,3.75,3.0,0.0,0.0,0.0,0.0,0.0,0.6,4.5,15.0,27.0,3.0,4.5,12.0,0.75,0.75,0.0,-0.75,0.75,80.0,0.0,75.0,0.0
Joe Lumley,ENG,Goalkeeper,Sheffield Weds,30,1995,2,2,180,1.5,5.5,4.0,0.0,0.0,0.0,0.0,0.0,1.7,4.5,17.5,28.5,2.5,10.0,10.0,0.5,2.5,0.0,-1.5,0.5,72.73,0.0,50.0,0.0
Joe Walsh,ENG,Goalkeeper,QPR,23,2002,4,4,360,2.75,4.25,1.5,0.0,0.0,0.0,0.0,0.0,1.7,4.25,18.75,31.75,5.25,6.5,16.5,1.75,0.75,0.0,-2.75,0.25,35.29,0.0,175.0,0.0
Joe Willis,USA,Goalkeeper,Nashville SC,37,1988,34,34,3060,1.32,4.0,2.65,0.26,0.15,0.09,0.06,0.0,1.32,2.94,8.26,28.18,5.06,5.24,11.74,0.85,0.59,0.06,-1.32,0.03,66.25,0.0,85.0,0.0
Joel Drommel,NED,Goalkeeper,Sparta R'dam,28,1996,10,10,900,2.2,5.9,3.6,0.4,0.1,0.0,0.1,0.0,1.94,10.4,24.1,38.8,5.2,7.0,20.5,0.8,1.0,0.1,-2.2,0.1,61.02,0.0,80.0,0.0
Joel Robles,ESP,Goalkeeper,Estoril,35,1990,9,9,810,1.56,3.89,2.33,0.0,0.44,0.44,0.0,0.0,1.74,7.22,20.22,22.11,4.56,10.44,16.0,0.67,3.0,0.0,-1.56,0.11,59.9,0.0,67.0,0.0
John,BRA,Goalkeeper,Botafogo (RJ),29,1996,25,25,2250,0.72,3.36,2.6,0.48,0.08,0.08,0.0,0.0,0.9,4.0,10.28,29.16,3.48,5.76,14.12,0.8,0.88,0.0,-0.72,0.08,77.38,0.0,80.0,0.0
John McCarthy,USA,Goalkeeper,NY Red Bulls,33,1992,12,12,1080,2.42,5.17,2.83,0.0,0.33,0.25,0.08,0.0,1.92,2.5,11.42,22.58,4.25,4.92,12.0,0.67,1.0,0.08,-2.42,0.17,54.74,0.0,67.0,0.0
John Pulskamp,USA,Goalkeeper,Sporting KC,24,2001,34,34,3060,2.06,5.5,3.47,0.12,0.26,0.21,0.03,0.03,1.77,4.18,14.5,21.03,3.76,7.71,12.03,0.59,0.85,0.06,-2.06,0.03,63.09,0.0,59.0,0.0
Jonathan Bond,ENG,Goalkeeper,Houston Dynamo,32,1993,26,26,2340,1.69,4.19,2.5,0.27,0.15,0.12,0.04,0.0,1.39,3.58,9.42,25.92,4.19,3.88,12.23,0.42,1.42,0.04,-1.69,0.04,59.67,0.0,42.0,0.0
Jonathan Klinsmann,USA,Goalkeeper,Cesena,28,1997,9,9,810,1.22,2.89,1.67,0.11,0.11,0.11,0.0,0.0,1.09,3.11,14.56,21.78,3.11,7.33,14.67,0.67,0.11,0.0,-1.22,0.11,57.79,0.0,67.0,0.0
Jonathan Sirois,CAN,Goalkeeper,CF Montréal,24,2001,23,23,2070,1.7,4.91,3.22,0.17,0.0,0.0,0.0,0.0,1.52,3.48,9.48,34.96,4.35,4.22,9.26,0.7,1.22,0.0,-1.7,0.04,65.58,0.0,70.0,0.0
Jordan Farr,USA,Goalkeeper,D.C. United,31,1994,3,2,248,2.9,6.17,3.63,0.0,0.0,0.0,0.0,0.0,2.0,7.62,16.69,25.77,3.63,5.44,14.88,0.36,3.27,0.0,-2.9,0.36,58.83,0.0,36.0,0.0
Jorge Broun,ARG,Goalkeeper,Rosario Central,39,1986,26,26,2339,0.54,2.69,2.19,0.5,0.04,0.04,0.0,0.0,0.64,5.12,10.58,16.89,4.16,8.5,14.89,0.65,0.15,0.0,-0.54,0.04,81.41,0.0,65.0,0.0
Jorge Carranza,ARG,Goalkeeper,Aldosivi,44,1981,25,25,2250,1.4,4.4,3.04,0.28,0.16,0.16,0.0,0.0,1.17,5.0,13.12,20.16,4.08,6.96,14.48,0.84,0.92,0.0,-1.4,0.04,69.09,0.0,84.0,0.0
Josef Bursik,ENG,Goalkeeper,Portsmouth,25,2000,6,6,540,1.33,4.17,3.0,0.17,0.0,0.0,0.0,0.0,1.2,7.83,26.83,40.5,5.33,7.83,16.0,1.0,1.17,0.0,-1.33,0.17,71.94,0.0,100.0,0.0
Joshua Griffiths,ENG,Goalkeeper,West Brom,24,2001,12,12,1080,1.17,3.25,2.17,0.25,0.0,0.0,0.0,0.0,0.98,4.92,16.08,27.08,3.25,8.33,16.25,0.75,0.67,0.0,-1.17,0.08,66.77,0.0,75.0,0.0
Josue Reinatti,ARG,Goalkeeper,Newell's OB,22,2003,2,2,180,2.0,7.0,5.0,0.0,0.5,0.5,0.0,0.0,2.3,3.5,5.5,27.5,10.0,3.0,16.5,1.5,0.5,0.0,-2.0,0.5,71.43,0.0,150.0,0.0
José Antonio Rodríguez,MEX,Goalkeeper,Tijuana,33,1992,15,14,1339,1.28,4.5,3.16,0.4,0.2,0.13,0.07,0.0,1.22,6.65,13.91,35.29,3.29,9.07,15.73,0.54,0.6,0.07,-1.28,0.07,70.22,0.0,54.0,0.0
José Contreras Verna,VEN,Goalkeeper,Barcelona,31,1994,5,5,396,0.91,4.77,3.64,0.45,0.23,0.0,0.23,0.0,1.34,3.64,14.32,17.5,3.41,10.0,14.09,1.59,0.0,0.23,-0.91,0.23,76.31,0.0,159.0,0.0
José Corona,MEX,Goalkeeper,Tijuana,44,1981,1,1,11,0.0,0.0,0.0,0.0,0.0,0.0,0.0,0.0,0.0,0.0,0.0,0.0,0.0,0.0,0.0,0.0,0.0,0.0,0.0,8.18,,0.0,0.0,
José Rangel Aguilar,MEX,Goalkeeper,Guadalajara,25,2000,15,15,1350,1.33,4.07,2.67,0.2,0.4,0.27,0.07,0.07,1.22,3.4,7.4,21.07,3.93,7.27,10.93,0.47,2.53,0.13,-1.33,0.07,65.6,0.0,47.0,0.0
José Santiago Hernández,MEX,Goalkeeper,Querétaro,28,1997,5,5,450,2.0,4.6,2.8,0.0,0.2,0.2,0.0,0.0,1.52,3.4,12.2,19.2,4.0,9.4,14.0,0.2,1.4,0.0,-2.0,0.2,60.87,0.0,20.0,0.0
João Gonçalves,POR,Goalkeeper,AVS Futebol,24,2000,1,1,90,2.0,5.0,3.0,0.0,1.0,1.0,0.0,0.0,2.8,4.0,16.0,18.0,4.0,12.0,18.0,0.0,1.0,0.0,-2.0,1.0,60.0,0.0,0.0,0.0
João Ricardo Riedi,BRA,Goalkeeper,Fortaleza,37,1988,20,20,1800,1.15,5.05,3.9,0.5,0.1,0.05,0.05,0.0,1.48,5.0,12.3,19.45,4.3,6.95,12.3,0.95,0.95,0.05,-1.15,0.1,77.23,0.0,95.0,0.0
João Valido,POR,Goalkeeper,Arouca,25,2000,9,9,810,2.67,5.33,2.56,0.0,0.67,0.56,0.11,0.0,2.17,3.56,13.11,30.0,6.44,9.33,16.44,0.56,2.11,0.11,-2.67,0.11,48.03,0.0,56.0,0.0
João Virgínia,POR,Goalkeeper,Sporting CP,26,1999,2,2,180,0.5,2.0,1.5,0.5,0.0,0.0,0.0,0.0,0.65,1.5,4.0,25.0,4.5,2.0,13.0,1.5,0.5,0.0,-0.5,0.5,75.0,0.0,150.0,0.0
Juan Castillo,COL,Goalkeeper,Vitória,22,2003,5,5,450,1.2,4.8,3.6,0.2,0.2,0.2,0.0,0.0,1.2,4.2,10.4,20.2,2.6,5.2,13.4,0.6,1.6,0.0,-1.2,0.2,75.0,0.0,60.0,0.0
Juan Cozzani,ARG,Goalkeeper,Platense,27,1998,21,21,1890,0.76,3.57,2.9,0.38,0.1,0.1,0.0,0.0,1.02,5.48,19.48,19.38,1.48,6.38,14.81,0.67,1.0,0.0,-0.76,0.05,81.23,0.0,67.0,0.0
Juan Espínola,PAR,Goalkeeper,Newell's OB,30,1994,20,20,1800,1.7,4.65,2.95,0.25,0.1,0.1,0.0,0.0,1.26,6.65,17.75,22.0,3.55,7.35,16.8,1.25,0.85,0.0,-1.7,0.1,63.44,0.0,125.0,0.0
Juan González,URU,Goalkeeper,Atlé Tucumán,32,1993,6,6,540,0.83,3.67,3.0,0.33,0.17,0.17,0.0,0.0,0.83,6.5,15.33,22.83,2.83,7.0,14.5,1.5,1.0,0.0,-0.83,0.17,81.74,0.0,150.0,0.0
Juan Zozaya,ARG,Goalkeeper,Cen. Córdoba–SdE,24,2001,2,2,180,1.5,4.0,2.5,0.0,0.0,0.0,0.0,0.0,1.95,3.0,7.0,14.0,3.0,6.0,14.5,0.0,0.0,0.0,-1.5,0.5,62.5,0.0,0.0,0.0
Julio José González,MEX,Goalkeeper,Puebla,34,1991,11,10,945,2.29,4.48,2.19,0.1,0.38,0.29,0.1,0.0,1.54,4.19,9.24,21.62,5.05,8.29,12.48,0.67,1.05,0.1,-2.29,0.1,48.88,0.0,67.0,0.0
Kaique,BRA,Goalkeeper,Nacional,22,2003,3,3,270,1.0,2.67,1.67,0.33,0.33,0.33,0.0,0.0,0.8,7.0,24.67,30.0,4.67,8.33,17.33,1.67,2.0,0.0,-1.0,0.33,62.55,0.0,167.0,0.0
Kayne van Oevelen,NED,Goalkeeper,Volendam,22,2003,10,10,900,1.6,5.3,3.7,0.1,0.0,0.0,0.0,0.0,1.47,5.9,25.0,35.2,4.1,8.7,16.2,1.0,1.1,0.0,-1.6,0.1,69.81,0.0,100.0,0.0
Kevin Mier,COL,Goalkeeper,Cruz Azul,25,2000,14,14,1260,1.14,3.43,2.36,0.29,0.0,0.0,0.0,0.0,0.94,3.5,10.14,35.43,2.14,6.79,11.21,0.14,2.0,0.0,-1.14,0.07,68.8,0.0,14.0,0.0
Keylor Navas,CRC,Goalkeeper,UNAM,38,1986,27,27,2430,1.0,4.3,3.3,0.33,0.19,0.07,0.07,0.04,1.23,5.37,12.56,20.15,3.07,10.15,17.15,0.59,0.56,0.11,-1.0,0.07,76.74,0.0,59.0,0.0
Kim Joonhong,KOR,Goalkeeper,D.C. United,22,2003,8,8,720,2.38,5.25,2.88,0.12,0.25,0.25,0.0,0.0,2.1,7.38,16.88,26.62,3.75,6.88,11.62,0.62,1.88,0.0,-2.38,0.12,54.86,0.0,62.0,0.0
Kjell Scherpen,NED,Goalkeeper,Union SG,25,2000,9,9,810,0.33,2.56,2.22,0.67,0.0,0.0,0.0,0.0,0.38,3.67,9.89,24.67,2.56,3.56,12.11,0.78,0.22,0.0,-0.33,0.11,86.72,0.0,78.0,0.0
Kostas Lamprou,GRE,Goalkeeper,NAC Breda,34,1991,1,1,90,3.0,4.0,2.0,0.0,0.0,0.0,0.0,0.0,2.1,17.0,32.0,37.0,3.0,10.0,11.0,0.0,4.0,0.0,-3.0,1.0,50.0,0.0,0.0,0.0
Kristijan Kahlina,CRO,Goalkeeper,Charlotte,33,1992,32,32,2880,1.38,5.25,3.84,0.38,0.28,0.25,0.03,0.0,1.63,2.94,7.81,26.5,5.25,5.44,14.34,0.66,0.66,0.03,-1.38,0.03,73.14,0.0,66.0,0.0
Lars Unnerstall,GER,Goalkeeper,Twente,35,1990,10,10,900,1.7,3.3,1.8,0.0,0.0,0.0,0.0,0.0,1.16,4.3,12.0,24.6,3.8,5.2,11.0,0.5,1.2,0.0,-1.7,0.1,54.55,0.0,50.0,0.0
Lautaro Morales,ARG,Goalkeeper,Lanús,25,1999,2,1,135,2.0,2.67,0.67,0.0,0.0,0.0,0.0,0.0,1.27,2.67,7.33,20.0,3.33,6.67,8.67,0.67,0.0,0.0,-2.0,0.67,25.09,0.0,67.0,0.0
Lawrence Vigouroux,CHI,Goalkeeper,Swansea City,31,1993,12,12,1080,1.0,4.0,3.0,0.25,0.0,0.0,0.0,0.0,1.25,4.67,14.58,31.33,4.58,7.33,14.0,1.42,0.75,0.0,-1.0,0.08,75.0,0.0,142.0,0.0
Lazar Carević,MNE,Goalkeeper,Famalicão,26,1999,9,9,810,0.44,3.67,3.22,0.67,0.11,0.11,0.0,0.0,0.84,2.44,9.89,28.56,3.89,5.22,13.89,0.56,1.22,0.0,-0.44,0.11,87.74,0.0,56.0,0.0
Leandro Brey,ARG,Goalkeeper,Boca Juniors,23,2002,4,3,271,0.66,3.32,2.66,0.66,0.0,0.0,0.0,0.0,0.9,2.32,6.97,20.26,4.98,5.65,20.92,0.33,0.66,0.0,-0.66,0.33,80.12,0.0,33.0,0.0
Leandro Chichizola,ARG,Goalkeeper,Modena,35,1990,9,9,810,0.56,2.44,1.89,0.44,0.11,0.11,0.0,0.0,0.73,9.33,20.78,35.89,3.22,4.67,10.33,0.89,0.33,0.0,-0.56,0.11,77.46,0.0,89.0,0.0
Leo Kokubo,JPN,Goalkeeper,Sint-Truiden,24,2001,12,12,1080,1.33,4.33,3.08,0.17,0.17,0.17,0.0,0.0,1.52,3.67,11.5,26.25,4.33,5.17,12.17,1.08,1.58,0.0,-1.33,0.08,71.13,0.0,108.0,0.0
Leonardo Linck,BRA,Goalkeeper,Botafogo (RJ),24,2001,11,10,946,1.33,3.81,2.47,0.29,0.19,0.19,0.0,0.0,1.24,3.14,10.37,25.31,2.19,4.28,15.13,0.76,0.48,0.0,-1.33,0.1,64.83,0.0,76.0,0.0
Lorenzo Palmisani,ITA,Goalkeeper,Frosinone,21,2004,9,9,810,1.0,5.0,3.89,0.33,0.44,0.11,0.11,0.22,1.46,5.11,19.78,33.22,6.44,4.89,17.22,1.56,1.22,0.33,-1.0,0.11,77.8,0.0,156.0,0.0
Lucas Acosta,ARG,Goalkeeper,Sarmiento,30,1995,29,29,2610,1.14,4.86,3.83,0.31,0.14,0.1,0.0,0.03,1.4,5.66,17.17,22.86,2.0,7.55,15.62,0.72,0.9,0.03,-1.14,0.03,78.81,0.0,72.0,0.0
Lucas Arcanjo,BRA,Goalkeeper,Vitória,27,1998,29,29,2545,1.45,5.09,3.64,0.25,0.14,0.14,0.0,0.0,1.43,4.46,12.84,20.4,3.57,8.2,18.39,0.67,0.5,0.0,-1.45,0.04,71.51,0.0,67.0,0.0
Lucas Bruera,ARG,Goalkeeper,Carabobo,28,1997,6,6,540,2.17,6.5,4.33,0.0,0.5,0.5,0.0,0.0,1.87,1.83,9.0,11.17,3.0,10.0,15.83,0.5,0.67,0.0,-2.17,0.17,66.62,0.0,50.0,0.0
Lucas França,BRA,Goalkeeper,Nacional,29,1996,6,6,540,1.67,4.67,3.0,0.17,0.17,0.17,0.0,0.0,1.38,6.67,19.17,20.17,2.83,7.5,13.5,0.5,1.67,0.0,-1.67,0.17,64.24,0.0,50.0,0.0
Lucas Verza,PAR,Goalkeeper,Olimpia,24,2001,1,1,90,0.0,3.0,2.0,1.0,1.0,0.0,1.0,0.0,1.3,4.0,13.0,21.0,7.0,9.0,11.0,1.0,0.0,1.0,0.0,1.0,66.67,0.0,100.0,0.0
Lucão,BRA,Goalkeeper,RB Bragantino,24,2001,4,4,360,2.25,7.5,5.25,0.25,0.0,0.0,0.0,0.0,2.55,1.75,7.25,24.0,4.75,8.0,17.75,0.75,0.75,0.0,-2.25,0.25,70.0,0.0,75.0,0.0
Luis Barraza,USA,Goalkeeper,D.C. United,28,1996,24,24,2090,1.68,5.08,3.44,0.13,0.13,0.09,0.0,0.04,1.52,5.9,17.48,27.82,4.52,7.15,13.13,0.78,0.95,0.04,-1.68,0.04,67.72,0.0,78.0,0.0
Luis Cárdenas,MEX,Goalkeeper,Monterrey,32,1993,2,2,180,2.0,6.5,5.0,0.0,0.0,0.0,0.0,0.0,1.25,2.5,11.5,53.0,5.0,4.0,12.0,0.0,0.0,0.0,-2.0,0.5,76.92,0.0,0.0,0.0
Luis Ingolotti,ARG,Goalkeeper,Gimnasia–LP,25,2000,3,3,270,2.33,4.67,2.33,0.0,0.67,0.67,0.0,0.0,2.37,3.67,10.33,18.33,4.0,7.0,18.0,0.33,0.0,0.0,-2.33,0.33,49.89,0.0,33.0,0.0
Luis Manuel García,MEX,Goalkeeper,Toluca,32,1992,7,6,543,1.16,3.98,2.82,0.17,0.5,0.5,0.0,0.0,1.33,2.65,7.62,26.02,4.14,7.96,13.26,0.0,0.99,0.0,-1.16,0.17,70.85,0.0,0.0,0.0
Luis Mejía,PAN,Goalkeeper,Nacional,34,1991,6,6,540,1.67,5.17,3.5,0.17,0.17,0.17,0.0,0.0,1.78,2.33,9.0,14.17,2.0,5.83,14.17,1.0,0.5,0.0,-1.67,0.17,67.7,0.0,100.0,0.0
Luis Ángel Malagón,MEX,Goalkeeper,América,28,1997,13,13,1170,1.08,2.92,1.85,0.31,0.0,0.0,0.0,0.0,1.09,3.69,9.31,24.15,2.31,5.31,9.38,0.31,1.15,0.0,-1.08,0.08,63.36,0.0,31.0,0.0
Luka Gavran,CAN,Goalkeeper,Toronto FC,25,2000,3,3,270,1.0,3.0,2.0,0.0,0.0,0.0,0.0,0.0,0.7,3.33,14.0,29.0,3.67,6.67,15.33,1.0,1.0,0.0,-1.0,0.33,66.67,0.0,100.0,0.0
Lukáš Horníček,CZE,Goalkeeper,Braga,23,2002,9,9,810,0.89,3.0,2.0,0.33,0.22,0.11,0.11,0.0,1.07,2.33,9.0,35.44,4.44,5.0,9.11,0.56,3.67,0.11,-0.89,0.11,66.67,0.0,56.0,0.0
Léo Aragão,BRA,Goalkeeper,Cruzeiro,23,2002,3,2,244,0.37,3.32,2.95,0.74,0.0,0.0,0.0,0.0,0.59,2.21,7.01,15.12,5.53,10.7,16.6,0.0,0.0,0.0,-0.37,0.37,88.86,0.0,0.0,0.0
Léo Jardim,BRA,Goalkeeper,Vasco da Gama,30,1995,29,29,2605,1.28,3.94,2.76,0.24,0.07,0.07,0.0,0.0,1.23,2.35,8.22,23.84,3.56,7.43,15.27,0.97,1.11,0.0,-1.28,0.03,70.05,0.0,97.0,0.0
Maarten Paes,IDN,Goalkeeper,FC Dallas,27,1998,22,22,1980,1.95,4.77,2.82,0.14,0.32,0.32,0.0,0.0,1.85,5.5,12.73,24.82,4.05,6.55,16.82,0.82,1.41,0.0,-1.95,0.05,59.12,0.0,82.0,0.0
Magrão,BRA,Goalkeeper,Fortaleza,25,2000,3,3,270,1.33,4.0,2.67,0.0,0.67,0.67,0.0,0.0,1.4,3.0,9.0,14.67,4.0,8.33,10.0,0.33,0.33,0.0,-1.33,0.33,66.75,0.0,33.0,0.0
Manuel Roffo,ARG,Goalkeeper,Instituto,25,2000,29,29,2610,1.1,3.79,2.69,0.41,0.07,0.07,0.0,0.0,1.09,5.28,13.62,20.86,3.76,6.79,14.52,1.1,0.48,0.0,-1.1,0.03,70.98,0.0,110.0,0.0
Manuel Vicentini,ARG,Goalkeeper,Belgrano,35,1990,5,5,450,1.0,3.6,2.4,0.4,0.2,0.0,0.2,0.0,1.76,4.8,18.6,22.6,3.6,8.2,21.4,0.6,2.8,0.2,-1.0,0.2,66.67,0.0,60.0,0.0
Marcelo Lomba,BRA,Goalkeeper,Palmeiras,38,1986,2,2,180,1.0,3.5,2.5,0.5,0.0,0.0,0.0,0.0,0.95,4.5,6.0,21.0,7.0,8.0,12.0,1.0,0.5,0.0,-1.0,1.0,71.43,0.0,100.0,0.0
Marco Bleve,ITA,Goalkeeper,Carrarese,30,1995,9,9,810,1.22,3.22,2.11,0.44,0.0,0.0,0.0,0.0,0.94,6.22,14.22,32.89,2.67,4.78,14.0,0.89,0.78,0.0,-1.22,0.11,65.53,0.0,89.0,0.0
Marco Festa,ITA,Goalkeeper,Mantova,33,1992,9,9,810,1.67,4.33,2.89,0.11,0.11,0.0,0.0,0.11,1.53,2.33,5.78,31.11,4.22,4.56,13.89,0.67,0.44,0.11,-1.67,0.11,66.74,0.0,67.0,0.0
Marcos Felipe,BRA,Goalkeeper,Bahia,29,1996,15,14,1332,1.01,3.78,2.77,0.34,0.14,0.14,0.0,0.0,1.05,3.85,9.66,30.68,5.07,7.84,16.15,0.54,1.96,0.0,-1.01,0.14,73.28,0.0,54.0,0.0
Marcos Ignacio Ledesma,ARG,Goalkeeper,Barracas Central,29,1996,28,28,2520,1.11,4.18,3.14,0.25,0.0,0.0,0.0,0.0,1.0,7.07,18.18,17.96,3.79,7.79,18.61,1.54,0.43,0.0,-1.11,0.04,75.12,0.0,154.0,0.0
Marcos Peano,ARG,Goalkeeper,La Louvière,27,1998,12,12,1080,0.83,4.33,3.5,0.5,0.17,0.08,0.0,0.08,1.33,8.5,22.92,29.92,3.67,7.0,17.33,1.33,2.42,0.08,-0.83,0.08,80.83,0.0,133.0,0.0
Marcão,BRA,Goalkeeper,Juventude,33,1992,6,5,495,1.82,7.45,5.82,0.18,0.18,0.18,0.0,0.0,2.09,2.18,10.18,23.64,5.27,4.36,14.18,0.73,0.73,0.0,-1.82,0.18,78.12,0.0,73.0,0.0
Marino Arzamendia,PAR,Goalkeeper,Olimpia,27,1998,2,2,180,3.5,6.0,2.5,0.0,1.0,1.0,0.0,0.0,2.5,6.5,13.0,21.0,3.5,7.0,9.5,0.5,2.0,0.0,-3.5,0.5,41.67,0.0,50.0,0.0
Marius Adamonis,LTU,Goalkeeper,Südtirol,28,1997,7,7,630,1.43,3.57,2.14,0.0,0.14,0.14,0.0,0.0,1.29,6.57,18.14,13.86,2.0,8.71,13.57,1.43,0.57,0.0,-1.43,0.14,59.94,0.0,143.0,0.0
Martin Delavallée,BEL,Goalkeeper,Charleroi,21,2004,12,12,1080,1.42,3.17,1.83,0.17,0.25,0.25,0.0,0.0,0.98,6.42,17.25,27.83,5.67,5.08,18.17,0.83,1.25,0.0,-1.42,0.08,57.73,0.0,83.0,0.0
Martín Campaña,URU,Goalkeeper,Peñarol,36,1989,3,3,270,0.67,4.33,3.67,0.67,0.0,0.0,0.0,0.0,0.67,5.67,16.67,13.33,1.33,7.67,18.33,1.33,0.0,0.0,-0.67,0.33,84.76,0.0,133.0,0.0
Martín Silva,URU,Goalkeeper,Libertad,42,1983,3,3,300,0.9,5.4,4.5,0.3,0.0,0.0,0.0,0.0,1.38,8.4,15.0,15.3,2.1,9.9,13.2,0.9,1.5,0.0,-0.9,0.3,83.33,0.0,90.0,0.0
Matej Kovar,CZE,Goalkeeper,PSV Eindhoven,25,2000,10,10,900,1.4,4.3,2.9,0.2,0.2,0.1,0.0,0.1,1.29,5.4,14.2,40.8,4.1,4.9,12.5,1.3,1.5,0.1,-1.4,0.1,67.44,0.0,130.0,0.0
Matheus Donelli,BRA,Goalkeeper,Corinthians,23,2002,5,5,450,1.2,3.8,2.6,0.2,0.2,0.2,0.0,0.0,1.14,2.6,6.6,19.4,3.8,7.0,10.6,0.6,0.4,0.0,-1.2,0.2,68.42,0.0,60.0,0.0
Matheus Mendes,BRA,Goalkeeper,Alverca,26,1999,1,1,90,2.0,2.0,0.0,0.0,0.0,0.0,0.0,0.0,1.3,2.0,7.0,26.0,2.0,4.0,8.0,0.0,2.0,0.0,-2.0,1.0,0.0,0.0,0.0,0.0
Matt Freese,USA,Goalkeeper,NYCFC,27,1998,31,31,2766,1.37,4.26,2.96,0.26,0.13,0.1,0.03,0.0,1.37,1.69,6.54,24.47,5.95,4.39,11.75,0.65,1.5,0.03,-1.37,0.03,69.48,0.0,65.0,0.0
Matt Turner,USA,Goalkeeper,NE Revolution,31,1994,10,10,900,1.6,5.2,3.7,0.2,0.0,0.0,0.0,0.0,1.87,6.2,16.8,28.9,5.9,8.3,12.1,1.7,1.0,0.0,-1.6,0.1,71.15,0.0,170.0,0.0
Matthieu Epolo,BEL,Goalkeeper,Standard Liège,20,2005,12,12,1080,1.42,4.92,3.58,0.25,0.0,0.0,0.0,0.0,1.29,6.33,16.0,25.42,3.58,7.08,15.67,0.17,0.67,0.0,-1.42,0.08,72.76,0.0,17.0,0.0
Mattijs Branderhorst,NED,Goalkeeper,Fortuna Sittard,31,1993,10,10,900,1.5,5.4,4.0,0.2,0.1,0.1,0.0,0.0,1.66,8.1,25.7,29.9,2.4,6.5,16.0,1.4,1.1,0.0,-1.5,0.1,74.07,0.0,140.0,0.0
Matías Borgogno,ARG,Goalkeeper,San Martín de San Juan,27,1998,29,29,2610,1.0,3.69,2.66,0.34,0.07,0.03,0.03,0.0,1.11,6.97,20.17,22.03,1.79,8.66,15.69,1.17,0.79,0.03,-1.0,0.03,72.09,0.0,117.0,0.0
Matías Mansilla,ARG,Goalkeeper,Estudiantes–LP,29,1996,34,34,3060,1.12,3.71,2.59,0.38,0.15,0.12,0.03,0.0,1.09,4.82,12.21,18.0,3.74,7.59,14.91,0.68,0.88,0.03,-1.12,0.09,69.81,0.0,68.0,0.0
Matías Tagliamonte,ARG,Goalkeeper,Unión,27,1998,15,15,1350,0.93,3.0,2.0,0.4,0.13,0.0,0.13,0.0,0.93,5.27,15.33,15.0,3.07,8.07,14.0,0.93,0.53,0.13,-0.93,0.07,66.67,0.0,93.0,0.0
Max Crocombe,NZL,Goalkeeper,Millwall,32,1993,3,3,270,0.33,3.0,2.67,0.67,0.0,0.0,0.0,0.0,0.5,5.33,25.33,21.33,2.33,11.67,21.67,1.0,0.0,0.0,-0.33,0.33,89.0,0.0,100.0,0.0
Maxime Crépeau,CAN,Goalkeeper,Portland Timbers,31,1994,15,15,1350,1.47,4.73,3.27,0.2,0.0,0.0,0.0,0.0,1.36,4.2,11.67,29.27,5.0,6.07,10.6,0.6,0.67,0.0,-1.47,0.07,69.13,0.0,60.0,0.0
Maxime Delanghe,BEL,Goalkeeper,Cercle Brugge,24,2001,11,11,972,1.39,4.54,3.15,0.28,0.09,0.09,0.0,0.0,1.35,4.26,13.52,22.96,2.5,4.44,13.06,0.28,1.39,0.0,-1.39,0.09,69.38,0.0,28.0,0.0
Michael Brouwer,NED,Goalkeeper,Utrecht,32,1993,2,1,135,2.0,4.67,2.67,0.0,0.67,0.67,0.0,0.0,2.0,8.0,18.67,34.0,6.67,5.33,6.0,0.0,3.33,0.0,-2.0,0.67,57.17,0.0,0.0,0.0
Michael Collodi,USA,Goalkeeper,FC Dallas,24,2001,9,9,735,0.98,4.53,3.55,0.24,0.12,0.12,0.0,0.0,1.27,6.61,20.94,27.43,3.92,7.84,18.0,1.47,1.59,0.0,-0.98,0.12,78.37,0.0,147.0,0.0
Michael Cooper,ENG,Goalkeeper,Sheffield Utd,26,1999,12,12,1080,1.67,4.42,2.83,0.17,0.08,0.0,0.0,0.08,1.17,3.83,17.08,27.25,4.83,8.0,12.67,1.42,1.08,0.08,-1.67,0.08,64.03,0.0,142.0,0.0
Michael Verrips,NED,Goalkeeper,Dender,28,1996,9,9,810,1.44,3.67,2.22,0.22,0.22,0.22,0.0,0.0,1.46,5.22,17.44,34.33,4.33,6.33,16.11,0.56,0.44,0.0,-1.44,0.11,60.49,0.0,56.0,0.0
Michele Cerofolini,ITA,Goalkeeper,Bari,26,1999,9,9,810,1.67,5.78,4.11,0.11,0.22,0.22,0.0,0.0,1.77,3.33,10.22,31.78,4.56,3.89,15.89,0.44,0.78,0.0,-1.67,0.11,71.11,0.0,44.0,0.0
Mirko Pigliacelli,ITA,Goalkeeper,Catanzaro,32,1993,9,9,810,1.0,3.11,2.11,0.33,0.11,0.11,0.0,0.0,1.24,4.22,12.78,33.33,3.44,5.78,13.44,0.11,1.22,0.0,-1.0,0.11,67.85,0.0,11.0,0.0
Mouhamadou Sarr,SEN,Goalkeeper,Spezia,28,1997,4,4,360,1.25,3.5,2.25,0.25,0.0,0.0,0.0,0.0,1.08,4.0,13.5,27.0,5.25,3.5,18.75,2.25,0.25,0.0,-1.25,0.25,64.29,0.0,225.0,0.0
Nacho Miras,ESP,Goalkeeper,Mechelen,28,1997,7,7,630,1.0,6.29,5.14,0.29,0.57,0.43,0.14,0.0,1.73,5.43,16.14,26.43,5.57,7.57,22.71,1.29,1.43,0.14,-1.0,0.14,81.72,0.0,129.0,0.0
Nahuel Guzmán,ARG,Goalkeeper,UANL,39,1986,15,15,1350,0.93,3.13,2.13,0.53,0.33,0.07,0.13,0.13,0.87,4.07,10.73,29.13,2.6,4.73,12.53,0.93,2.33,0.27,-0.93,0.07,68.05,0.0,93.0,0.0
Nahuel Losada,ARG,Goalkeeper,Lanús,32,1993,28,28,2475,0.62,3.75,3.09,0.47,0.15,0.07,0.04,0.04,0.99,4.84,13.27,24.98,4.87,5.24,16.84,1.56,0.95,0.07,-0.62,0.04,82.4,0.0,156.0,0.0
Nathan Baxter,ENG,Goalkeeper,Watford,26,1998,2,1,135,0.67,3.33,2.67,0.0,0.0,0.0,0.0,0.0,0.47,4.67,14.0,29.33,3.33,5.33,13.33,0.0,0.0,0.0,-0.67,0.67,80.18,0.0,0.0,0.0
Nelson Insfrán,ARG,Goalkeeper,Gimnasia–LP,30,1995,26,26,2340,1.04,4.12,2.96,0.38,0.19,0.08,0.12,0.0,1.29,5.35,15.96,20.96,3.0,7.69,18.38,1.23,0.54,0.12,-1.04,0.04,71.84,0.0,123.0,0.0
Neto,BRA,Goalkeeper,Botafogo (RJ),36,1989,3,3,224,1.21,4.02,2.81,0.0,0.0,0.0,0.0,0.0,0.76,3.21,10.04,30.13,4.82,4.82,15.67,1.21,1.61,0.0,-1.21,0.4,69.9,0.0,121.0,0.0
Nicholas Hagen,GUA,Goalkeeper,Columbus Crew,29,1996,3,3,270,3.33,7.67,4.33,0.0,0.0,0.0,0.0,0.0,3.1,0.0,0.67,17.33,4.33,5.33,7.67,0.67,1.33,0.0,-3.33,0.33,56.45,0.0,67.0,0.0
Nicholas Hansen,DEN,Goalkeeper,Colorado Rapids,24,2001,10,10,900,1.4,4.6,3.3,0.3,0.3,0.2,0.1,0.0,1.42,4.8,18.2,24.9,3.5,7.2,12.7,1.6,2.3,0.1,-1.4,0.1,71.74,0.0,160.0,0.0
Nicolas Schmid,AUT,Goalkeeper,Portsmouth,28,1997,5,5,385,0.7,3.04,2.34,0.47,0.0,0.0,0.0,0.0,1.26,7.48,25.25,38.81,3.27,5.84,16.13,0.7,3.97,0.0,-0.7,0.23,76.97,0.0,70.0,0.0
Nordin Jackers,BEL,Goalkeeper,Club Brugge,28,1997,11,11,990,0.91,3.64,2.73,0.55,0.09,0.09,0.0,0.0,0.87,5.64,12.55,32.82,4.55,4.45,12.45,0.45,1.18,0.0,-0.91,0.09,75.0,0.0,45.0,0.0
Novak Mićović,SRB,Goalkeeper,LA Galaxy,24,2001,20,20,1800,1.85,4.95,3.15,0.1,0.0,0.0,0.0,0.0,1.74,1.85,9.85,25.1,3.6,5.55,12.35,1.25,0.25,0.0,-1.85,0.05,63.64,0.0,125.0,0.0
Orlando Gill,PAR,Goalkeeper,San Lorenzo,25,2000,28,28,2520,0.68,2.54,1.93,0.54,0.0,0.0,0.0,0.0,0.7,4.43,15.18,18.36,2.93,7.46,13.64,0.79,0.25,0.0,-0.68,0.04,75.98,0.0,79.0,0.0
Ortwin De Wolf,BEL,Goalkeeper,Mechelen,28,1997,5,5,450,1.2,3.6,2.8,0.2,0.2,0.2,0.0,0.0,0.98,4.6,12.4,30.0,4.4,6.2,17.4,0.6,0.6,0.0,-1.2,0.2,77.78,0.0,60.0,0.0
Oscar Garcia,MEX,Goalkeeper,León,22,2003,12,12,1080,1.67,5.75,4.0,0.33,0.42,0.33,0.08,0.0,1.6,2.83,10.33,20.17,3.0,9.33,14.83,0.83,1.33,0.08,-1.67,0.08,69.57,0.0,83.0,0.0
Oscar Jiménez,MEX,Goalkeeper,León,37,1988,3,3,270,2.33,4.33,2.0,0.0,0.0,0.0,0.0,0.0,1.43,3.33,8.0,26.33,6.0,5.67,11.0,0.0,0.67,0.0,-2.33,0.33,46.19,0.0,0.0,0.0
Pablo Sisniega,MEX,Goalkeeper,San Diego FC,30,1995,4,4,360,0.75,3.25,2.75,0.25,0.25,0.25,0.0,0.0,0.92,0.75,3.0,31.75,7.0,2.5,7.5,1.5,2.0,0.0,-0.75,0.25,84.62,0.0,150.0,0.0
Patrick Schulte,USA,Goalkeeper,Columbus Crew,24,2001,25,25,2250,1.44,3.92,2.52,0.12,0.08,0.08,0.0,0.0,1.46,2.28,8.0,32.48,4.72,4.96,8.88,0.32,2.08,0.0,-1.44,0.04,64.29,0.0,32.0,0.0
Patrick Sequeira,CRC,Goalkeeper,Casa Pia,26,1999,7,7,592,1.52,4.26,2.74,0.3,0.15,0.0,0.0,0.15,1.82,3.8,12.01,26.76,4.26,5.32,11.55,0.3,2.13,0.15,-1.52,0.15,64.32,0.0,30.0,0.0
Paul Nardi,FRA,Goalkeeper,QPR,31,1994,8,8,720,0.75,3.0,2.25,0.38,0.0,0.0,0.0,0.0,1.06,5.75,15.75,22.25,2.5,6.88,18.38,0.25,0.25,0.0,-0.75,0.12,75.0,0.0,25.0,0.0
Pedro Gallese,PER,Goalkeeper,Orlando City,35,1990,32,32,2880,1.53,4.81,3.31,0.25,0.09,0.09,0.0,0.0,1.62,3.94,9.69,18.69,2.59,5.56,14.19,0.66,1.22,0.0,-1.53,0.03,68.81,0.0,66.0,0.0
Pierce Charles,NIR,Goalkeeper,Sheffield Weds,20,2005,2,2,180,2.5,9.0,6.5,0.0,0.0,0.0,0.0,0.0,2.35,9.5,28.0,39.0,3.5,11.0,19.0,0.0,0.5,0.0,-2.5,0.5,72.22,0.0,0.0,0.0
Radek Vítek,0,Goalkeeper,Bristol City,22,2003,12,12,1080,0.92,3.58,2.67,0.42,0.08,0.08,0.0,0.0,1.09,3.67,15.58,23.5,3.33,6.33,14.42,1.67,2.58,0.0,-0.92,0.08,74.58,0.0,167.0,0.0
Rafael Cabral,BRA,Goalkeeper,Real Salt Lake,35,1990,34,34,3060,1.44,4.18,2.68,0.21,0.26,0.15,0.12,0.0,1.47,3.62,9.32,35.97,3.18,6.53,11.03,0.26,1.68,0.12,-1.44,0.03,64.11,0.0,26.0,0.0
Rafael Pires,BRA,Goalkeeper,São Paulo,36,1989,38,38,3450,0.99,3.7,2.71,0.37,0.29,0.21,0.03,0.05,1.19,2.4,8.32,16.36,2.9,6.6,13.41,0.37,0.47,0.08,-0.99,0.05,73.24,0.0,37.0,0.0
Randall Rodríguez,URU,Goalkeeper,Vélez Sarsfield,21,2003,1,1,90,4.0,8.0,4.0,0.0,1.0,1.0,0.0,0.0,3.1,4.0,16.0,23.0,5.0,7.0,10.0,1.0,0.0,0.0,-4.0,1.0,50.0,0.0,100.0,0.0
Remko Pasveer,NED,Goalkeeper,Ajax,41,1983,1,1,90,2.0,5.0,3.0,0.0,1.0,1.0,0.0,0.0,2.0,8.0,24.0,48.0,4.0,5.0,15.0,1.0,0.0,0.0,-2.0,1.0,60.0,0.0,100.0,0.0
Renan Ribeiro,BRA,Goalkeeper,Estrela,35,1990,9,9,810,1.11,4.0,2.78,0.33,0.33,0.22,0.11,0.0,1.24,4.0,14.33,29.22,5.22,7.33,14.33,1.11,0.78,0.11,-1.11,0.11,69.5,0.0,111.0,0.0
Ricardo Gutiérrez,MEX,Goalkeeper,Mazatlán,28,1997,15,15,1350,1.8,4.93,3.13,0.07,0.53,0.53,0.0,0.0,1.69,4.0,14.0,22.73,3.8,8.8,16.07,0.8,0.6,0.0,-1.8,0.07,63.49,0.0,80.0,0.0
Rocco Ríos Novo,ARG,Goalkeeper,Inter Miami,23,2002,10,7,790,1.03,3.42,2.39,0.34,0.0,0.0,0.0,0.0,1.26,3.19,5.58,33.49,4.44,4.22,10.82,0.34,1.14,0.0,-1.03,0.11,69.88,0.0,34.0,0.0
Rodolfo Cota,MEX,Goalkeeper,América,38,1987,2,2,180,1.0,2.5,1.5,0.0,0.0,0.0,0.0,0.0,0.3,4.0,11.0,24.0,6.0,8.5,10.5,0.5,0.0,0.0,-1.0,0.5,60.0,0.0,50.0,0.0
Rodrigo Morínigo,PAR,Goalkeeper,Libertad,27,1998,5,5,450,0.6,3.6,3.0,0.6,0.0,0.0,0.0,0.0,0.78,8.2,19.4,20.8,2.0,9.0,17.4,0.2,0.6,0.0,-0.6,0.2,83.33,0.0,20.0,0.0
Rodrigo Parra,MEX,Goalkeeper,UNAM,17,2007,2,2,180,3.0,3.5,0.5,0.0,0.0,0.0,0.0,0.0,1.75,2.0,7.5,28.5,6.0,6.5,7.0,0.0,2.5,0.0,-3.0,0.5,14.29,0.0,0.0,0.0
Rodrigo Rey,ARG,Goalkeeper,Independiente,34,1991,29,29,2610,0.86,2.93,2.17,0.38,0.17,0.17,0.0,0.0,0.96,4.76,12.24,22.59,3.97,6.45,12.86,0.62,0.41,0.0,-0.86,0.03,74.06,0.0,62.0,0.0
Rodrigo Saracho,ARG,Goalkeeper,San Antonio Bulo Bulo,31,1994,6,6,540,2.5,7.67,5.17,0.0,0.17,0.17,0.0,0.0,2.4,7.17,22.5,21.0,2.33,13.17,19.5,0.83,0.83,0.0,-2.5,0.17,67.41,0.0,83.0,0.0
Roman Bürki,SUI,Goalkeeper,St. Louis,34,1990,25,25,2250,1.76,5.24,3.56,0.16,0.28,0.28,0.0,0.0,1.75,4.8,12.32,30.8,4.76,7.0,13.32,0.6,1.16,0.0,-1.76,0.04,67.94,0.0,60.0,0.0
Roman Celentano,USA,Goalkeeper,FC Cincinnati,25,2000,30,30,2700,1.2,4.03,2.87,0.33,0.23,0.13,0.03,0.07,1.24,3.37,9.8,23.97,4.7,6.93,14.73,0.7,0.4,0.1,-1.2,0.03,71.22,0.0,70.0,0.0
Rome-Jayden Owusu-Oduro,NED,Goalkeeper,AZ Alkmaar,21,2004,9,9,810,1.33,4.33,3.0,0.22,0.22,0.11,0.0,0.11,1.21,3.67,13.11,28.67,4.11,4.22,13.33,1.11,1.67,0.11,-1.33,0.11,69.28,0.0,111.0,0.0
Ronald Koeman Jr.,NED,Goalkeeper,Telstar,30,1995,10,10,900,1.9,5.8,3.9,0.1,0.2,0.2,0.0,0.0,2.12,8.6,20.7,40.5,3.5,4.3,15.3,0.7,1.5,0.0,-1.9,0.1,67.24,0.0,70.0,0.0
Ronaldo,BRA,Goalkeeper,Bahia,29,1996,22,22,1908,1.23,4.29,3.07,0.38,0.14,0.05,0.09,0.0,1.36,2.74,9.58,26.51,3.54,6.37,14.34,0.75,1.79,0.09,-1.23,0.09,71.56,0.0,75.0,0.0
Ruan Carneiro,BRA,Goalkeeper,Juventude,35,1990,3,3,270,1.33,4.0,2.67,0.33,0.33,0.33,0.0,0.0,1.07,3.67,12.67,24.33,3.67,7.33,11.67,0.67,0.0,0.0,-1.33,0.33,66.75,0.0,67.0,0.0
Rubén Cordano,BOL,Goalkeeper,Bolívar,27,1998,2,2,180,2.0,6.0,4.0,0.0,0.0,0.0,0.0,0.0,1.3,3.0,10.5,41.0,6.5,6.0,9.5,0.5,0.0,0.0,-2.0,0.5,66.67,0.0,50.0,0.0
Rui Silva,POR,Goalkeeper,Sporting CP,31,1994,7,7,630,0.57,2.86,2.29,0.57,0.14,0.14,0.0,0.0,0.63,1.14,3.43,24.43,4.86,3.14,8.14,0.57,1.86,0.0,-0.57,0.14,80.07,0.0,57.0,0.0
Ryan Allsop,ENG,Goalkeeper,Birmingham City,33,1992,8,8,720,1.25,2.38,1.25,0.25,0.12,0.12,0.0,0.0,0.9,3.75,15.38,38.38,1.38,5.38,10.12,0.0,1.88,0.0,-1.25,0.12,52.52,0.0,0.0,0.0
Samuel Soares,POR,Goalkeeper,Benfica,23,2002,2,2,180,0.5,5.5,5.0,0.5,0.0,0.0,0.0,0.0,1.55,2.5,7.5,20.0,5.5,4.0,15.5,1.0,0.5,0.0,-0.5,0.5,90.91,0.0,100.0,0.0
Santiago Mele,URU,Goalkeeper,Monterrey,28,1997,13,13,1170,1.54,4.0,2.46,0.31,0.08,0.08,0.0,0.0,1.18,2.23,6.38,26.62,2.62,4.0,12.77,0.62,1.31,0.0,-1.54,0.08,61.5,0.0,62.0,0.0
Sean Johnson,USA,Goalkeeper,Toronto FC,36,1989,31,31,2790,1.32,4.9,3.55,0.23,0.16,0.13,0.03,0.0,1.67,3.65,11.0,22.58,3.77,7.45,12.71,0.48,0.68,0.03,-1.32,0.03,72.45,0.0,48.0,0.0
Sebastian Breza,CAN,Goalkeeper,CF Montréal,27,1998,3,3,270,3.0,6.67,3.67,0.0,0.0,0.0,0.0,0.0,2.7,3.0,9.0,27.0,4.33,3.33,10.33,2.0,0.67,0.0,-3.0,0.33,55.02,0.0,200.0,0.0
Sebastiano Desplanches,ITA,Goalkeeper,Pescara,22,2003,9,9,810,1.89,5.67,3.78,0.11,0.44,0.44,0.0,0.0,2.23,3.11,10.89,30.89,6.0,3.44,16.11,0.78,1.78,0.0,-1.89,0.11,66.67,0.0,78.0,0.0
Sebastián Britos,URU,Goalkeeper,Universitario,37,1988,8,8,720,1.0,4.5,3.5,0.38,0.12,0.12,0.0,0.0,1.25,5.88,15.75,14.38,2.88,9.5,16.75,0.5,1.38,0.0,-1.0,0.12,77.78,0.0,50.0,0.0
Sebastián Jurado,MEX,Goalkeeper,FC Juárez,28,1997,15,15,1350,1.67,3.93,2.4,0.13,0.07,0.07,0.0,0.0,1.16,2.87,7.27,23.4,2.6,3.87,12.27,0.4,0.47,0.0,-1.67,0.07,61.07,0.0,40.0,0.0
Sebastián Meza,ARG,Goalkeeper,Huracán,25,2000,4,4,360,1.75,4.75,3.0,0.25,0.25,0.25,0.0,0.0,1.4,3.75,11.0,20.0,4.25,4.75,12.0,1.0,0.5,0.0,-1.75,0.25,63.16,0.0,100.0,0.0
Senne Lammens,BEL,Goalkeeper,Antwerp,23,2002,4,4,360,1.0,3.75,2.5,0.0,0.25,0.0,0.25,0.0,1.3,7.5,26.25,44.0,5.5,5.75,16.75,2.75,1.0,0.25,-1.0,0.25,66.67,0.0,275.0,0.0
Sergio Rochet,URU,Goalkeeper,Internacional,32,1993,13,13,1125,1.44,4.88,3.44,0.16,0.0,0.0,0.0,0.0,1.38,4.08,11.84,21.6,5.04,5.92,13.92,0.64,0.32,0.0,-1.44,0.16,70.49,0.0,64.0,0.0
Sergio Romero,ARG,Goalkeeper,Arg Juniors,38,1987,1,1,90,1.0,3.0,2.0,0.0,0.0,0.0,0.0,0.0,1.1,4.0,11.0,20.0,5.0,3.0,5.0,0.0,0.0,0.0,-1.0,1.0,66.67,0.0,0.0,0.0
Simon Mignolet,BEL,Goalkeeper,Club Brugge,37,1988,1,1,90,1.0,9.0,8.0,0.0,0.0,0.0,0.0,0.0,1.3,4.0,9.0,41.0,3.0,5.0,12.0,0.0,0.0,0.0,-1.0,1.0,88.89,0.0,0.0,0.0
Simone Colombi,ITA,Goalkeeper,Virtus Entella,34,1991,8,8,720,1.25,3.75,2.5,0.12,0.38,0.38,0.0,0.0,1.15,3.5,9.12,21.0,2.0,6.62,17.75,0.88,0.88,0.0,-1.25,0.12,66.67,0.0,88.0,0.0
Simone Ghidotti,ITA,Goalkeeper,Sampdoria,25,2000,7,7,630,1.57,4.0,2.43,0.14,0.14,0.14,0.0,0.0,1.47,5.43,15.57,23.71,2.86,6.43,12.0,0.29,0.57,0.0,-1.57,0.14,60.75,0.0,29.0,0.0
Simão Bertelli,BRA,Goalkeeper,AVS Futebol,32,1993,8,8,720,2.5,4.88,2.38,0.0,0.25,0.25,0.0,0.0,2.0,5.25,13.75,25.5,3.5,8.38,14.12,0.5,1.5,0.0,-2.5,0.12,48.77,0.0,50.0,0.0
Solomon Brynn,ENG,Goalkeeper,Middlesbrough,24,2000,12,12,1080,0.67,2.17,1.42,0.42,0.08,0.0,0.08,0.0,0.7,2.25,11.42,21.25,4.83,5.67,13.92,1.58,0.67,0.08,-0.67,0.08,65.44,0.0,158.0,0.0
Stefan Frei,SUI,Goalkeeper,Seattle Sounders,39,1986,26,26,2340,1.19,4.0,2.92,0.31,0.12,0.12,0.0,0.0,1.14,3.54,9.88,22.81,4.0,6.54,11.85,0.62,0.62,0.0,-1.19,0.04,73.0,0.0,62.0,0.0
Steven Benda,GER,Goalkeeper,Millwall,27,1998,9,9,810,1.33,3.11,1.78,0.33,0.0,0.0,0.0,0.0,1.16,5.33,15.78,20.56,3.0,7.89,14.0,0.56,1.56,0.0,-1.33,0.11,57.23,0.0,56.0,0.0
Stijn van Gassel,NED,Goalkeeper,Excelsior,29,1996,8,8,659,1.23,6.15,4.92,0.27,0.14,0.14,0.0,0.0,1.49,11.06,31.0,38.79,3.69,9.83,16.8,0.68,1.91,0.0,-1.23,0.14,80.0,0.0,68.0,0.0
Taishi Nozawa,JPN,Goalkeeper,Antwerp,22,2002,3,3,270,1.0,3.33,2.33,0.0,0.0,0.0,0.0,0.0,0.87,5.67,15.0,28.67,4.0,4.0,10.33,1.33,1.0,0.0,-1.0,0.33,69.97,0.0,133.0,0.0
Thiago,BRA,Goalkeeper,Vitória,26,1999,1,0,65,1.38,6.92,5.54,0.0,0.0,0.0,0.0,0.0,2.08,0.0,6.92,18.0,4.15,1.38,16.62,0.0,0.0,0.0,-1.38,1.38,80.06,0.0,0.0,0.0
Thiago Cardozo,URU,Goalkeeper,Belgrano,29,1996,27,27,2426,0.96,3.6,2.63,0.33,0.15,0.07,0.04,0.04,1.12,4.56,13.06,20.0,3.9,6.97,14.69,0.74,0.3,0.07,-0.96,0.07,73.06,0.0,74.0,0.0
Thomas Gillier,CHI,Goalkeeper,CF Montréal,21,2004,8,8,720,1.5,4.75,3.25,0.0,0.0,0.0,0.0,0.0,1.6,1.25,6.5,32.12,4.0,2.25,11.62,0.75,1.25,0.0,-1.5,0.12,68.42,0.0,75.0,0.0
Thomas Hasal,CAN,Goalkeeper,LAFC,26,1999,2,1,135,3.33,6.67,3.33,0.67,0.0,0.0,0.0,0.0,2.07,0.67,10.67,25.33,8.67,6.67,10.67,2.0,0.0,0.0,-3.33,0.67,49.93,0.0,200.0,0.0
Thomas Kaminski,BEL,Goalkeeper,Charlton Ath,33,1992,12,12,1080,0.83,2.92,2.08,0.42,0.0,0.0,0.0,0.0,0.83,6.42,19.0,24.5,3.42,9.42,16.25,0.67,1.67,0.0,-0.83,0.08,71.23,0.0,67.0,0.0
Tiago Volpi,BRA,Goalkeeper,Grêmio,34,1990,25,25,2250,1.24,4.36,3.12,0.16,0.32,0.24,0.0,0.08,1.62,5.76,13.76,21.72,2.24,6.64,15.84,0.56,0.44,0.08,-1.24,0.04,71.56,0.0,56.0,0.0
Tijmen Holla,0,Goalkeeper,Excelsior,0,0,1,0,61,5.9,10.33,4.43,0.0,1.48,1.48,0.0,0.0,5.61,17.7,38.36,57.54,4.43,5.9,10.33,1.48,2.95,0.0,-5.9,1.48,42.88,0.0,148.0,0.0
Timo Jansink,NED,Goalkeeper,Heracles Almelo,22,2003,2,2,180,5.0,9.5,4.5,0.0,0.0,0.0,0.0,0.0,3.75,10.0,22.5,32.5,2.0,3.5,17.0,0.5,0.0,0.0,-5.0,0.5,47.37,0.0,50.0,0.0
Timon Wellenreuther,GER,Goalkeeper,Feyenoord,29,1995,10,10,900,0.9,2.5,1.6,0.6,0.1,0.1,0.0,0.0,0.69,5.5,15.8,36.4,3.8,3.7,9.9,0.7,1.4,0.0,-0.9,0.1,64.0,0.0,70.0,0.0
Tobe Leysen,BEL,Goalkeeper,OH Leuven,23,2002,12,12,1080,1.75,4.83,3.08,0.17,0.25,0.25,0.0,0.0,1.52,5.0,16.08,34.5,4.08,4.17,14.25,0.92,1.25,0.0,-1.75,0.08,63.77,0.0,92.0,0.0
Tobias Lawal,AUT,Goalkeeper,Genk,25,2000,7,7,630,1.43,4.43,3.0,0.0,0.29,0.29,0.0,0.0,1.29,4.0,8.71,34.86,3.57,4.14,11.14,0.86,2.29,0.0,-1.43,0.14,67.72,0.0,86.0,0.0
Tom de Graaff,NED,Goalkeeper,Zwolle,20,2004,8,8,720,1.88,6.38,4.5,0.25,0.0,0.0,0.0,0.0,1.86,5.0,15.62,27.25,5.5,9.38,18.0,0.88,0.25,0.0,-1.88,0.12,70.53,0.0,88.0,0.0
Tomas Romero,SLV,Goalkeeper,NYCFC,24,2000,4,3,294,0.61,3.37,3.06,0.31,0.0,0.0,0.0,0.0,1.01,1.84,6.12,24.49,3.67,7.04,15.0,0.92,0.31,0.0,-0.61,0.31,90.8,0.0,92.0,0.0
Tomás Durso,ARG,Goalkeeper,Atlé Tucumán,26,1999,11,11,990,1.55,4.18,2.64,0.18,0.27,0.09,0.09,0.09,1.56,5.73,16.09,22.27,4.18,7.91,11.64,0.73,1.45,0.18,-1.55,0.09,63.16,0.0,73.0,0.0
Tomás Marchiori,ARG,Goalkeeper,Vélez Sarsfield,30,1995,37,37,3268,0.88,3.39,2.59,0.41,0.11,0.08,0.0,0.03,0.88,3.61,10.82,17.21,3.94,7.82,12.06,0.63,0.33,0.03,-0.88,0.06,76.4,0.0,63.0,0.0
Vasilios Barkas,GRE,Goalkeeper,Utrecht,31,1994,9,9,765,1.41,4.47,2.94,0.24,0.12,0.0,0.12,0.0,1.6,4.35,12.47,32.59,4.24,6.24,10.12,0.82,1.06,0.12,-1.41,0.12,65.77,0.0,82.0,0.0
Vic Chambaere,BEL,Goalkeeper,Union SG,22,2003,3,3,270,1.0,3.33,2.33,0.33,0.0,0.0,0.0,0.0,1.17,3.0,11.0,21.67,2.33,3.33,12.67,0.0,0.0,0.0,-1.0,0.33,69.97,0.0,0.0,0.0
Viktor Johansson,SWE,Goalkeeper,Stoke City,27,1998,12,12,1080,0.67,3.67,3.0,0.42,0.0,0.0,0.0,0.0,1.03,5.67,17.33,35.33,4.92,4.08,15.42,0.75,1.67,0.0,-0.67,0.08,81.74,0.0,75.0,0.0
Vinicius Silvestre,BRA,Goalkeeper,Fortaleza,31,1994,2,2,180,3.0,8.5,5.5,0.0,0.0,0.0,0.0,0.0,2.55,7.0,16.0,24.5,4.0,6.0,21.0,0.0,0.0,0.0,-3.0,0.5,64.71,0.0,0.0,0.0
Vitezslav Jaros,CZE,Goalkeeper,Ajax,24,2001,9,9,810,1.33,4.22,2.89,0.22,0.33,0.33,0.0,0.0,1.39,4.67,11.33,37.33,5.44,3.78,13.0,0.44,0.67,0.0,-1.33,0.11,68.48,0.0,44.0,0.0
Vladan Kovačević,BIH,Goalkeeper,Norwich City,27,1998,12,12,1080,1.5,4.25,2.67,0.08,0.08,0.0,0.08,0.0,1.6,3.67,11.5,31.5,4.83,5.5,17.25,1.08,1.58,0.08,-1.5,0.08,62.82,0.0,108.0,0.0
Walter,BRA,Goalkeeper,Mirassol,37,1987,23,23,2070,0.91,4.61,3.61,0.35,0.13,0.04,0.09,0.0,1.32,2.43,6.83,24.96,3.48,4.26,18.7,0.83,0.3,0.09,-0.91,0.04,78.31,0.0,83.0,0.0
Warleson,BRA,Goalkeeper,Cercle Brugge,29,1996,2,1,108,1.67,10.0,8.33,0.0,0.0,0.0,0.0,0.0,3.25,1.67,12.5,28.33,4.17,5.0,14.17,0.0,4.17,0.0,-1.67,0.83,83.3,0.0,0.0,0.0
Wessel Speel,NED,Goalkeeper,Minnesota Utd,24,2001,3,3,199,2.71,4.52,1.81,0.0,0.45,0.45,0.0,0.0,2.44,4.97,18.54,25.33,0.45,9.05,14.02,0.45,0.0,0.0,-2.71,0.45,40.04,0.0,45.0,0.0
Williams Barlasina,ARG,Goalkeeper,Newell's OB,27,1998,8,8,720,1.62,4.5,2.88,0.0,0.0,0.0,0.0,0.0,1.5,5.75,14.5,15.62,3.75,8.88,17.88,1.0,0.12,0.0,-1.62,0.25,64.0,0.0,100.0,0.0
Wéverton,BRA,Goalkeeper,Palmeiras,37,1987,35,35,3150,0.77,3.23,2.46,0.4,0.11,0.09,0.03,0.0,0.81,3.43,13.46,22.91,3.6,6.2,12.0,0.71,0.66,0.03,-0.77,0.06,76.16,0.0,71.0,0.0
Yannick Thoelen,BEL,Goalkeeper,Antwerp,35,1990,5,5,450,1.4,5.6,4.2,0.2,0.0,0.0,0.0,0.0,1.36,5.8,17.4,28.4,5.6,7.0,14.6,0.4,1.0,0.0,-1.4,0.2,75.0,0.0,40.0,0.0
Yohei Takaoka,JPN,Goalkeeper,Vancouver W'caps,29,1996,34,34,3060,1.12,3.59,2.44,0.38,0.15,0.12,0.03,0.0,1.09,3.18,9.35,30.59,3.53,5.38,12.06,0.71,1.79,0.03,-1.12,0.03,67.97,0.0,71.0,0.0
Young,BRA,Goalkeeper,São Paulo,23,2002,2,2,180,1.5,4.5,3.0,0.0,0.0,0.0,0.0,0.0,1.35,1.5,7.0,14.5,3.5,7.5,16.0,0.5,0.0,0.0,-1.5,0.5,66.67,0.0,50.0,0.0
Zack Steffen,USA,Goalkeeper,Colorado Rapids,30,1995,23,23,2070,1.7,5.65,4.0,0.17,0.0,0.0,0.0,0.0,1.83,4.48,13.7,23.65,4.96,7.48,15.74,0.65,1.22,0.0,-1.7,0.04,70.8,0.0,65.0,0.0
Álvaro David Montero,COL,Goalkeeper,Vélez Sarsfield,30,1995,2,1,152,0.59,3.55,2.96,0.59,0.0,0.0,0.0,0.0,0.65,6.51,19.54,14.21,2.96,11.84,29.61,1.18,0.0,0.0,-0.59,0.59,83.38,0.0,118.0,0.0
Éverson,BRA,Goalkeeper,Atlético Mineiro,35,1990,27,27,2430,1.11,4.0,2.93,0.33,0.11,0.11,0.0,0.0,1.25,5.11,13.7,31.93,3.63,4.56,12.56,0.59,1.63,0.0,-1.11,0.04,73.25,0.0,59.0,0.0
Óscar Ustari,ARG,Goalkeeper,Inter Miami,39,1986,25,25,2082,1.77,5.01,3.29,0.13,0.04,0.04,0.0,0.0,1.55,3.89,7.39,33.54,5.45,4.8,10.94,0.39,2.29,0.0,-1.77,0.04,65.67,0.0,39.0,0.0
