Player,Nation,General Position,Team,Age,Born,Matches Played,Starts,Minutes Played,Goals Against,Shots on Target Against,Saves,Clean Sheets,Penalty Kicks Attempted,Penalty Kicks Allowed,Penalty Kicks Saved,Penalty Kicks Missed,Post-Shot Expected Goals,Launched Passes Completed,Launched Passes Attempted,Passes Attempted (GK),Through Balls,Goal Kicks Attempted,Crosses Opposed,Crosses Stopped,Defensive Actions Outside Penalty Area,Penalties Winner,Efficiency,Matches
AJ Marcucci,USA,Goalkeeper,NY Red Bulls,26,1999,2,2,180,2,5,3,0,0,0,0,0,1.4,5,24,59,10,10,17,1,4,0,-2.0,1
Abu Kamara,ITA,Goalkeeper,Padova,28,1997,9,9,810,11,36,24,3,2,1,1,0,12.5,38,133,230,29,62,163,14,6,1,-11.0,1
Adam Beaudry,USA,Goalkeeper,Colorado Rapids,19,2006,1,1,90,3,5,3,0,0,0,0,0,2.2,4,18,21,6,6,4,0,0,0,-3.0,1
Agustín Marchesín,ARG,Goalkeeper,Boca Juniors,37,1988,25,25,2249,19,80,62,11,2,2,0,0,20.9,85,231,520,117,183,340,17,14,0,-19.0,1
Agustín Rossi,ARG,Goalkeeper,Flamengo,30,1995,40,40,3630,21,117,94,22,5,2,3,0,27.3,121,304,1040,142,135,446,45,36,3,-21.0,2
Alan Aguerre,ARG,Goalkeeper,Cen. Córdoba–SdE,35,1990,33,33,2970,36,113,78,11,2,2,0,0,31.7,121,385,487,87,274,478,17,12,0,-36.0,2
Aldair Quintana,COL,Goalkeeper,CA Bucaramanga,31,1994,6,6,540,10,34,23,1,2,1,1,0,10.5,26,64,126,33,43,80,4,6,1,-10.0,1
Alec Smir,USA,Goalkeeper,Minnesota Utd,26,1999,2,1,161,3,9,6,0,0,0,0,0,3.0,10,38,40,3,11,32,0,2,0,-3.0,1
Alessandro Confente,ITA,Goalkeeper,Juve Stabia,27,1998,9,9,810,10,28,18,3,2,2,0,0,10.1,39,110,299,28,46,137,10,7,0,-10.0,1
Alex McCarthy,ENG,Goalkeeper,Southampton,35,1989,6,6,540,8,20,12,1,0,0,0,0,8.4,27,88,144,29,46,82,4,5,0,-8.0,1
Alex Muralha,BRA,Goalkeeper,Mirassol,35,1989,7,7,630,10,28,18,0,1,1,0,0,8.8,14,55,160,27,38,120,5,16,0,-10.0,1
Alex Palmer,ENG,Goalkeeper,Ipswich Town,29,1996,10,10,833,10,26,17,1,2,2,0,0,7.6,31,73,288,46,33,105,4,20,0,-10.0,1
Alexander Domínguez,ECU,Goalkeeper,LDU de Quito,38,1987,1,1,90,0,3,3,1,0,0,0,0,0.0,0,0,0,0,0,0,0,0,0,0.0,1
Alexis Martin Arias,ARG,Goalkeeper,Cerro Porteño,33,1992,5,5,450,7,26,19,2,1,1,0,0,7.0,37,81,100,15,56,82,1,2,0,-7.0,1
Alexis Villa,ECU,Goalkeeper,LDU de Quito,24,2001,1,0,14,0,0,0,1,0,0,0,0,0.0,2,6,4,0,2,2,0,0,0,0.0,1
Aljaž Ivačič,SVN,Goalkeeper,NE Revolution,31,1993,24,24,2160,35,101,66,8,4,4,0,0,31.3,83,277,438,57,198,293,9,11,0,-35.0,1
Anatolii Trubin,UKR,Goalkeeper,Benfica,24,2001,7,7,630,3,19,16,4,0,0,0,0,4.5,18,62,118,22,53,72,2,5,0,-3.0,1
Andre Blake,JAM,Goalkeeper,Philadelphia Union,34,1990,21,21,1827,17,64,47,8,2,2,0,0,21.5,101,218,446,60,98,213,9,29,0,-17.0,1
Andrea Fulignati,ITA,Goalkeeper,Empoli,30,1994,9,9,810,16,47,31,0,3,3,0,0,15.7,45,133,312,28,30,133,5,4,0,-16.0,1
Andreas Jungdal,DEN,Goalkeeper,Westerlo,23,2002,12,12,1080,21,52,31,4,1,0,1,0,19.0,71,189,349,40,43,165,8,20,1,-21.0,1
Andrew,BRA,Goalkeeper,Gil Vicente FC,24,2001,9,9,775,4,25,20,6,2,1,1,0,6.6,42,125,246,37,68,110,10,14,1,-4.0,1
Andrew Rick,USA,Goalkeeper,Philadelphia Union,19,2006,14,13,1233,18,41,23,6,3,3,0,0,16.9,76,220,245,32,106,147,3,10,0,-18.0,1
Andrew Tarbell,USA,Goalkeeper,Houston Dynamo,32,1993,4,4,306,7,15,8,1,0,0,0,0,6.1,12,33,84,15,13,31,1,4,0,-7.0,1
Andrew Thomas,RUS,Goalkeeper,Seattle Sounders,27,1998,8,8,720,17,45,29,1,4,4,0,0,14.9,11,55,147,42,51,106,9,2,0,-17.0,1
Andries Noppert,NED,Goalkeeper,Heerenveen,31,1994,4,4,360,7,18,11,0,0,0,0,0,4.4,21,62,147,22,16,47,7,8,0,-7.0,1
André Ferreira,POR,Goalkeeper,Moreirense,29,1996,1,1,90,3,13,10,0,2,2,0,0,4.9,4,20,37,5,6,16,0,0,0,-3.0,1
André Gomes,POR,Goalkeeper,Alverca,21,2004,8,8,720,14,37,22,2,4,2,1,1,12.8,23,106,143,26,52,144,9,1,2,-14.0,1
Andrés Desábato,ARG,Goalkeeper,Platense,35,1990,4,4,360,8,15,7,0,0,0,0,0,6.4,8,29,60,8,19,42,3,5,0,-8.0,1
Andrés Gudiño,MEX,Goalkeeper,Cruz Azul,28,1997,1,1,90,1,2,1,0,0,0,0,0,0.6,5,13,45,3,2,7,1,3,0,-1.0,1
Andrés Sánchez,MEX,Goalkeeper,Atlético,28,1997,15,15,1350,24,61,40,4,4,3,1,0,21.2,57,150,331,66,124,197,3,27,1,-24.0,1
Anthoni,BRA,Goalkeeper,Internacional,23,2002,23,22,2025,34,83,51,5,1,1,0,0,24.5,69,213,383,68,167,273,13,22,0,-34.0,2
Antonio Sánchez,MEX,Goalkeeper,Atlas,25,2000,1,1,90,3,5,2,0,1,1,0,0,3.0,3,15,14,2,10,34,1,2,0,-3.0,1
Antony Iannarilli,ITA,Goalkeeper,Avellino,34,1990,9,9,810,15,41,26,2,1,1,0,0,12.4,43,141,231,22,62,187,9,2,0,-15.0,1
Arthur Okonkwo,ENG,Goalkeeper,Wrexham,24,2001,9,8,721,10,28,19,2,0,0,0,0,7.8,52,126,137,23,71,128,9,3,0,-10.0,1
Axel Werner,ARG,Goalkeeper,Rosario Central,29,1996,4,3,271,0,5,5,3,0,0,0,0,1.6,13,38,50,13,27,42,2,1,0,0.0,1
Balázs Tóth,HUN,Goalkeeper,Blackburn,28,1997,11,11,990,17,48,32,2,2,2,0,0,13.8,47,177,320,47,49,139,6,21,0,-17.0,1
Ben Killip,ENG,Goalkeeper,Portsmouth,29,1995,2,1,155,2,9,7,1,0,0,0,0,2.4,15,43,76,10,11,33,1,3,0,-2.0,1
Benjamin Lundt,GER,Goalkeeper,St. Louis,30,1995,9,9,810,14,46,31,2,2,1,1,0,14.1,50,114,210,43,81,126,6,6,1,-14.0,1
Bernardo Fontes,BRA,Goalkeeper,Tondela,23,2002,9,9,810,17,57,41,1,2,2,0,0,19.3,39,112,241,38,51,133,3,14,0,-17.0,1
Bernt Klaverboer,NED,Goalkeeper,Heerenveen,20,2005,6,6,540,11,27,16,0,0,0,0,0,9.4,30,114,215,25,26,89,7,5,0,-11.0,1
Blake Gillingham,USA,Goalkeeper,Houston Dynamo,23,2002,4,3,294,4,15,11,2,0,0,0,0,6.1,8,39,83,18,17,44,2,4,0,-4.0,1
Brad Guzan,USA,Goalkeeper,Atlanta Utd,41,1984,26,26,2340,49,134,85,2,6,6,0,0,43.6,107,254,664,123,182,292,8,33,0,-49.0,1
Brad Stuver,USA,Goalkeeper,Austin,34,1991,34,34,3060,45,171,127,9,6,5,1,0,46.9,172,516,1050,161,249,514,28,28,1,-45.0,1
Brayan Cortés,CHI,Goalkeeper,Colo-Colo,30,1995,7,7,630,18,39,21,1,1,1,0,0,11.8,20,100,99,14,49,96,8,3,0,-18.0,2
Brenno,BRA,Goalkeeper,Fortaleza,26,1999,6,6,540,7,23,15,1,1,0,1,0,7.8,24,66,98,23,52,77,1,2,1,-7.0,1
Brent Gabriël,BEL,Goalkeeper,Zulte Waregem,26,1999,12,12,1080,15,47,33,3,1,1,0,0,17.0,83,196,332,47,76,244,15,18,0,-15.0,1
Bruno Ferreira,BRA,Goalkeeper,Ceará,31,1994,22,22,1953,21,77,56,6,1,1,0,0,24.3,103,297,420,70,180,373,28,18,0,-21.0,1
C.J. dos Santos,USA,Goalkeeper,San Diego FC,25,2000,30,30,2700,38,125,87,10,6,5,1,0,39.2,36,107,887,137,130,273,18,46,1,-38.0,1
Caio Secco,BRA,Goalkeeper,Moreirense,34,1990,7,7,630,8,27,19,2,3,3,0,0,7.9,18,77,164,30,55,104,10,4,0,-8.0,1
Calvin Raatsie,NED,Goalkeeper,Excelsior,23,2002,2,2,180,6,16,10,0,0,0,0,0,5.3,13,38,110,8,11,24,2,9,0,-6.0,1
Camilo Vargas,COL,Goalkeeper,Atlas,36,1989,13,13,1170,28,69,39,1,6,3,2,1,22.9,50,167,356,40,112,225,4,7,3,-28.0,1
Carl Rushworth,ENG,Goalkeeper,Coventry City,24,2001,12,12,1080,9,39,30,6,2,2,0,0,12.1,78,258,388,36,87,152,8,21,0,-9.0,1
Carlos Acevedo,MEX,Goalkeeper,Santos,29,1996,15,15,1350,24,85,59,4,2,0,2,0,23.1,78,231,373,57,166,272,10,14,2,-24.0,1
Carlos Coronel,PAR,Goalkeeper,NY Red Bulls,28,1996,31,31,2790,42,140,99,10,3,2,1,0,47.8,94,376,837,152,173,363,24,58,1,-42.0,1
Carlos Lampe,BOL,Goalkeeper,Bolívar,38,1987,1,1,90,0,3,3,1,0,0,0,0,0.6,1,2,48,8,5,5,0,3,0,0.0,1
Carlos Miguel,BRA,Goalkeeper,Palmeiras,27,1998,3,3,270,6,14,9,1,2,2,0,0,3.1,11,29,51,7,12,17,3,1,0,-6.0,2
Carlos Moreno,MEX,Goalkeeper,Pachuca,27,1998,15,15,1350,19,54,36,4,3,3,0,0,13.6,92,217,493,96,98,184,17,35,0,-19.0,1
Caíque França,BRA,Goalkeeper,Sport Recife,30,1995,12,12,1080,20,59,40,2,4,3,0,1,17.7,44,106,223,52,98,164,10,11,1,-20.0,1
Cesar Ramos,MEX,Goalkeeper,Atlas,25,2000,1,1,90,2,4,2,0,0,0,0,0,1.8,6,19,19,1,11,12,1,0,0,-2.0,1
Cezary Miszta,POL,Goalkeeper,Rio Ave,23,2001,9,9,810,14,52,38,2,0,0,0,0,16.0,50,149,250,45,94,200,4,6,0,-14.0,1
Charles,BRA,Goalkeeper,Vitória,31,1994,4,4,360,8,21,14,0,0,0,0,0,6.5,12,48,120,12,25,35,2,3,0,-8.0,1
Chris Brady,USA,Goalkeeper,Chicago Fire,21,2004,28,28,2465,51,140,89,5,9,6,2,1,50.4,59,178,731,127,141,340,22,29,3,-51.0,1
Christian Walton,ENG,Goalkeeper,Ipswich Town,29,1995,2,1,157,3,9,6,1,0,0,0,0,3.1,2,15,54,10,8,21,5,3,0,-3.0,1
Cleiton Schwengber,BRA,Goalkeeper,RB Bragantino,28,1997,26,26,2340,38,120,83,6,1,1,0,0,32.1,77,206,618,153,170,453,24,18,0,-38.0,1
Colin Coosemans,BEL,Goalkeeper,Anderlecht,33,1992,12,12,1080,12,40,28,5,1,1,0,0,15.3,55,145,353,47,35,172,10,12,0,-12.0,1
Cássio,BRA,Goalkeeper,Cruzeiro,38,1987,28,28,2456,20,104,83,12,1,0,1,0,24.7,76,220,384,86,210,426,9,19,1,-20.0,1
Daniel,BRA,Goalkeeper,SJ Earthquakes,31,1994,29,29,2495,50,146,98,3,1,1,0,0,50.7,100,312,701,121,163,343,18,44,0,-50.0,1
Daniel Azevedo,POR,Goalkeeper,Casa Pia,27,1998,3,2,218,7,14,7,0,1,1,0,0,6.6,14,38,90,11,13,34,0,8,0,-7.0,1
Daniel Bielica,POL,Goalkeeper,NAC Breda,26,1999,9,9,810,16,54,38,0,2,2,0,0,16.2,69,165,267,32,57,106,2,19,0,-16.0,1
Daniel Figueira,POR,Goalkeeper,Gil Vicente FC,27,1998,1,0,31,0,5,5,1,0,0,0,0,0.7,3,17,10,0,7,18,0,0,0,0.0,1
Daniel Fuzato,BRA,Goalkeeper,Vasco da Gama,28,1997,2,1,92,4,6,2,0,0,0,0,0,2.3,5,15,41,0,11,21,0,0,0,-4.0,1
Daniel Iversen,DEN,Goalkeeper,Preston,28,1997,12,12,1080,12,36,25,4,0,0,0,0,11.0,75,270,407,51,108,171,13,27,0,-12.0,1
Danny Ward,WAL,Goalkeeper,Wrexham,32,1993,4,4,359,7,22,15,0,0,0,0,0,7.7,30,87,78,10,45,78,8,2,0,-7.0,1
David Bingham,USA,Goalkeeper,Charlotte,36,1989,2,2,180,2,11,9,1,0,0,0,0,2.4,3,18,48,8,14,37,4,1,0,-2.0,1
David Ochoa,USA,Goalkeeper,LAFC,24,2001,1,1,90,1,1,0,0,0,0,0,0,0.9,0,1,18,7,5,13,0,0,0,-1.0,1
David Ospina,COL,Goalkeeper,Nacional,37,1988,7,7,660,7,27,20,2,3,3,0,0,7.8,36,80,242,38,23,79,6,5,0,-7.0,1
Davy Roef,BEL,Goalkeeper,Gent,31,1994,12,12,1080,17,66,51,3,1,1,0,0,17.7,51,152,376,77,68,196,10,11,0,-17.0,1
Dayne St. Clair,CAN,Goalkeeper,Minnesota Utd,28,1997,30,30,2700,30,139,111,10,4,2,1,1,36.7,163,522,811,94,194,548,18,17,2,-30.0,1
Demba Thiam,SEN,Goalkeeper,Monza,27,1998,9,9,810,7,28,20,3,1,0,1,0,8.5,49,126,293,36,33,106,13,21,1,-7.0,1
Diego Enriquez,PER,Goalkeeper,Sporting Cristal,23,2002,6,6,540,16,43,27,0,2,2,0,0,12.9,19,56,131,18,48,85,4,6,0,-16.0,1
Diego Mascardi,ITA,Goalkeeper,Spezia,19,2006,5,5,450,8,19,11,1,2,2,0,0,7.8,33,91,164,14,35,54,5,4,0,-8.0,1
Diego Matías Rodríguez,ARG,Goalkeeper,Arg Juniors,36,1989,28,28,2475,17,77,60,15,3,2,1,0,20.6,154,347,760,53,147,319,14,11,1,-17.0,1
Diogenes,BRA,Goalkeeper,Santos,24,2001,1,0,23,0,3,3,0,0,0,0,0,0.2,4,11,5,1,9,14,1,0,0,0.0,1
Diogo Costa,POR,Goalkeeper,Porto,26,1999,8,8,720,1,13,13,7,0,0,0,0,2.6,44,95,303,21,41,93,2,18,0,-1.0,1
Drake Callender,USA,Goalkeeper,Inter Miami,28,1997,3,2,185,5,13,8,0,0,0,0,0,4.7,10,17,57,10,9,15,0,3,0,-5.0,1
Earl Edwards Jr.,USA,Goalkeeper,SJ Earthquakes,33,1992,7,5,565,13,26,13,2,1,1,0,0,9.4,25,75,143,35,34,62,1,10,0,-13.0,1
Edoardo Motta,ITA,Goalkeeper,Reggiana,20,2005,9,9,810,14,48,34,1,0,0,0,0,15.3,27,121,185,40,88,154,6,5,0,-14.0,1
Egil Selvik,NOR,Goalkeeper,Watford,28,1997,11,11,945,15,45,31,0,0,0,0,0,15.0,38,133,280,36,77,164,7,9,0,-15.0,1
Enrique Bologna,ARG,Goalkeeper,Defensa y Just,43,1982,29,29,2610,35,121,88,9,3,3,0,0,35.1,173,365,626,102,221,466,17,18,0,-35.0,1
Ethan Horvath,USA,Goalkeeper,Sheffield Weds,30,1995,8,8,719,17,43,27,1,1,1,0,0,14.0,32,180,218,33,77,143,8,14,0,-17.0,1
Etienne Vaessen,SUR,Goalkeeper,Groningen,30,1995,7,7,630,5,20,15,3,0,0,0,0,3.4,68,175,335,36,39,96,8,26,0,-5.0,1
Evan Bush,USA,Goalkeeper,Columbus Crew,39,1986,6,6,540,5,15,10,2,0,0,0,0,4.1,7,27,177,25,35,47,4,15,0,-5.0,1
Evan Louro,USA,Goalkeeper,FC Cincinnati,29,1996,4,4,360,4,20,16,1,0,0,0,0,5.5,20,58,83,5,48,64,1,8,0,-4.0,1
Ezequiel Centurión,ARG,Goalkeeper,Ind. Rivadavia,28,1997,29,29,2610,31,119,90,11,6,5,1,0,32.5,170,504,592,105,250,536,27,14,1,-31.0,1
Ezequiel Unsain,ARG,Goalkeeper,Necaxa,30,1995,15,15,1350,30,63,33,1,4,3,0,1,23.0,66,190,339,37,140,165,12,20,1,-30.0,1
Fabian de Keijzer,NED,Goalkeeper,Heracles Almelo,25,2000,8,8,720,20,56,36,1,0,0,0,0,19.2,76,214,285,17,50,134,6,7,0,-20.0,1
Fabricio Iacovich,ARG,Goalkeeper,Estudiantes–LP,23,2002,1,1,90,0,3,3,1,0,0,0,0,0.3,1,2,10,4,6,13,0,0,0,0.0,1
Facundo Altamirano,ARG,Goalkeeper,San Lorenzo,29,1996,1,1,90,1,1,0,0,0,0,0,0,0.9,6,18,18,1,4,13,0,2,0,-1.0,1
Facundo Cambeses,ARG,Goalkeeper,Racing Club,28,1997,17,14,1324,10,59,49,9,0,0,0,0,12.5,74,217,288,47,132,216,8,7,0,-10.0,2
Facundo Sanguinetti,ARG,Goalkeeper,Banfield,24,2001,29,29,2610,37,123,84,8,6,4,2,0,35.9,159,406,511,97,229,420,20,16,2,-37.0,1
Federico Del Frate,ITA,Goalkeeper,Virtus Entella,29,1995,1,1,90,2,5,3,0,0,0,0,0,1.8,1,1,15,7,5,12,1,4,0,-2.0,1
Federico Lanzillota,ARG,Goalkeeper,Bolívar,32,1992,3,3,270,7,12,5,1,0,0,0,0,5.1,1,9,131,22,30,25,3,10,0,-7.0,1
Federico Losas,ARG,Goalkeeper,Platense,23,2002,4,4,360,7,16,9,0,0,0,0,0,6.6,22,52,64,14,24,37,3,3,0,-7.0,1
Felipe Longo,BRA,Goalkeeper,Corinthians,20,2005,2,2,180,3,7,4,1,1,1,0,0,2.4,5,24,42,4,16,41,0,1,0,-3.0,1
Felipe Zenobio,ARG,Goalkeeper,Tigre,25,2000,29,29,2610,23,94,71,11,3,2,0,1,26.7,120,346,509,97,186,442,29,11,1,-23.0,1
Fernando Miguel,BRA,Goalkeeper,Ceará,40,1985,8,7,657,7,33,26,3,2,2,0,0,8.7,38,116,168,25,59,148,9,9,0,-7.0,1
Fernando Muslera,URU,Goalkeeper,Estudiantes–LP,39,1986,16,16,1470,15,66,52,6,1,1,0,0,17.0,75,196,411,96,108,233,26,19,0,-15.0,2
Fernando de Paul,CHI,Goalkeeper,Colo-Colo,34,1991,1,1,90,0,4,4,1,0,0,0,0,0.2,3,6,21,9,4,9,0,0,0,0.0,1
Filip Stankovic,SRB,Goalkeeper,Venezia,23,2002,9,9,810,9,37,28,4,0,0,0,0,10.5,48,124,401,45,25,135,7,10,0,-9.0,1
Francesco Bardi,ITA,Goalkeeper,Palermo,33,1992,1,1,90,1,3,2,0,0,0,0,0,0.2,2,6,16,4,3,17,0,0,0,-1.0,1
Franco Armani,ARG,Goalkeeper,River Plate,39,1986,37,37,3360,30,122,93,17,1,1,0,0,33.599999999999994,121,306,629,181,251,378,15,37,0,-30.0,2
Franco Petroli,ARG,Goalkeeper,Godoy Cruz,27,1998,29,29,2610,34,107,74,11,4,3,1,0,34.8,230,514,826,127,177,418,40,33,1,-34.0,1
Fábio,BRA,Goalkeeper,Fluminense,45,1980,29,29,2610,35,99,64,10,1,0,1,0,31.7,62,182,463,112,180,358,24,15,1,-35.0,1
Gabriel,BRA,Goalkeeper,Vitória,33,1992,18,18,1620,28,98,70,3,3,3,0,0,28.5,76,234,396,70,119,245,11,32,0,-28.0,2
Gabriel Arias,CHI,Goalkeeper,Racing Club,38,1987,26,26,2273,25,93,67,9,3,2,1,0,26.299999999999997,107,326,564,87,197,300,12,35,1,-25.0,2
Gabriel Batista,BRA,Goalkeeper,Santa Clara,27,1998,9,9,810,10,33,22,3,1,0,1,0,10.4,41,123,199,44,69,121,8,3,1,-10.0,1
Gabriel Brazão,BRA,Goalkeeper,Santos,25,2000,29,29,2587,42,129,88,6,5,5,0,0,39.0,96,257,459,84,192,398,7,22,0,-42.0,1
Gabriel Castellón,CHI,Goalkeeper,U de Chile,32,1993,6,6,540,6,23,17,2,1,1,0,0,6.1,22,55,106,19,36,83,2,6,0,-6.0,1
Gabriel Chapecó,BRA,Goalkeeper,Grêmio,25,2000,5,5,450,7,27,20,1,1,1,0,0,8.9,24,67,88,19,48,99,7,4,0,-7.0,1
Gabriel Delfim,BRA,Goalkeeper,Atlético Mineiro,23,2002,2,2,180,2,7,5,1,0,0,0,0,1.1,7,22,57,6,10,20,3,8,0,-2.0,1
Gastón Olveira,URU,Goalkeeper,Olimpia,32,1993,3,3,270,4,13,9,1,0,0,0,0,2.8,15,39,64,5,20,35,0,1,0,-4.0,1
Gatito Fernández,PAR,Goalkeeper,Cerro Porteño,37,1988,3,3,270,5,15,10,0,0,0,0,0,5.3,13,31,56,11,27,39,1,5,0,-5.0,1
Gavin Bazunu,IRL,Goalkeeper,Southampton,23,2002,6,6,540,9,16,8,1,1,1,0,0,5.8,15,67,167,32,47,80,2,7,0,-9.0,1
Gaëtan Coucke,BEL,Goalkeeper,Sampdoria,26,1998,2,2,180,3,5,2,0,0,0,0,0,3.0,8,21,29,5,16,21,0,0,0,-3.0,1
Giacomo Poluzzi,ITA,Goalkeeper,Südtirol,37,1988,2,2,180,2,9,7,0,0,0,0,0,3.1,13,34,33,0,12,27,2,3,0,-2.0,1
Gonzalo Crettaz,ARG,Goalkeeper,NEC Nijmegen,25,2000,10,10,900,19,49,30,2,3,3,0,0,18.9,76,255,476,48,38,107,3,34,0,-19.0,1
Gonzalo Siri Payer,ARG,Goalkeeper,Arg Juniors,22,2003,1,0,45,1,2,1,0,0,0,0,0,0.3,2,4,7,1,8,6,0,0,0,-1.0,1
Gonzalo Valle,ECU,Goalkeeper,LDU de Quito,29,1996,10,10,886,5,47,42,6,0,0,0,0,11.3,41,137,266,41,95,185,6,10,0,-5.0,1
Guido Herrera,ARG,Goalkeeper,Talleres,33,1992,31,31,2745,32,109,79,10,1,1,0,0,32.7,162,385,770,97,162,396,25,18,0,-32.0,2
Guido Villar,ARG,Goalkeeper,Independiente,27,1998,6,6,540,11,29,18,1,2,1,1,0,8.8,19,46,110,18,39,85,2,5,1,-11.0,1
Guillaume Dietsch,FRA,Goalkeeper,Dender,24,2001,3,3,270,6,20,14,0,0,0,0,0,5.1,20,49,67,17,23,65,4,6,0,-6.0,1
Guillermo Allison,MEX,Goalkeeper,Querétaro,35,1990,10,10,900,18,59,40,2,4,3,1,0,20.2,38,142,178,28,109,237,13,7,1,-18.0,1
Guillermo Vizcarra,BOL,Goalkeeper,Alianza Lima,32,1993,6,6,540,11,29,18,0,2,2,0,0,6.8,36,87,118,33,55,88,5,3,0,-11.0,1
Guillermo de Amores,URU,Goalkeeper,Peñarol,31,1994,3,3,270,2,10,8,2,0,0,0,0,1.8,11,40,69,19,20,29,1,0,0,-2.0,1
Gustavo,BRA,Goalkeeper,Juventude,32,1993,10,10,855,22,56,33,1,3,2,1,0,18.0,27,81,224,47,67,148,8,1,1,-22.0,1
Harlen Castillo,COL,Goalkeeper,Nacional,32,1993,1,1,90,0,2,2,1,0,0,0,0,0.1,4,13,32,2,0,8,0,0,0,0.0,1
Helton Leite,BRA,Goalkeeper,Fortaleza,34,1990,6,6,540,11,28,17,1,2,2,0,0,8.1,20,54,101,26,37,65,4,2,0,-11.0,2
Hendrik Van Crombrugge,BEL,Goalkeeper,Genk,32,1993,5,5,450,7,26,20,0,1,1,0,0,8.4,20,47,176,22,13,64,4,2,0,-7.0,1
Hernán Galíndez,ECU,Goalkeeper,Huracán,38,1987,25,25,2250,16,67,51,14,3,2,1,0,20.0,123,354,535,57,182,351,24,11,1,-16.0,1
Hidde Jurjus,NED,Goalkeeper,Groningen,31,1994,3,3,270,9,17,9,0,1,1,0,0,6.0,16,58,104,11,11,34,2,4,0,-9.0,1
Hugo González Durán,MEX,Goalkeeper,Toluca,35,1990,9,9,807,11,35,24,3,1,0,1,0,10.5,21,75,215,35,62,110,7,11,1,-11.0,1
Hugo Lloris,FRA,Goalkeeper,LAFC,38,1986,32,32,2835,34,102,70,11,4,3,0,1,31.5,137,360,682,116,177,387,17,24,1,-34.0,1
Hugo Souza,BRA,Goalkeeper,Corinthians,26,1999,23,23,2070,26,78,52,8,6,6,0,0,27.1,76,212,527,81,145,278,11,9,0,-26.0,1
Ignacio Arce,ARG,Goalkeeper,Deportivo Riestra,33,1992,29,29,2610,16,107,94,19,4,4,0,0,25.0,324,845,744,20,248,670,60,44,0,-16.0,1
Ignacio De Arruabarrena,URU,Goalkeeper,Barcelona,28,1997,2,1,144,3,9,6,0,0,0,0,0,2.1,5,14,23,5,20,19,1,3,0,-3.0,1
Ivan,BRA,Goalkeeper,Internacional,28,1997,3,3,270,2,16,13,1,1,0,1,0,3.4,10,40,49,7,24,43,2,1,1,-2.0,1
Ivor Pandur,CRO,Goalkeeper,Hull City,25,2000,12,12,1080,20,56,35,2,2,1,1,0,19.0,92,265,381,37,98,223,19,16,1,-20.0,1
J.T. Marcinkowski,USA,Goalkeeper,LA Galaxy,28,1997,3,3,270,3,7,4,1,0,0,0,0,2.7,4,26,98,15,14,41,3,2,0,-3.0,1
Jacob Jackson,USA,Goalkeeper,FC Dallas,25,2000,4,3,342,4,25,22,1,0,0,0,0,5.7,26,89,83,11,39,106,3,3,0,-4.0,1
Jacob Widell Zetterström,SWE,Goalkeeper,Derby County,27,1998,12,12,1080,16,59,43,3,2,2,0,0,18.3,96,250,352,49,70,220,9,4,0,-16.0,1
Jakub Stolarczyk,POL,Goalkeeper,Leicester City,24,2000,12,12,1080,12,45,33,3,2,1,1,0,15.4,36,112,352,56,71,176,14,13,1,-12.0,1
James Beadle,ENG,Goalkeeper,Birmingham City,21,2004,4,4,360,5,17,13,1,0,0,0,0,4.9,13,82,169,17,32,64,4,7,0,-5.0,1
James Pantemis,CAN,Goalkeeper,Portland Timbers,28,1997,19,19,1710,26,95,67,4,6,3,3,0,25.9,94,217,618,74,131,288,12,24,3,-26.0,1
Jamie Cumming,ENG,Goalkeeper,Oxford United,26,1999,12,12,1080,15,50,35,2,0,0,0,0,14.8,66,212,307,40,77,188,8,14,0,-15.0,1
Jandrei,BRA,Goalkeeper,Juventude,32,1993,12,12,1080,20,51,31,3,2,2,0,0,18.3,68,171,285,33,76,192,14,4,0,-20.0,1
Jari De Busser,BEL,Goalkeeper,Go Ahead Eag,26,1999,10,10,900,16,56,41,3,0,0,0,0,17.1,47,162,382,39,48,173,7,17,0,-16.0,1
Jasper Schendelaar,NED,Goalkeeper,Zwolle,25,2000,2,2,180,4,9,5,0,1,1,0,0,3.8,11,36,58,12,15,21,2,3,0,-4.0,1
Javier Burrai,ECU,Goalkeeper,Talleres,35,1990,5,4,405,3,14,10,3,1,0,1,0,3.3,22,46,112,26,35,73,5,4,1,-3.0,2
Javier Otero,VEN,Goalkeeper,Orlando City,22,2002,2,2,180,2,7,5,0,1,1,0,0,2.6,5,9,32,10,11,39,4,1,0,-2.0,1
Jayden Hibbert,CAN,Goalkeeper,Atlanta Utd,21,2004,8,8,720,14,45,31,2,0,0,0,0,14.0,21,74,217,36,42,100,7,9,0,-14.0,1
Jeffrey Gal,USA,Goalkeeper,Chicago Fire,32,1993,7,6,591,9,19,11,1,1,1,0,0,6.2,19,52,149,27,41,73,7,3,0,-9.0,1
Jeremías Ledesma,ARG,Goalkeeper,River Plate,32,1993,2,2,180,4,12,8,0,2,2,0,0,4.6,9,17,32,11,18,24,1,0,0,-4.0,1
Jeroen Zoet,NED,Goalkeeper,AZ Alkmaar,34,1991,1,1,90,1,7,6,0,0,0,0,0,1.3,5,18,21,3,7,13,0,0,0,-1.0,1
Jesse Joronen,FIN,Goalkeeper,Palermo,32,1993,8,8,720,4,25,22,4,1,0,1,0,6.5,53,138,216,31,51,108,2,4,1,-4.0,1
Jesús Camargo,VEN,Goalkeeper,Dep Táchira,27,1997,6,6,540,11,37,26,0,0,0,0,0,11.1,22,65,136,30,55,108,4,15,0,-11.0,1
Jesús Rodríguez,MEX,Goalkeeper,Puebla,32,1993,5,5,405,14,24,11,1,4,4,0,0,10.0,23,61,108,15,40,57,0,6,0,-14.0,1
Jimmy Maurer,USA,Goalkeeper,Houston Dynamo,37,1988,2,1,120,1,5,4,0,0,0,0,0,0.8,6,20,36,4,6,16,1,1,0,-1.0,1
Joe Lumley,ENG,Goalkeeper,Sheffield Weds,30,1995,2,2,180,3,11,8,0,0,0,0,0,3.4,9,35,57,5,20,20,1,5,0,-3.0,1
Joe Walsh,ENG,Goalkeeper,QPR,23,2002,4,4,360,11,17,6,0,0,0,0,0,6.8,17,75,127,21,26,66,7,3,0,-11.0,1
Joe Willis,USA,Goalkeeper,Nashville SC,37,1988,34,34,3060,45,136,90,9,5,3,2,0,44.9,100,281,958,172,178,399,29,20,2,-45.0,1
Joel Drommel,NED,Goalkeeper,Sparta R'dam,28,1996,10,10,900,22,59,36,4,1,0,1,0,19.4,104,241,388,52,70,205,8,10,1,-22.0,1
Joel Robles,ESP,Goalkeeper,Estoril,35,1990,9,9,810,14,35,21,0,4,4,0,0,15.7,65,182,199,41,94,144,6,27,0,-14.0,1
John,BRA,Goalkeeper,Botafogo (RJ),29,1996,25,25,2250,18,84,65,12,2,2,0,0,22.5,100,257,729,87,144,353,20,22,0,-18.0,2
John McCarthy,USA,Goalkeeper,NY Red Bulls,33,1992,12,12,1080,29,62,34,0,4,3,1,0,23.099999999999998,30,137,271,51,59,144,8,12,1,-29.0,2
John Pulskamp,USA,Goalkeeper,Sporting KC,24,2001,34,34,3060,70,187,118,4,9,7,1,1,60.1,142,493,715,128,262,409,20,29,2,-70.0,1
Jonathan Bond,ENG,Goalkeeper,Houston Dynamo,32,1993,26,26,2340,44,109,65,7,4,3,1,0,36.2,93,245,674,109,101,318,11,37,1,-44.0,1
Jonathan Klinsmann,USA,Goalkeeper,Cesena,28,1997,9,9,810,11,26,15,1,1,1,0,0,9.8,28,131,196,28,66,132,6,1,0,-11.0,1
Jonathan Sirois,CAN,Goalkeeper,CF Montréal,24,2001,23,23,2070,39,113,74,4,0,0,0,0,34.9,80,218,804,100,97,213,16,28,0,-39.0,1
Jordan Farr,USA,Goalkeeper,D.C. United,31,1994,3,2,248,8,17,10,0,0,0,0,0,5.5,21,46,71,10,15,41,1,9,0,-8.0,1
Jorge Broun,ARG,Goalkeeper,Rosario Central,39,1986,26,26,2339,14,70,57,13,1,1,0,0,16.7,133,275,439,108,221,387,17,4,0,-14.0,1
Jorge Carranza,ARG,Goalkeeper,Aldosivi,44,1981,25,25,2250,35,110,76,7,4,4,0,0,29.2,125,328,504,102,174,362,21,23,0,-35.0,1
Josef Bursik,ENG,Goalkeeper,Portsmouth,25,2000,6,6,540,8,25,18,1,0,0,0,0,7.2,47,161,243,32,47,96,6,7,0,-8.0,1
Joshua Griffiths,ENG,Goalkeeper,West Brom,24,2001,12,12,1080,14,39,26,3,0,0,0,0,11.8,59,193,325,39,100,195,9,8,0,-14.0,1
Josue Reinatti,ARG,Goalkeeper,Newell's OB,22,2003,2,2,180,4,14,10,0,1,1,0,0,4.6,7,11,55,20,6,33,3,1,0,-4.0,1
José Antonio Rodríguez,MEX,Goalkeeper,Tijuana,33,1992,15,14,1339,19,67,47,6,3,2,1,0,18.1,99,207,525,49,135,234,8,9,1,-19.0,1
José Contreras Verna,VEN,Goalkeeper,Barcelona,31,1994,5,5,396,4,21,16,2,1,0,1,0,5.9,16,63,77,15,44,62,7,0,1,-4.0,1
José Corona,MEX,Goalkeeper,Tijuana,44,1981,1,1,11,0,0,0,0,0,0,0,0,0.0,0,0,0,0,0,0,0,0,0,0.0,1
José Rangel Aguilar,MEX,Goalkeeper,Guadalajara,25,2000,15,15,1350,20,61,40,3,6,4,1,1,18.3,51,111,316,59,109,164,7,38,2,-20.0,1
José Santiago Hernández,MEX,Goalkeeper,Querétaro,28,1997,5,5,450,10,23,14,0,1,1,0,0,7.6,17,61,96,20,47,70,1,7,0,-10.0,1
João Gonçalves,POR,Goalkeeper,AVS Futebol,24,2000,1,1,90,2,5,3,0,1,1,0,0,2.8,4,16,18,4,12,18,0,1,0,-2.0,1
João Ricardo Riedi,BRA,Goalkeeper,Fortaleza,37,1988,20,20,1800,23,101,78,10,2,1,1,0,29.599999999999998,100,246,389,86,139,246,19,19,1,-23.0,2
João Valido,POR,Goalkeeper,Arouca,25,2000,9,9,810,24,48,23,0,6,5,1,0,19.5,32,118,270,58,84,148,5,19,1,-24.0,1
João Virgínia,POR,Goalkeeper,Sporting CP,26,1999,2,2,180,1,4,3,1,0,0,0,0,1.3,3,8,50,9,4,26,3,1,0,-1.0,1
Juan Castillo,COL,Goalkeeper,Vitória,22,2003,5,5,450,6,24,18,1,1,1,0,0,6.0,21,52,101,13,26,67,3,8,0,-6.0,1
Juan Cozzani,ARG,Goalkeeper,Platense,27,1998,21,21,1890,16,75,61,8,2,2,0,0,21.5,115,409,407,31,134,311,14,21,0,-16.0,1
Juan Espínola,PAR,Goalkeeper,Newell's OB,30,1994,20,20,1800,34,93,59,5,2,2,0,0,25.2,133,355,440,71,147,336,25,17,0,-34.0,2
Juan González,URU,Goalkeeper,Atlé Tucumán,32,1993,6,6,540,5,22,18,2,1,1,0,0,5.0,39,92,137,17,42,87,9,6,0,-5.0,1
Juan Zozaya,ARG,Goalkeeper,Cen. Córdoba–SdE,24,2001,2,2,180,3,8,5,0,0,0,0,0,3.9,6,14,28,6,12,29,0,0,0,-3.0,1
Julio José González,MEX,Goalkeeper,Puebla,34,1991,11,10,945,24,47,23,1,4,3,1,0,16.2,44,97,227,53,87,131,7,11,1,-24.0,1
Kaique,BRA,Goalkeeper,Nacional,22,2003,3,3,270,3,8,5,1,1,1,0,0,2.4,21,74,90,14,25,52,5,6,0,-3.0,1
Kayne van Oevelen,NED,Goalkeeper,Volendam,22,2003,10,10,900,16,53,37,1,0,0,0,0,14.7,59,250,352,41,87,162,10,11,0,-16.0,1
Kevin Mier,COL,Goalkeeper,Cruz Azul,25,2000,14,14,1260,16,48,33,4,0,0,0,0,13.2,49,142,496,30,95,157,2,28,0,-16.0,1
Keylor Navas,CRC,Goalkeeper,UNAM,38,1986,27,27,2430,27,116,89,9,5,2,2,1,33.3,145,339,544,83,274,463,16,15,3,-27.0,2
Kim Joonhong,KOR,Goalkeeper,D.C. United,22,2003,8,8,720,19,42,23,1,2,2,0,0,16.8,59,135,213,30,55,93,5,15,0,-19.0,1
Kjell Scherpen,NED,Goalkeeper,Union SG,25,2000,9,9,810,3,23,20,6,0,0,0,0,3.4,33,89,222,23,32,109,7,2,0,-3.0,1
Kostas Lamprou,GRE,Goalkeeper,NAC Breda,34,1991,1,1,90,3,4,2,0,0,0,0,0,2.1,17,32,37,3,10,11,0,4,0,-3.0,1
Kristijan Kahlina,CRO,Goalkeeper,Charlotte,33,1992,32,32,2880,44,168,123,12,9,8,1,0,52.2,94,250,848,168,174,459,21,21,1,-44.0,1
Lars Unnerstall,GER,Goalkeeper,Twente,35,1990,10,10,900,17,33,18,0,0,0,0,0,11.6,43,120,246,38,52,110,5,12,0,-17.0,1
Lautaro Morales,ARG,Goalkeeper,Lanús,25,1999,2,1,135,3,4,1,0,0,0,0,0,1.9,4,11,30,5,10,13,1,0,0,-3.0,1
Lawrence Vigouroux,CHI,Goalkeeper,Swansea City,31,1993,12,12,1080,12,48,36,3,0,0,0,0,15.0,56,175,376,55,88,168,17,9,0,-12.0,1
Lazar Carević,MNE,Goalkeeper,Famalicão,26,1999,9,9,810,4,33,29,6,1,1,0,0,7.6,22,89,257,35,47,125,5,11,0,-4.0,1
Leandro Brey,ARG,Goalkeeper,Boca Juniors,23,2002,4,3,271,2,10,8,2,0,0,0,0,2.7,7,21,61,15,17,63,1,2,0,-2.0,1
Leandro Chichizola,ARG,Goalkeeper,Modena,35,1990,9,9,810,5,22,17,4,1,1,0,0,6.6,84,187,323,29,42,93,8,3,0,-5.0,1
Leo Kokubo,JPN,Goalkeeper,Sint-Truiden,24,2001,12,12,1080,16,52,37,2,2,2,0,0,18.3,44,138,315,52,62,146,13,19,0,-16.0,1
Leonardo Linck,BRA,Goalkeeper,Botafogo (RJ),24,2001,11,10,946,14,40,26,3,2,2,0,0,13.0,33,109,266,23,45,159,8,5,0,-14.0,1
Lorenzo Palmisani,ITA,Goalkeeper,Frosinone,21,2004,9,9,810,9,45,35,3,4,1,1,2,13.1,46,178,299,58,44,155,14,11,3,-9.0,1
Lucas Acosta,ARG,Goalkeeper,Sarmiento,30,1995,29,29,2610,33,141,111,9,4,3,0,1,40.5,164,498,663,58,219,453,21,26,1,-33.0,1
Lucas Arcanjo,BRA,Goalkeeper,Vitória,27,1998,29,29,2545,41,144,103,7,4,4,0,0,40.4,126,363,577,101,232,520,19,14,0,-41.0,1
Lucas Bruera,ARG,Goalkeeper,Carabobo,28,1997,6,6,540,13,39,26,0,3,3,0,0,11.2,11,54,67,18,60,95,3,4,0,-13.0,1
Lucas França,BRA,Goalkeeper,Nacional,29,1996,6,6,540,10,28,18,1,1,1,0,0,8.3,40,115,121,17,45,81,3,10,0,-10.0,1
Lucas Verza,PAR,Goalkeeper,Olimpia,24,2001,1,1,90,0,3,2,1,1,0,1,0,1.3,4,13,21,7,9,11,1,0,1,0.0,1
Lucão,BRA,Goalkeeper,RB Bragantino,24,2001,4,4,360,9,30,21,1,0,0,0,0,10.2,7,29,96,19,32,71,3,3,0,-9.0,1
Luis Barraza,USA,Goalkeeper,D.C. United,28,1996,24,24,2090,39,118,80,3,3,2,0,1,35.3,137,406,646,105,166,305,18,22,1,-39.0,1
Luis Cárdenas,MEX,Goalkeeper,Monterrey,32,1993,2,2,180,4,13,10,0,0,0,0,0,2.5,5,23,106,10,8,24,0,0,0,-4.0,1
Luis Ingolotti,ARG,Goalkeeper,Gimnasia–LP,25,2000,3,3,270,7,14,7,0,2,2,0,0,7.1,11,31,55,12,21,54,1,0,0,-7.0,1
Luis Manuel García,MEX,Goalkeeper,Toluca,32,1992,7,6,543,7,24,17,1,3,3,0,0,8.0,16,46,157,25,48,80,0,6,0,-7.0,1
Luis Mejía,PAN,Goalkeeper,Nacional,34,1991,6,6,540,10,31,21,1,1,1,0,0,10.7,14,54,85,12,35,85,6,3,0,-10.0,1
Luis Ángel Malagón,MEX,Goalkeeper,América,28,1997,13,13,1170,14,38,24,4,0,0,0,0,14.2,48,121,314,30,69,122,4,15,0,-14.0,1
Luka Gavran,CAN,Goalkeeper,Toronto FC,25,2000,3,3,270,3,9,6,0,0,0,0,0,2.1,10,42,87,11,20,46,3,3,0,-3.0,1
Lukáš Horníček,CZE,Goalkeeper,Braga,23,2002,9,9,810,8,27,18,3,2,1,1,0,9.6,21,81,319,40,45,82,5,33,1,-8.0,1
Léo Aragão,BRA,Goalkeeper,Cruzeiro,23,2002,3,2,244,1,9,8,2,0,0,0,0,1.6,6,19,41,15,29,45,0,0,0,-1.0,1
Léo Jardim,BRA,Goalkeeper,Vasco da Gama,30,1995,29,29,2605,37,114,80,7,2,2,0,0,35.7,68,238,690,103,215,442,28,32,0,-37.0,1
Maarten Paes,IDN,Goalkeeper,FC Dallas,27,1998,22,22,1980,43,105,62,3,7,7,0,0,40.8,121,280,546,89,144,370,18,31,0,-43.0,1
Magrão,BRA,Goalkeeper,Fortaleza,25,2000,3,3,270,4,12,8,0,2,2,0,0,4.2,9,27,44,12,25,30,1,1,0,-4.0,1
Manuel Roffo,ARG,Goalkeeper,Instituto,25,2000,29,29,2610,32,110,78,12,2,2,0,0,31.5,153,395,605,109,197,421,32,14,0,-32.0,1
Manuel Vicentini,ARG,Goalkeeper,Belgrano,35,1990,5,5,450,5,18,12,2,1,0,1,0,8.8,24,93,113,18,41,107,3,14,1,-5.0,1
Marcelo Lomba,BRA,Goalkeeper,Palmeiras,38,1986,2,2,180,2,7,5,1,0,0,0,0,1.9,9,12,42,14,16,24,2,1,0,-2.0,2
Marco Bleve,ITA,Goalkeeper,Carrarese,30,1995,9,9,810,11,29,19,4,0,0,0,0,8.5,56,128,296,24,43,126,8,7,0,-11.0,1
Marco Festa,ITA,Goalkeeper,Mantova,33,1992,9,9,810,15,39,26,1,1,0,0,1,13.8,21,52,280,38,41,125,6,4,1,-15.0,1
Marcos Felipe,BRA,Goalkeeper,Bahia,29,1996,15,14,1332,15,56,41,5,2,2,0,0,15.6,57,143,454,75,116,239,8,29,0,-15.0,2
Marcos Ignacio Ledesma,ARG,Goalkeeper,Barracas Central,29,1996,28,28,2520,31,117,88,7,0,0,0,0,28.0,198,509,503,106,218,521,43,12,0,-31.0,1
Marcos Peano,ARG,Goalkeeper,La Louvière,27,1998,12,12,1080,10,52,42,6,2,1,0,1,16.0,102,275,359,44,84,208,16,29,1,-10.0,1
Marcão,BRA,Goalkeeper,Juventude,33,1992,6,5,495,10,41,32,1,1,1,0,0,11.5,12,56,130,29,24,78,4,4,0,-10.0,1
Marino Arzamendia,PAR,Goalkeeper,Olimpia,27,1998,2,2,180,7,12,5,0,2,2,0,0,5.0,13,26,42,7,14,19,1,4,0,-7.0,1
Marius Adamonis,LTU,Goalkeeper,Südtirol,28,1997,7,7,630,10,25,15,0,1,1,0,0,9.0,46,127,97,14,61,95,10,4,0,-10.0,1
Martin Delavallée,BEL,Goalkeeper,Charleroi,21,2004,12,12,1080,17,38,22,2,3,3,0,0,11.8,77,207,334,68,61,218,10,15,0,-17.0,1
Martín Campaña,URU,Goalkeeper,Peñarol,36,1989,3,3,270,2,13,11,2,0,0,0,0,2.0,17,50,40,4,23,55,4,0,0,-2.0,1
Martín Silva,URU,Goalkeeper,Libertad,42,1983,3,3,300,3,18,15,1,0,0,0,0,4.6,28,50,51,7,33,44,3,5,0,-3.0,1
Matej Kovar,CZE,Goalkeeper,PSV Eindhoven,25,2000,10,10,900,14,43,29,2,2,1,0,1,12.9,54,142,408,41,49,125,13,15,1,-14.0,1
Matheus Donelli,BRA,Goalkeeper,Corinthians,23,2002,5,5,450,6,19,13,1,1,1,0,0,5.7,13,33,97,19,35,53,3,2,0,-6.0,1
Matheus Mendes,BRA,Goalkeeper,Alverca,26,1999,1,1,90,2,2,0,0,0,0,0,0,1.3,2,7,26,2,4,8,0,2,0,-2.0,1
Matt Freese,USA,Goalkeeper,NYCFC,27,1998,31,31,2766,42,131,91,8,4,3,1,0,42.1,52,201,752,183,135,361,20,46,1,-42.0,1
Matt Turner,USA,Goalkeeper,NE Revolution,31,1994,10,10,900,16,52,37,2,0,0,0,0,18.7,62,168,289,59,83,121,17,10,0,-16.0,1
Matthieu Epolo,BEL,Goalkeeper,Standard Liège,20,2005,12,12,1080,17,59,43,3,0,0,0,0,15.5,76,192,305,43,85,188,2,8,0,-17.0,1
Mattijs Branderhorst,NED,Goalkeeper,Fortuna Sittard,31,1993,10,10,900,15,54,40,2,1,1,0,0,16.6,81,257,299,24,65,160,14,11,0,-15.0,1
Matías Borgogno,ARG,Goalkeeper,San Martín de San Juan,27,1998,29,29,2610,29,107,77,10,2,1,1,0,32.1,202,585,639,52,251,455,34,23,1,-29.0,1
Matías Mansilla,ARG,Goalkeeper,Estudiantes–LP,29,1996,34,34,3060,38,126,88,13,5,4,1,0,37.0,164,415,612,127,258,507,23,30,1,-38.0,3
Matías Tagliamonte,ARG,Goalkeeper,Unión,27,1998,15,15,1350,14,45,30,6,2,0,2,0,14.0,79,230,225,46,121,210,14,8,2,-14.0,1
Max Crocombe,NZL,Goalkeeper,Millwall,32,1993,3,3,270,1,9,8,2,0,0,0,0,1.5,16,76,64,7,35,65,3,0,0,-1.0,1
Maxime Crépeau,CAN,Goalkeeper,Portland Timbers,31,1994,15,15,1350,22,71,49,3,0,0,0,0,20.4,63,175,439,75,91,159,9,10,0,-22.0,1
Maxime Delanghe,BEL,Goalkeeper,Cercle Brugge,24,2001,11,11,972,15,49,34,3,1,1,0,0,14.6,46,146,248,27,48,141,3,15,0,-15.0,1
Michael Brouwer,NED,Goalkeeper,Utrecht,32,1993,2,1,135,3,7,4,0,1,1,0,0,3.0,12,28,51,10,8,9,0,5,0,-3.0,1
Michael Collodi,USA,Goalkeeper,FC Dallas,24,2001,9,9,735,8,37,29,2,1,1,0,0,10.4,54,171,224,32,64,147,12,13,0,-8.0,1
Michael Cooper,ENG,Goalkeeper,Sheffield Utd,26,1999,12,12,1080,20,53,34,2,1,0,0,1,14.0,46,205,327,58,96,152,17,13,1,-20.0,1
Michael Verrips,NED,Goalkeeper,Dender,28,1996,9,9,810,13,33,20,2,2,2,0,0,13.1,47,157,309,39,57,145,5,4,0,-13.0,1
Michele Cerofolini,ITA,Goalkeeper,Bari,26,1999,9,9,810,15,52,37,1,2,2,0,0,15.9,30,92,286,41,35,143,4,7,0,-15.0,1
Mirko Pigliacelli,ITA,Goalkeeper,Catanzaro,32,1993,9,9,810,9,28,19,3,1,1,0,0,11.2,38,115,300,31,52,121,1,11,0,-9.0,1
Mouhamadou Sarr,SEN,Goalkeeper,Spezia,28,1997,4,4,360,5,14,9,1,0,0,0,0,4.3,16,54,108,21,14,75,9,1,0,-5.0,1
Nacho Miras,ESP,Goalkeeper,Mechelen,28,1997,7,7,630,7,44,36,2,4,3,1,0,12.1,38,113,185,39,53,159,9,10,1,-7.0,1
Nahuel Guzmán,ARG,Goalkeeper,UANL,39,1986,15,15,1350,14,47,32,8,5,1,2,2,13.0,61,161,437,39,71,188,14,35,4,-14.0,1
Nahuel Losada,ARG,Goalkeeper,Lanús,32,1993,28,28,2475,17,103,85,13,4,2,1,1,27.2,133,365,687,134,144,463,43,26,2,-17.0,1
Nathan Baxter,ENG,Goalkeeper,Watford,26,1998,2,1,135,1,5,4,0,0,0,0,0,0.7,7,21,44,5,8,20,0,0,0,-1.0,1
Nelson Insfrán,ARG,Goalkeeper,Gimnasia–LP,30,1995,26,26,2340,27,107,77,10,5,2,3,0,33.5,139,415,545,78,200,478,32,14,3,-27.0,1
Neto,BRA,Goalkeeper,Botafogo (RJ),36,1989,3,3,224,3,10,7,0,0,0,0,0,1.9,8,25,75,12,12,39,3,4,0,-3.0,1
Nicholas Hagen,GUA,Goalkeeper,Columbus Crew,29,1996,3,3,270,10,23,13,0,0,0,0,0,9.3,0,2,52,13,16,23,2,4,0,-10.0,1
Nicholas Hansen,DEN,Goalkeeper,Colorado Rapids,24,2001,10,10,900,14,46,33,3,3,2,1,0,14.2,48,182,249,35,72,127,16,23,1,-14.0,1
Nicolas Schmid,AUT,Goalkeeper,Portsmouth,28,1997,5,5,385,3,13,10,2,0,0,0,0,5.4,32,108,166,14,25,69,3,17,0,-3.0,1
Nordin Jackers,BEL,Goalkeeper,Club Brugge,28,1997,11,11,990,10,40,30,6,1,1,0,0,9.6,62,138,361,50,49,137,5,13,0,-10.0,1
Novak Mićović,SRB,Goalkeeper,LA Galaxy,24,2001,20,20,1800,37,99,63,2,0,0,0,0,34.7,37,197,502,72,111,247,25,5,0,-37.0,1
Orlando Gill,PAR,Goalkeeper,San Lorenzo,25,2000,28,28,2520,19,71,54,15,0,0,0,0,19.5,124,425,514,82,209,382,22,7,0,-19.0,1
Ortwin De Wolf,BEL,Goalkeeper,Mechelen,28,1997,5,5,450,6,18,14,1,1,1,0,0,4.9,23,62,150,22,31,87,3,3,0,-6.0,1
Oscar Garcia,MEX,Goalkeeper,León,22,2003,12,12,1080,20,69,48,4,5,4,1,0,19.2,34,124,242,36,112,178,10,16,1,-20.0,1
Oscar Jiménez,MEX,Goalkeeper,León,37,1988,3,3,270,7,13,6,0,0,0,0,0,4.3,10,24,79,18,17,33,0,2,0,-7.0,1
Pablo Sisniega,MEX,Goalkeeper,San Diego FC,30,1995,4,4,360,3,13,11,1,1,1,0,0,3.7,3,12,127,28,10,30,6,8,0,-3.0,1
Patrick Schulte,USA,Goalkeeper,Columbus Crew,24,2001,25,25,2250,36,98,63,3,2,2,0,0,36.6,57,200,812,118,124,222,8,52,0,-36.0,1
Patrick Sequeira,CRC,Goalkeeper,Casa Pia,26,1999,7,7,592,10,28,18,2,1,0,0,1,12.0,25,79,176,28,35,76,2,14,1,-10.0,1
Paul Nardi,FRA,Goalkeeper,QPR,31,1994,8,8,720,6,24,18,3,0,0,0,0,8.5,46,126,178,20,55,147,2,2,0,-6.0,1
Pedro Gallese,PER,Goalkeeper,Orlando City,35,1990,32,32,2880,49,154,106,8,3,3,0,0,51.8,126,310,598,83,178,454,21,39,0,-49.0,1
Pierce Charles,NIR,Goalkeeper,Sheffield Weds,20,2005,2,2,180,5,18,13,0,0,0,0,0,4.7,19,56,78,7,22,38,0,1,0,-5.0,1
Radek Vítek,0,Goalkeeper,Bristol City,22,2003,12,12,1080,11,43,32,5,1,1,0,0,13.1,44,187,282,40,76,173,20,31,0,-11.0,1
Rafael Cabral,BRA,Goalkeeper,Real Salt Lake,35,1990,34,34,3060,49,142,91,7,9,5,4,0,49.9,123,317,1223,108,222,375,9,57,4,-49.0,1
Rafael Pires,BRA,Goalkeeper,São Paulo,36,1989,38,38,3450,38,142,104,14,11,8,1,2,45.5,92,319,627,111,253,514,14,18,3,-38.0,2
Randall Rodríguez,URU,Goalkeeper,Vélez Sarsfield,21,2003,1,1,90,4,8,4,0,1,1,0,0,3.1,4,16,23,5,7,10,1,0,0,-4.0,1
Remko Pasveer,NED,Goalkeeper,Ajax,41,1983,1,1,90,2,5,3,0,1,1,0,0,2.0,8,24,48,4,5,15,1,0,0,-2.0,1
Renan Ribeiro,BRA,Goalkeeper,Estrela,35,1990,9,9,810,10,36,25,3,3,2,1,0,11.2,36,129,263,47,66,129,10,7,1,-10.0,1
Ricardo Gutiérrez,MEX,Goalkeeper,Mazatlán,28,1997,15,15,1350,27,74,47,1,8,8,0,0,25.3,60,210,341,57,132,241,12,9,0,-27.0,1
Rocco Ríos Novo,ARG,Goalkeeper,Inter Miami,23,2002,10,7,790,9,30,21,3,0,0,0,0,11.1,28,49,294,39,37,95,3,10,0,-9.0,1
Rodolfo Cota,MEX,Goalkeeper,América,38,1987,2,2,180,2,5,3,0,0,0,0,0,0.6,8,22,48,12,17,21,1,0,0,-2.0,1
Rodrigo Morínigo,PAR,Goalkeeper,Libertad,27,1998,5,5,450,3,18,15,3,0,0,0,0,3.9,41,97,104,10,45,87,1,3,0,-3.0,1
Rodrigo Parra,MEX,Goalkeeper,UNAM,17,2007,2,2,180,6,7,1,0,0,0,0,0,3.5,4,15,57,12,13,14,0,5,0,-6.0,1
Rodrigo Rey,ARG,Goalkeeper,Independiente,34,1991,29,29,2610,25,85,63,11,5,5,0,0,27.9,138,355,655,115,187,373,18,12,0,-25.0,1
Rodrigo Saracho,ARG,Goalkeeper,San Antonio Bulo Bulo,31,1994,6,6,540,15,46,31,0,1,1,0,0,14.4,43,135,126,14,79,117,5,5,0,-15.0,1
Roman Bürki,SUI,Goalkeeper,St. Louis,34,1990,25,25,2250,44,131,89,4,7,7,0,0,43.7,120,308,770,119,175,333,15,29,0,-44.0,1
Roman Celentano,USA,Goalkeeper,FC Cincinnati,25,2000,30,30,2700,36,121,86,10,7,4,1,2,37.2,101,294,719,141,208,442,21,12,3,-36.0,1
Rome-Jayden Owusu-Oduro,NED,Goalkeeper,AZ Alkmaar,21,2004,9,9,810,12,39,27,2,2,1,0,1,10.9,33,118,258,37,38,120,10,15,1,-12.0,1
Ronald Koeman Jr.,NED,Goalkeeper,Telstar,30,1995,10,10,900,19,58,39,1,2,2,0,0,21.2,86,207,405,35,43,153,7,15,0,-19.0,1
Ronaldo,BRA,Goalkeeper,Bahia,29,1996,22,22,1908,26,91,65,8,3,1,2,0,28.900000000000002,58,203,562,75,135,304,16,38,2,-26.0,2
Ruan Carneiro,BRA,Goalkeeper,Juventude,35,1990,3,3,270,4,12,8,1,1,1,0,0,3.2,11,38,73,11,22,35,2,0,0,-4.0,1
Rubén Cordano,BOL,Goalkeeper,Bolívar,27,1998,2,2,180,4,12,8,0,0,0,0,0,2.6,6,21,82,13,12,19,1,0,0,-4.0,1
Rui Silva,POR,Goalkeeper,Sporting CP,31,1994,7,7,630,4,20,16,4,1,1,0,0,4.4,8,24,171,34,22,57,4,13,0,-4.0,1
Ryan Allsop,ENG,Goalkeeper,Birmingham City,33,1992,8,8,720,10,19,10,2,1,1,0,0,7.2,30,123,307,11,43,81,0,15,0,-10.0,1
Samuel Soares,POR,Goalkeeper,Benfica,23,2002,2,2,180,1,11,10,1,0,0,0,0,3.1,5,15,40,11,8,31,2,1,0,-1.0,1
Santiago Mele,URU,Goalkeeper,Monterrey,28,1997,13,13,1170,20,52,32,4,1,1,0,0,15.3,29,83,346,34,52,166,8,17,0,-20.0,1
Sean Johnson,USA,Goalkeeper,Toronto FC,36,1989,31,31,2790,41,152,110,7,5,4,1,0,51.9,113,341,700,117,231,394,15,21,1,-41.0,1
Sebastian Breza,CAN,Goalkeeper,CF Montréal,27,1998,3,3,270,9,20,11,0,0,0,0,0,8.1,9,27,81,13,10,31,6,2,0,-9.0,1
Sebastiano Desplanches,ITA,Goalkeeper,Pescara,22,2003,9,9,810,17,51,34,1,4,4,0,0,20.1,28,98,278,54,31,145,7,16,0,-17.0,1
Sebastián Britos,URU,Goalkeeper,Universitario,37,1988,8,8,720,8,36,28,3,1,1,0,0,10.0,47,126,115,23,76,134,4,11,0,-8.0,1
Sebastián Jurado,MEX,Goalkeeper,FC Juárez,28,1997,15,15,1350,25,59,36,2,1,1,0,0,17.4,43,109,351,39,58,184,6,7,0,-25.0,1
Sebastián Meza,ARG,Goalkeeper,Huracán,25,2000,4,4,360,7,19,12,1,1,1,0,0,5.6,15,44,80,17,19,48,4,2,0,-7.0,1
Senne Lammens,BEL,Goalkeeper,Antwerp,23,2002,4,4,360,4,15,10,0,1,0,1,0,5.2,30,105,176,22,23,67,11,4,1,-4.0,1
Sergio Rochet,URU,Goalkeeper,Internacional,32,1993,13,13,1125,18,61,43,2,0,0,0,0,17.3,51,148,270,63,74,174,8,4,0,-18.0,2
Sergio Romero,ARG,Goalkeeper,Arg Juniors,38,1987,1,1,90,1,3,2,0,0,0,0,0,1.1,4,11,20,5,3,5,0,0,0,-1.0,1
Simon Mignolet,BEL,Goalkeeper,Club Brugge,37,1988,1,1,90,1,9,8,0,0,0,0,0,1.3,4,9,41,3,5,12,0,0,0,-1.0,1
Simone Colombi,ITA,Goalkeeper,Virtus Entella,34,1991,8,8,720,10,30,20,1,3,3,0,0,9.2,28,73,168,16,53,142,7,7,0,-10.0,1
Simone Ghidotti,ITA,Goalkeeper,Sampdoria,25,2000,7,7,630,11,28,17,1,1,1,0,0,10.3,38,109,166,20,45,84,2,4,0,-11.0,1
Simão Bertelli,BRA,Goalkeeper,AVS Futebol,32,1993,8,8,720,20,39,19,0,2,2,0,0,16.0,42,110,204,28,67,113,4,12,0,-20.0,1
Solomon Brynn,ENG,Goalkeeper,Middlesbrough,24,2000,12,12,1080,8,26,17,5,1,0,1,0,8.4,27,137,255,58,68,167,19,8,1,-8.0,1
Stefan Frei,SUI,Goalkeeper,Seattle Sounders,39,1986,26,26,2340,31,104,76,8,3,3,0,0,29.6,92,257,593,104,170,308,16,16,0,-31.0,1
Steven Benda,GER,Goalkeeper,Millwall,27,1998,9,9,810,12,28,16,3,0,0,0,0,10.4,48,142,185,27,71,126,5,14,0,-12.0,1
Stijn van Gassel,NED,Goalkeeper,Excelsior,29,1996,8,8,659,9,45,36,2,1,1,0,0,10.9,81,227,284,27,72,123,5,14,0,-9.0,1
Taishi Nozawa,JPN,Goalkeeper,Antwerp,22,2002,3,3,270,3,10,7,0,0,0,0,0,2.6,17,45,86,12,12,31,4,3,0,-3.0,1
Thiago,BRA,Goalkeeper,Vitória,26,1999,1,0,65,1,5,4,0,0,0,0,0,1.5,0,5,13,3,1,12,0,0,0,-1.0,1
Thiago Cardozo,URU,Goalkeeper,Belgrano,29,1996,27,27,2426,26,97,71,9,4,2,1,1,30.3,123,352,539,105,188,396,20,8,2,-26.0,2
Thomas Gillier,CHI,Goalkeeper,CF Montréal,21,2004,8,8,720,12,38,26,0,0,0,0,0,12.8,10,52,257,32,18,93,6,10,0,-12.0,1
Thomas Hasal,CAN,Goalkeeper,LAFC,26,1999,2,1,135,5,10,5,1,0,0,0,0,3.1,1,16,38,13,10,16,3,0,0,-5.0,1
Thomas Kaminski,BEL,Goalkeeper,Charlton Ath,33,1992,12,12,1080,10,35,25,5,0,0,0,0,10.0,77,228,294,41,113,195,8,20,0,-10.0,1
Tiago Volpi,BRA,Goalkeeper,Grêmio,34,1990,25,25,2250,31,109,78,4,8,6,0,2,40.6,144,344,543,56,166,396,14,11,2,-31.0,1
Tijmen Holla,0,Goalkeeper,Excelsior,0,0,1,0,61,4,7,3,0,1,1,0,0,3.8,12,26,39,3,4,7,1,2,0,-4.0,1
Timo Jansink,NED,Goalkeeper,Heracles Almelo,22,2003,2,2,180,10,19,9,0,0,0,0,0,7.5,20,45,65,4,7,34,1,0,0,-10.0,1
Timon Wellenreuther,GER,Goalkeeper,Feyenoord,29,1995,10,10,900,9,25,16,6,1,1,0,0,6.9,55,158,364,38,37,99,7,14,0,-9.0,1
Tobe Leysen,BEL,Goalkeeper,OH Leuven,23,2002,12,12,1080,21,58,37,2,3,3,0,0,18.2,60,193,414,49,50,171,11,15,0,-21.0,1
Tobias Lawal,AUT,Goalkeeper,Genk,25,2000,7,7,630,10,31,21,0,2,2,0,0,9.0,28,61,244,25,29,78,6,16,0,-10.0,1
Tom de Graaff,NED,Goalkeeper,Zwolle,20,2004,8,8,720,15,51,36,2,0,0,0,0,14.9,40,125,218,44,75,144,7,2,0,-15.0,1
Tomas Romero,SLV,Goalkeeper,NYCFC,24,2000,4,3,294,2,11,10,1,0,0,0,0,3.3,6,20,80,12,23,49,3,1,0,-2.0,1
Tomás Durso,ARG,Goalkeeper,Atlé Tucumán,26,1999,11,11,990,17,46,29,2,3,1,1,1,17.2,63,177,245,46,87,128,8,16,2,-17.0,1
Tomás Marchiori,ARG,Goalkeeper,Vélez Sarsfield,30,1995,37,37,3268,32,123,94,15,4,3,0,1,31.799999999999997,131,393,625,143,284,438,23,12,1,-32.0,2
Vasilios Barkas,GRE,Goalkeeper,Utrecht,31,1994,9,9,765,12,38,25,2,1,0,1,0,13.6,37,106,277,36,53,86,7,9,1,-12.0,1
Vic Chambaere,BEL,Goalkeeper,Union SG,22,2003,3,3,270,3,10,7,1,0,0,0,0,3.5,9,33,65,7,10,38,0,0,0,-3.0,1
Viktor Johansson,SWE,Goalkeeper,Stoke City,27,1998,12,12,1080,8,44,36,5,0,0,0,0,12.4,68,208,424,59,49,185,9,20,0,-8.0,1
Vinicius Silvestre,BRA,Goalkeeper,Fortaleza,31,1994,2,2,180,6,17,11,0,0,0,0,0,5.1,14,32,49,8,12,42,0,0,0,-6.0,1
Vitezslav Jaros,CZE,Goalkeeper,Ajax,24,2001,9,9,810,12,38,26,2,3,3,0,0,12.5,42,102,336,49,34,117,4,6,0,-12.0,1
Vladan Kovačević,BIH,Goalkeeper,Norwich City,27,1998,12,12,1080,18,51,32,1,1,0,1,0,19.2,44,138,378,58,66,207,13,19,1,-18.0,1
Walter,BRA,Goalkeeper,Mirassol,37,1987,23,23,2070,21,106,83,8,3,1,2,0,30.4,56,157,574,80,98,430,19,7,2,-21.0,1
Warleson,BRA,Goalkeeper,Cercle Brugge,29,1996,2,1,108,2,12,10,0,0,0,0,0,3.9,2,15,34,5,6,17,0,5,0,-2.0,1
Wessel Speel,NED,Goalkeeper,Minnesota Utd,24,2001,3,3,199,6,10,4,0,1,1,0,0,5.4,11,41,56,1,20,31,1,0,0,-6.0,1
Williams Barlasina,ARG,Goalkeeper,Newell's OB,27,1998,8,8,720,13,36,23,0,0,0,0,0,12.0,46,116,125,30,71,143,8,1,0,-13.0,2
Wéverton,BRA,Goalkeeper,Palmeiras,37,1987,35,35,3150,27,113,86,14,4,3,1,0,28.299999999999997,120,471,802,126,217,420,25,23,1,-27.0,2
Yannick Thoelen,BEL,Goalkeeper,Antwerp,35,1990,5,5,450,7,28,21,1,0,0,0,0,6.8,29,87,142,28,35,73,2,5,0,-7.0,1
Yohei Takaoka,JPN,Goalkeeper,Vancouver W'caps,29,1996,34,34,3060,38,122,83,13,5,4,1,0,37.0,108,318,1040,120,183,410,24,61,1,-38.0,1
Young,BRA,Goalkeeper,São Paulo,23,2002,2,2,180,3,9,6,0,0,0,0,0,2.7,3,14,29,7,15,32,1,0,0,-3.0,1
Zack Steffen,USA,Goalkeeper,Colorado Rapids,30,1995,23,23,2070,39,130,92,4,0,0,0,0,42.0,103,315,544,114,172,362,15,28,0,-39.0,1
Álvaro David Montero,COL,Goalkeeper,Vélez Sarsfield,30,1995,2,1,152,1,6,5,1,0,0,0,0,1.1,11,33,24,5,20,50,2,0,0,-1.0,1
Éverson,BRA,Goalkeeper,Atlético Mineiro,35,1990,27,27,2430,30,108,79,9,3,3,0,0,33.7,138,370,862,98,123,339,16,44,0,-30.0,1
Óscar Ustari,ARG,Goalkeeper,Inter Miami,39,1986,25,25,2082,41,116,76,3,1,1,0,0,35.8,90,171,776,126,111,253,9,53,0,-41.0,1
