Player,Nation,General Position,Team,Age,Born,Matches Played,Starts,Minutes Played,Line Index,Passes Index
AJ Marcucci,USA,Goalkeeper,NY Red Bulls,26,1999,2,2,180,50,47
Abu Kamara,ITA,Goalkeeper,Padova,28,1997,9,9,810,57,47
Adam Beaudry,USA,Goalkeeper,Colorado Rapids,19,2006,1,1,90,12,52
Agustín Marchesín,ARG,Goalkeeper,Boca Juniors,37,1988,25,25,2249,74,41
Agustín Rossi,ARG,Goalkeeper,Flamengo,30,1995,40,40,3630,84,37
Alan Aguerre,ARG,Goalkeeper,Cen. Córdoba–SdE,35,1990,33,33,2970,54,29
Aldair Quintana,COL,Goalkeeper,CA Bucaramanga,31,1994,6,6,540,42,54
Alec Smir,USA,Goalkeeper,Minnesota Utd,26,1999,2,1,161,32,49
Alessandro Confente,ITA,Goalkeeper,Juve Stabia,27,1998,9,9,810,53,53
Alex McCarthy,ENG,Goalkeeper,Southampton,35,1989,6,6,540,40,56
Alex Muralha,BRA,Goalkeeper,Mirassol,35,1989,7,7,630,40,31
Alex Palmer,ENG,Goalkeeper,Ipswich Town,29,1996,10,10,833,50,53
Alexander Domínguez,ECU,Goalkeeper,LDU de Quito,38,1987,1,1,90,82,10
Alexis Martin Arias,ARG,Goalkeeper,Cerro Porteño,33,1992,5,5,450,50,55
Alexis Villa,ECU,Goalkeeper,LDU de Quito,24,2001,1,0,14,59,61
Aljaž Ivačič,SVN,Goalkeeper,NE Revolution,31,1993,24,24,2160,38,28
Anatolii Trubin,UKR,Goalkeeper,Benfica,24,2001,7,7,630,79,24
Andre Blake,JAM,Goalkeeper,Philadelphia Union,34,1990,21,21,1827,69,46
Andrea Fulignati,ITA,Goalkeeper,Empoli,30,1994,9,9,810,30,59
Andreas Jungdal,DEN,Goalkeeper,Westerlo,23,2002,12,12,1080,32,63
Andrew,BRA,Goalkeeper,Gil Vicente FC,24,2001,9,9,775,86,61
Andrew Rick,USA,Goalkeeper,Philadelphia Union,19,2006,14,13,1233,38,45
Andrew Tarbell,USA,Goalkeeper,Houston Dynamo,32,1993,4,4,306,18,46
Andrew Thomas,RUS,Goalkeeper,Seattle Sounders,27,1998,8,8,720,27,32
Andries Noppert,NED,Goalkeeper,Heerenveen,31,1994,4,4,360,33,74
André Ferreira,POR,Goalkeeper,Moreirense,29,1996,1,1,90,27,62
André Gomes,POR,Goalkeeper,Alverca,21,2004,8,8,720,32,26
Andrés Desábato,ARG,Goalkeeper,Platense,35,1990,4,4,360,18,15
Andrés Gudiño,MEX,Goalkeeper,Cruz Azul,28,1997,1,1,90,52,60
Andrés Sánchez,MEX,Goalkeeper,Atlético,28,1997,15,15,1350,37,46
Anthoni,BRA,Goalkeeper,Internacional,23,2002,23,22,2025,34,26
Antonio Sánchez,MEX,Goalkeeper,Atlas,25,2000,1,1,90,14,20
Antony Iannarilli,ITA,Goalkeeper,Avellino,34,1990,9,9,810,34,47
Arthur Okonkwo,ENG,Goalkeeper,Wrexham,24,2001,9,8,721,51,49
Axel Werner,ARG,Goalkeeper,Rosario Central,29,1996,4,3,271,81,45
Balázs Tóth,HUN,Goalkeeper,Blackburn,28,1997,11,11,990,40,57
Ben Killip,ENG,Goalkeeper,Portsmouth,29,1995,2,1,155,66,86
Benjamin Lundt,GER,Goalkeeper,St. Louis,30,1995,9,9,810,43,64
Bernardo Fontes,BRA,Goalkeeper,Tondela,23,2002,9,9,810,37,55
Bernt Klaverboer,NED,Goalkeeper,Heerenveen,20,2005,6,6,540,27,66
Blake Gillingham,USA,Goalkeeper,Houston Dynamo,23,2002,4,3,294,61,44
Brad Guzan,USA,Goalkeeper,Atlanta Utd,41,1984,26,26,2340,27,54
Brad Stuver,USA,Goalkeeper,Austin,34,1991,34,34,3060,60,67
Brayan Cortés,CHI,Goalkeeper,Colo-Colo,30,1995,7,7,630,19,19
Brenno,BRA,Goalkeeper,Fortaleza,26,1999,6,6,540,48,39
Brent Gabriël,BEL,Goalkeeper,Zulte Waregem,26,1999,12,12,1080,57,69
Bruno Ferreira,BRA,Goalkeeper,Ceará,31,1994,22,22,1953,70,43
C.J. dos Santos,USA,Goalkeeper,San Diego FC,25,2000,30,30,2700,54,41
Caio Secco,BRA,Goalkeeper,Moreirense,34,1990,7,7,630,60,37
Calvin Raatsie,NED,Goalkeeper,Excelsior,23,2002,2,2,180,25,75
Camilo Vargas,COL,Goalkeeper,Atlas,36,1989,13,13,1170,20,44
Carl Rushworth,ENG,Goalkeeper,Coventry City,24,2001,12,12,1080,76,65
Carlos Acevedo,MEX,Goalkeeper,Santos,29,1996,15,15,1350,46,57
Carlos Coronel,PAR,Goalkeeper,NY Red Bulls,28,1996,31,31,2790,56,47
Carlos Lampe,BOL,Goalkeeper,Bolívar,38,1987,1,1,90,85,50
Carlos Miguel,BRA,Goalkeeper,Palmeiras,27,1998,3,3,270,29,29
Carlos Moreno,MEX,Goalkeeper,Pachuca,27,1998,15,15,1350,51,79
Caíque França,BRA,Goalkeeper,Sport Recife,30,1995,12,12,1080,42,41
Cesar Ramos,MEX,Goalkeeper,Atlas,25,2000,1,1,90,18,47
Cezary Miszta,POL,Goalkeeper,Rio Ave,23,2001,9,9,810,46,70
Charles,BRA,Goalkeeper,Vitória,31,1994,4,4,360,27,38
Chris Brady,USA,Goalkeeper,Chicago Fire,21,2004,28,28,2465,33,40
Christian Walton,ENG,Goalkeeper,Ipswich Town,29,1995,2,1,157,43,45
Cleiton Schwengber,BRA,Goalkeeper,RB Bragantino,28,1997,26,26,2340,47,45
Colin Coosemans,BEL,Goalkeeper,Anderlecht,33,1992,12,12,1080,64,57
Cássio,BRA,Goalkeeper,Cruzeiro,38,1987,28,28,2456,78,23
Daniel,BRA,Goalkeeper,SJ Earthquakes,31,1994,29,29,2495,35,47
Daniel Azevedo,POR,Goalkeeper,Casa Pia,27,1998,3,2,218,14,74
Daniel Bielica,POL,Goalkeeper,NAC Breda,26,1999,9,9,810,37,70
Daniel Figueira,POR,Goalkeeper,Gil Vicente FC,27,1998,1,0,31,85,62
Daniel Fuzato,BRA,Goalkeeper,Vasco da Gama,28,1997,2,1,92,4,53
Daniel Iversen,DEN,Goalkeeper,Preston,28,1997,12,12,1080,64,73
Danny Ward,WAL,Goalkeeper,Wrexham,32,1993,4,4,359,40,54
David Bingham,USA,Goalkeeper,Charlotte,36,1989,2,2,180,77,32
David Ochoa,USA,Goalkeeper,LAFC,24,2001,1,1,90,42,33
David Ospina,COL,Goalkeeper,Nacional,37,1988,7,7,660,70,68
Davy Roef,BEL,Goalkeeper,Gent,31,1994,12,12,1080,56,65
Dayne St. Clair,CAN,Goalkeeper,Minnesota Utd,28,1997,30,30,2700,72,57
Demba Thiam,SEN,Goalkeeper,Monza,27,1998,9,9,810,76,67
Diego Enriquez,PER,Goalkeeper,Sporting Cristal,23,2002,6,6,540,23,31
Diego Mascardi,ITA,Goalkeeper,Spezia,19,2006,5,5,450,32,65
Diego Matías Rodríguez,ARG,Goalkeeper,Arg Juniors,36,1989,28,28,2475,76,54
Diogenes,BRA,Goalkeeper,Santos,24,2001,1,0,23,89,64
Diogo Costa,POR,Goalkeeper,Porto,26,1999,8,8,720,81,61
Drake Callender,USA,Goalkeeper,Inter Miami,28,1997,3,2,185,20,63
Earl Edwards Jr.,USA,Goalkeeper,SJ Earthquakes,33,1992,7,5,565,16,52
Edoardo Motta,ITA,Goalkeeper,Reggiana,20,2005,9,9,810,44,37
Egil Selvik,NOR,Goalkeeper,Watford,28,1997,11,11,945,44,42
Enrique Bologna,ARG,Goalkeeper,Defensa y Just,43,1982,29,29,2610,57,56
Ethan Horvath,USA,Goalkeeper,Sheffield Weds,30,1995,8,8,719,28,53
Etienne Vaessen,SUR,Goalkeeper,Groningen,30,1995,7,7,630,77,85
Evan Bush,USA,Goalkeeper,Columbus Crew,39,1986,6,6,540,65,38
Evan Louro,USA,Goalkeeper,FC Cincinnati,29,1996,4,4,360,71,42
Ezequiel Centurión,ARG,Goalkeeper,Ind. Rivadavia,28,1997,29,29,2610,68,55
Ezequiel Unsain,ARG,Goalkeeper,Necaxa,30,1995,15,15,1350,22,41
Fabian de Keijzer,NED,Goalkeeper,Heracles Almelo,25,2000,8,8,720,26,69
Fabricio Iacovich,ARG,Goalkeeper,Estudiantes–LP,23,2002,1,1,90,82,22
Facundo Altamirano,ARG,Goalkeeper,San Lorenzo,29,1996,1,1,90,45,46
Facundo Cambeses,ARG,Goalkeeper,Racing Club,28,1997,17,14,1324,79,46
Facundo Sanguinetti,ARG,Goalkeeper,Banfield,24,2001,29,29,2610,52,48
Federico Del Frate,ITA,Goalkeeper,Virtus Entella,29,1995,1,1,90,27,31
Federico Lanzillota,ARG,Goalkeeper,Bolívar,32,1992,3,3,270,19,49
Federico Losas,ARG,Goalkeeper,Platense,23,2002,4,4,360,25,49
Felipe Longo,BRA,Goalkeeper,Corinthians,20,2005,2,2,180,30,22
Felipe Zenobio,ARG,Goalkeeper,Tigre,25,2000,29,29,2610,75,38
Fernando Miguel,BRA,Goalkeeper,Ceará,40,1985,8,7,657,78,52
Fernando Muslera,URU,Goalkeeper,Estudiantes–LP,39,1986,16,16,1470,78,62
Fernando de Paul,CHI,Goalkeeper,Colo-Colo,34,1991,1,1,90,84,44
Filip Stankovic,SRB,Goalkeeper,Venezia,23,2002,9,9,810,71,74
Francesco Bardi,ITA,Goalkeeper,Palermo,33,1992,1,1,90,50,26
Franco Armani,ARG,Goalkeeper,River Plate,39,1986,37,37,3360,71,38
Franco Petroli,ARG,Goalkeeper,Godoy Cruz,27,1998,29,29,2610,60,74
Fábio,BRA,Goalkeeper,Fluminense,45,1980,29,29,2610,51,25
Gabriel,BRA,Goalkeeper,Vitória,33,1992,18,18,1620,47,46
Gabriel Arias,CHI,Goalkeeper,Racing Club,38,1987,26,26,2273,68,44
Gabriel Batista,BRA,Goalkeeper,Santa Clara,27,1998,9,9,810,55,55
Gabriel Brazão,BRA,Goalkeeper,Santos,25,2000,29,29,2587,42,27
Gabriel Castellón,CHI,Goalkeeper,U de Chile,32,1993,6,6,540,65,33
Gabriel Chapecó,BRA,Goalkeeper,Grêmio,25,2000,5,5,450,57,46
Gabriel Delfim,BRA,Goalkeeper,Atlético Mineiro,23,2002,2,2,180,70,41
Gastón Olveira,URU,Goalkeeper,Olimpia,32,1993,3,3,270,46,43
Gatito Fernández,PAR,Goalkeeper,Cerro Porteño,37,1988,3,3,270,35,43
Gavin Bazunu,IRL,Goalkeeper,Southampton,23,2002,6,6,540,28,46
Gaëtan Coucke,BEL,Goalkeeper,Sampdoria,26,1998,2,2,180,24,31
Giacomo Poluzzi,ITA,Goalkeeper,Südtirol,37,1988,2,2,180,72,46
Gonzalo Crettaz,ARG,Goalkeeper,NEC Nijmegen,25,2000,10,10,900,26,81
Gonzalo Siri Payer,ARG,Goalkeeper,Arg Juniors,22,2003,1,0,45,13,29
Gonzalo Valle,ECU,Goalkeeper,LDU de Quito,29,1996,10,10,886,86,54
Guido Herrera,ARG,Goalkeeper,Talleres,33,1992,31,31,2745,62,54
Guido Villar,ARG,Goalkeeper,Independiente,27,1998,6,6,540,28,28
Guillaume Dietsch,FRA,Goalkeeper,Dender,24,2001,3,3,270,38,71
Guillermo Allison,MEX,Goalkeeper,Querétaro,35,1990,10,10,900,41,32
Guillermo Vizcarra,BOL,Goalkeeper,Alianza Lima,32,1993,6,6,540,28,65
Guillermo de Amores,URU,Goalkeeper,Peñarol,31,1994,3,3,270,75,52
Gustavo,BRA,Goalkeeper,Juventude,32,1993,10,10,855,23,42
Harlen Castillo,COL,Goalkeeper,Nacional,32,1993,1,1,90,78,45
Helton Leite,BRA,Goalkeeper,Fortaleza,34,1990,6,6,540,26,36
Hendrik Van Crombrugge,BEL,Goalkeeper,Genk,32,1993,5,5,450,54,59
Hernán Galíndez,ECU,Goalkeeper,Huracán,38,1987,25,25,2250,78,43
Hidde Jurjus,NED,Goalkeeper,Groningen,31,1994,3,3,270,16,64
Hugo González Durán,MEX,Goalkeeper,Toluca,35,1990,9,9,807,56,34
Hugo Lloris,FRA,Goalkeeper,LAFC,38,1986,32,32,2835,56,46
Hugo Souza,BRA,Goalkeeper,Corinthians,26,1999,23,23,2070,50,36
Ignacio Arce,ARG,Goalkeeper,Deportivo Riestra,33,1992,29,29,2610,89,61
Ignacio De Arruabarrena,URU,Goalkeeper,Barcelona,28,1997,2,1,144,33,26
Ivan,BRA,Goalkeeper,Internacional,28,1997,3,3,270,83,25
Ivor Pandur,CRO,Goalkeeper,Hull City,25,2000,12,12,1080,39,68
J.T. Marcinkowski,USA,Goalkeeper,LA Galaxy,28,1997,3,3,270,53,44
Jacob Jackson,USA,Goalkeeper,FC Dallas,25,2000,4,3,342,72,56
Jacob Widell Zetterström,SWE,Goalkeeper,Derby County,27,1998,12,12,1080,55,74
Jakub Stolarczyk,POL,Goalkeeper,Leicester City,24,2000,12,12,1080,71,48
James Beadle,ENG,Goalkeeper,Birmingham City,21,2004,4,4,360,62,52
James Pantemis,CAN,Goalkeeper,Portland Timbers,28,1997,19,19,1710,54,62
Jamie Cumming,ENG,Goalkeeper,Oxford United,26,1999,12,12,1080,53,57
Jandrei,BRA,Goalkeeper,Juventude,32,1993,12,12,1080,33,53
Jari De Busser,BEL,Goalkeeper,Go Ahead Eag,26,1999,10,10,900,49,62
Jasper Schendelaar,NED,Goalkeeper,Zwolle,25,2000,2,2,180,23,72
Javier Burrai,ECU,Goalkeeper,Talleres,35,1990,5,4,405,77,63
Javier Otero,VEN,Goalkeeper,Orlando City,22,2002,2,2,180,64,33
Jayden Hibbert,CAN,Goalkeeper,Atlanta Utd,21,2004,8,8,720,41,43
Jeffrey Gal,USA,Goalkeeper,Chicago Fire,32,1993,7,6,591,38,37
Jeremías Ledesma,ARG,Goalkeeper,River Plate,32,1993,2,2,180,26,51
Jeroen Zoet,NED,Goalkeeper,AZ Alkmaar,34,1991,1,1,90,67,46
Jesse Joronen,FIN,Goalkeeper,Palermo,32,1993,8,8,720,81,67
Jesús Camargo,VEN,Goalkeeper,Dep Táchira,27,1997,6,6,540,39,48
Jesús Rodríguez,MEX,Goalkeeper,Puebla,32,1993,5,5,405,10,52
Jimmy Maurer,USA,Goalkeeper,Houston Dynamo,37,1988,2,1,120,75,49
Joe Lumley,ENG,Goalkeeper,Sheffield Weds,30,1995,2,2,180,48,48
Joe Walsh,ENG,Goalkeeper,QPR,23,2002,4,4,360,14,63
Joe Willis,USA,Goalkeeper,Nashville SC,37,1988,34,34,3060,49,48
Joel Drommel,NED,Goalkeeper,Sparta R'dam,28,1996,10,10,900,29,85
Joel Robles,ESP,Goalkeeper,Estoril,35,1990,9,9,810,33,67
John,BRA,Goalkeeper,Botafogo (RJ),29,1996,25,25,2250,77,49
John McCarthy,USA,Goalkeeper,NY Red Bulls,33,1992,12,12,1080,19,36
John Pulskamp,USA,Goalkeeper,Sporting KC,24,2001,34,34,3060,26,44
Jonathan Bond,ENG,Goalkeeper,Houston Dynamo,32,1993,26,26,2340,30,46
Jonathan Klinsmann,USA,Goalkeeper,Cesena,28,1997,9,9,810,40,32
Jonathan Sirois,CAN,Goalkeeper,CF Montréal,24,2001,23,23,2070,35,53
Jordan Farr,USA,Goalkeeper,D.C. United,31,1994,3,2,248,18,66
Jorge Broun,ARG,Goalkeeper,Rosario Central,39,1986,26,26,2339,77,51
Jorge Carranza,ARG,Goalkeeper,Aldosivi,44,1981,25,25,2250,50,52
Josef Bursik,ENG,Goalkeeper,Portsmouth,25,2000,6,6,540,55,84
Joshua Griffiths,ENG,Goalkeeper,West Brom,24,2001,12,12,1080,51,53
Josue Reinatti,ARG,Goalkeeper,Newell's OB,22,2003,2,2,180,38,55
José Antonio Rodríguez,MEX,Goalkeeper,Tijuana,33,1992,15,14,1339,55,69
José Contreras Verna,VEN,Goalkeeper,Barcelona,31,1994,5,5,396,79,33
José Corona,MEX,Goalkeeper,Tijuana,44,1981,1,1,11,55,10
José Rangel Aguilar,MEX,Goalkeeper,Guadalajara,25,2000,15,15,1350,47,38
José Santiago Hernández,MEX,Goalkeeper,Querétaro,28,1997,5,5,450,21,36
João Gonçalves,POR,Goalkeeper,AVS Futebol,24,2000,1,1,90,20,42
João Ricardo Riedi,BRA,Goalkeeper,Fortaleza,37,1988,20,20,1800,70,53
João Valido,POR,Goalkeeper,Arouca,25,2000,9,9,810,17,57
João Virgínia,POR,Goalkeeper,Sporting CP,26,1999,2,2,180,78,36
Juan Castillo,COL,Goalkeeper,Vitória,22,2003,5,5,450,61,37
Juan Cozzani,ARG,Goalkeeper,Platense,27,1998,21,21,1890,77,44
Juan Espínola,PAR,Goalkeeper,Newell's OB,30,1994,20,20,1800,36,60
Juan González,URU,Goalkeeper,Atlé Tucumán,32,1993,6,6,540,80,56
Juan Zozaya,ARG,Goalkeeper,Cen. Córdoba–SdE,24,2001,2,2,180,30,23
Julio José González,MEX,Goalkeeper,Puebla,34,1991,11,10,945,17,52
Kaique,BRA,Goalkeeper,Nacional,22,2003,3,3,270,59,75
Kayne van Oevelen,NED,Goalkeeper,Volendam,22,2003,10,10,900,45,72
Kevin Mier,COL,Goalkeeper,Cruz Azul,25,2000,14,14,1260,53,42
Keylor Navas,CRC,Goalkeeper,UNAM,38,1986,27,27,2430,70,48
Kim Joonhong,KOR,Goalkeeper,D.C. United,22,2003,8,8,720,19,67
Kjell Scherpen,NED,Goalkeeper,Union SG,25,2000,9,9,810,81,37
Kostas Lamprou,GRE,Goalkeeper,NAC Breda,34,1991,1,1,90,10,73
Kristijan Kahlina,CRO,Goalkeeper,Charlotte,33,1992,32,32,2880,56,46
Lars Unnerstall,GER,Goalkeeper,Twente,35,1990,10,10,900,23,50
Lautaro Morales,ARG,Goalkeeper,Lanús,25,1999,2,1,135,14,28
Lawrence Vigouroux,CHI,Goalkeeper,Swansea City,31,1993,12,12,1080,70,63
Lazar Carević,MNE,Goalkeeper,Famalicão,26,1999,9,9,810,85,39
Leandro Brey,ARG,Goalkeeper,Boca Juniors,23,2002,4,3,271,76,35
Leandro Chichizola,ARG,Goalkeeper,Modena,35,1990,9,9,810,77,72
Leo Kokubo,JPN,Goalkeeper,Sint-Truiden,24,2001,12,12,1080,56,49
Leonardo Linck,BRA,Goalkeeper,Botafogo (RJ),24,2001,11,10,946,44,32
Lorenzo Palmisani,ITA,Goalkeeper,Frosinone,21,2004,9,9,810,78,73
Lucas Acosta,ARG,Goalkeeper,Sarmiento,30,1995,29,29,2610,68,50
Lucas Arcanjo,BRA,Goalkeeper,Vitória,27,1998,29,29,2545,49,44
Lucas Bruera,ARG,Goalkeeper,Carabobo,28,1997,6,6,540,25,17
Lucas França,BRA,Goalkeeper,Nacional,29,1996,6,6,540,34,53
Lucas Verza,PAR,Goalkeeper,Olimpia,24,2001,1,1,90,75,53
Lucão,BRA,Goalkeeper,RB Bragantino,24,2001,4,4,360,33,37
Luis Barraza,USA,Goalkeeper,D.C. United,28,1996,24,24,2090,40,70
Luis Cárdenas,MEX,Goalkeeper,Monterrey,32,1993,2,2,180,33,52
Luis Ingolotti,ARG,Goalkeeper,Gimnasia–LP,25,2000,3,3,270,11,39
Luis Manuel García,MEX,Goalkeeper,Toluca,32,1992,7,6,543,53,40
Luis Mejía,PAN,Goalkeeper,Nacional,34,1991,6,6,540,40,16
Luis Ángel Malagón,MEX,Goalkeeper,América,28,1997,13,13,1170,49,37
Luka Gavran,CAN,Goalkeeper,Toronto FC,25,2000,3,3,270,57,43
Lukáš Horníček,CZE,Goalkeeper,Braga,23,2002,9,9,810,65,46
Léo Aragão,BRA,Goalkeeper,Cruzeiro,23,2002,3,2,244,80,33
Léo Jardim,BRA,Goalkeeper,Vasco da Gama,30,1995,29,29,2605,54,32
Maarten Paes,IDN,Goalkeeper,FC Dallas,27,1998,22,22,1980,26,61
Magrão,BRA,Goalkeeper,Fortaleza,25,2000,3,3,270,42,30
Manuel Roffo,ARG,Goalkeeper,Instituto,25,2000,29,29,2610,62,52
Manuel Vicentini,ARG,Goalkeeper,Belgrano,35,1990,5,5,450,62,50
Marcelo Lomba,BRA,Goalkeeper,Palmeiras,38,1986,2,2,180,66,57
Marco Bleve,ITA,Goalkeeper,Carrarese,30,1995,9,9,810,50,63
Marco Festa,ITA,Goalkeeper,Mantova,33,1992,9,9,810,37,42
Marcos Felipe,BRA,Goalkeeper,Bahia,29,1996,15,14,1332,64,58
Marcos Ignacio Ledesma,ARG,Goalkeeper,Barracas Central,29,1996,28,28,2520,66,58
Marcos Peano,ARG,Goalkeeper,La Louvière,27,1998,12,12,1080,85,72
Marcão,BRA,Goalkeeper,Juventude,33,1992,6,5,495,44,39
Marino Arzamendia,PAR,Goalkeeper,Olimpia,27,1998,2,2,180,11,57
Marius Adamonis,LTU,Goalkeeper,Südtirol,28,1997,7,7,630,37,46
Martin Delavallée,BEL,Goalkeeper,Charleroi,21,2004,12,12,1080,37,75
Martín Campaña,URU,Goalkeeper,Peñarol,36,1989,3,3,270,84,42
Martín Silva,URU,Goalkeeper,Libertad,42,1983,3,3,300,81,51
Matej Kovar,CZE,Goalkeeper,PSV Eindhoven,25,2000,10,10,900,51,69
Matheus Donelli,BRA,Goalkeeper,Corinthians,23,2002,5,5,450,51,30
Matheus Mendes,BRA,Goalkeeper,Alverca,26,1999,1,1,90,14,26
Matt Freese,USA,Goalkeeper,NYCFC,27,1998,31,31,2766,51,41
Matt Turner,USA,Goalkeeper,NE Revolution,31,1994,10,10,900,49,76
Matthieu Epolo,BEL,Goalkeeper,Standard Liège,20,2005,12,12,1080,48,62
Mattijs Branderhorst,NED,Goalkeeper,Fortuna Sittard,31,1993,10,10,900,53,65
Matías Borgogno,ARG,Goalkeeper,San Martín de San Juan,27,1998,29,29,2610,69,53
Matías Mansilla,ARG,Goalkeeper,Estudiantes–LP,29,1996,34,34,3060,59,46
Matías Tagliamonte,ARG,Goalkeeper,Unión,27,1998,15,15,1350,65,44
Max Crocombe,NZL,Goalkeeper,Millwall,32,1993,3,3,270,84,47
Maxime Crépeau,CAN,Goalkeeper,Portland Timbers,31,1994,15,15,1350,44,60
Maxime Delanghe,BEL,Goalkeeper,Cercle Brugge,24,2001,11,11,972,48,41
Michael Brouwer,NED,Goalkeeper,Utrecht,32,1993,2,1,135,19,84
Michael Collodi,USA,Goalkeeper,FC Dallas,24,2001,9,9,735,77,68
Michael Cooper,ENG,Goalkeeper,Sheffield Utd,26,1999,12,12,1080,39,54
Michael Verrips,NED,Goalkeeper,Dender,28,1996,9,9,810,34,68
Michele Cerofolini,ITA,Goalkeeper,Bari,26,1999,9,9,810,41,51
Mirko Pigliacelli,ITA,Goalkeeper,Catanzaro,32,1993,9,9,810,57,54
Mouhamadou Sarr,SEN,Goalkeeper,Spezia,28,1997,4,4,360,48,57
Nacho Miras,ESP,Goalkeeper,Mechelen,28,1997,7,7,630,79,68
Nahuel Guzmán,ARG,Goalkeeper,UANL,39,1986,15,15,1350,69,46
Nahuel Losada,ARG,Goalkeeper,Lanús,32,1993,28,28,2475,87,60
Nathan Baxter,ENG,Goalkeeper,Watford,26,1998,2,1,135,71,54
Nelson Insfrán,ARG,Goalkeeper,Gimnasia–LP,30,1995,26,26,2340,67,48
Neto,BRA,Goalkeeper,Botafogo (RJ),36,1989,3,3,224,57,51
Nicholas Hagen,GUA,Goalkeeper,Columbus Crew,29,1996,3,3,270,18,26
Nicholas Hansen,DEN,Goalkeeper,Colorado Rapids,24,2001,10,10,900,59,52
Nicolas Schmid,AUT,Goalkeeper,Portsmouth,28,1997,5,5,385,77,71
Nordin Jackers,BEL,Goalkeeper,Club Brugge,28,1997,11,11,990,71,72
Novak Mićović,SRB,Goalkeeper,LA Galaxy,24,2001,20,20,1800,31,31
Orlando Gill,PAR,Goalkeeper,San Lorenzo,25,2000,28,28,2520,73,39
Ortwin De Wolf,BEL,Goalkeeper,Mechelen,28,1997,5,5,450,59,61
Oscar Garcia,MEX,Goalkeeper,León,22,2003,12,12,1080,47,26
Oscar Jiménez,MEX,Goalkeeper,León,37,1988,3,3,270,10,51
Pablo Sisniega,MEX,Goalkeeper,San Diego FC,30,1995,4,4,360,81,46
Patrick Schulte,USA,Goalkeeper,Columbus Crew,24,2001,25,25,2250,38,45
Patrick Sequeira,CRC,Goalkeeper,Casa Pia,26,1999,7,7,592,40,50
Paul Nardi,FRA,Goalkeeper,QPR,31,1994,8,8,720,69,51
Pedro Gallese,PER,Goalkeeper,Orlando City,35,1990,32,32,2880,44,33
Pierce Charles,NIR,Goalkeeper,Sheffield Weds,20,2005,2,2,180,28,75
Radek Vítek,0,Goalkeeper,Bristol City,22,2003,12,12,1080,76,39
Rafael Cabral,BRA,Goalkeeper,Real Salt Lake,35,1990,34,34,3060,40,47
Rafael Pires,BRA,Goalkeeper,São Paulo,36,1989,38,38,3450,68,20
Randall Rodríguez,URU,Goalkeeper,Vélez Sarsfield,21,2003,1,1,90,16,52
Remko Pasveer,NED,Goalkeeper,Ajax,41,1983,1,1,90,24,78
Renan Ribeiro,BRA,Goalkeeper,Estrela,35,1990,9,9,810,62,59
Ricardo Gutiérrez,MEX,Goalkeeper,Mazatlán,28,1997,15,15,1350,30,45
Rocco Ríos Novo,ARG,Goalkeeper,Inter Miami,23,2002,10,7,790,57,51
Rodolfo Cota,MEX,Goalkeeper,América,38,1987,2,2,180,47,56
Rodrigo Morínigo,PAR,Goalkeeper,Libertad,27,1998,5,5,450,79,54
Rodrigo Parra,MEX,Goalkeeper,UNAM,17,2007,2,2,180,8,46
Rodrigo Rey,ARG,Goalkeeper,Independiente,34,1991,29,29,2610,68,52
Rodrigo Saracho,ARG,Goalkeeper,San Antonio Bulo Bulo,31,1994,6,6,540,28,54
Roman Bürki,SUI,Goalkeeper,St. Louis,34,1990,25,25,2250,35,64
Roman Celentano,USA,Goalkeeper,FC Cincinnati,25,2000,30,30,2700,58,45
Rome-Jayden Owusu-Oduro,NED,Goalkeeper,AZ Alkmaar,21,2004,9,9,810,56,50
Ronald Koeman Jr.,NED,Goalkeeper,Telstar,30,1995,10,10,900,34,75
Ronaldo,BRA,Goalkeeper,Bahia,29,1996,22,22,1908,61,36
Ruan Carneiro,BRA,Goalkeeper,Juventude,35,1990,3,3,270,46,42
Rubén Cordano,BOL,Goalkeeper,Bolívar,27,1998,2,2,180,26,57
Rui Silva,POR,Goalkeeper,Sporting CP,31,1994,7,7,630,79,36
Ryan Allsop,ENG,Goalkeeper,Birmingham City,33,1992,8,8,720,38,44
Samuel Soares,POR,Goalkeeper,Benfica,23,2002,2,2,180,88,38
Santiago Mele,URU,Goalkeeper,Monterrey,28,1997,13,13,1170,35,29
Sean Johnson,USA,Goalkeeper,Toronto FC,36,1989,31,31,2790,55,40
Sebastian Breza,CAN,Goalkeeper,CF Montréal,27,1998,3,3,270,20,44
Sebastiano Desplanches,ITA,Goalkeeper,Pescara,22,2003,9,9,810,34,54
Sebastián Britos,URU,Goalkeeper,Universitario,37,1988,8,8,720,70,46
Sebastián Jurado,MEX,Goalkeeper,FC Juárez,28,1997,15,15,1350,27,29
Sebastián Meza,ARG,Goalkeeper,Huracán,25,2000,4,4,360,33,42
Senne Lammens,BEL,Goalkeeper,Antwerp,23,2002,4,4,360,63,84
Sergio Rochet,URU,Goalkeeper,Internacional,32,1993,13,13,1125,46,52
Sergio Romero,ARG,Goalkeeper,Arg Juniors,38,1987,1,1,90,50,48
Simon Mignolet,BEL,Goalkeeper,Club Brugge,37,1988,1,1,90,68,51
Simone Colombi,ITA,Goalkeeper,Virtus Entella,34,1991,8,8,720,49,29
Simone Ghidotti,ITA,Goalkeeper,Sampdoria,25,2000,7,7,630,29,51
Simão Bertelli,BRA,Goalkeeper,AVS Futebol,32,1993,8,8,720,14,56
Solomon Brynn,ENG,Goalkeeper,Middlesbrough,24,2000,12,12,1080,69,35
Stefan Frei,SUI,Goalkeeper,Seattle Sounders,39,1986,26,26,2340,58,42
Steven Benda,GER,Goalkeeper,Millwall,27,1998,9,9,810,40,48
Stijn van Gassel,NED,Goalkeeper,Excelsior,29,1996,8,8,659,65,77
Taishi Nozawa,JPN,Goalkeeper,Antwerp,22,2002,3,3,270,63,66
Thiago,BRA,Goalkeeper,Vitória,26,1999,1,0,65,52,25
Thiago Cardozo,URU,Goalkeeper,Belgrano,29,1996,27,27,2426,69,47
Thomas Gillier,CHI,Goalkeeper,CF Montréal,21,2004,8,8,720,44,39
Thomas Hasal,CAN,Goalkeeper,LAFC,26,1999,2,1,135,20,41
Thomas Kaminski,BEL,Goalkeeper,Charlton Ath,33,1992,12,12,1080,69,60
Tiago Volpi,BRA,Goalkeeper,Grêmio,34,1990,25,25,2250,56,50
Tijmen Holla,0,Goalkeeper,Excelsior,0,0,1,0,61,20,84
Timo Jansink,NED,Goalkeeper,Heracles Almelo,22,2003,2,2,180,12,67
Timon Wellenreuther,GER,Goalkeeper,Feyenoord,29,1995,10,10,900,62,67
Tobe Leysen,BEL,Goalkeeper,OH Leuven,23,2002,12,12,1080,34,65
Tobias Lawal,AUT,Goalkeeper,Genk,25,2000,7,7,630,46,53
Tom de Graaff,NED,Goalkeeper,Zwolle,20,2004,8,8,720,38,66
Tomas Romero,SLV,Goalkeeper,NYCFC,24,2000,4,3,294,83,31
Tomás Durso,ARG,Goalkeeper,Atlé Tucumán,26,1999,11,11,990,39,61
Tomás Marchiori,ARG,Goalkeeper,Vélez Sarsfield,30,1995,37,37,3268,72,36
Vasilios Barkas,GRE,Goalkeeper,Utrecht,31,1994,9,9,765,47,60
Vic Chambaere,BEL,Goalkeeper,Union SG,22,2003,3,3,270,56,27
Viktor Johansson,SWE,Goalkeeper,Stoke City,27,1998,12,12,1080,82,75
Vinicius Silvestre,BRA,Goalkeeper,Fortaleza,31,1994,2,2,180,18,66
Vitezslav Jaros,CZE,Goalkeeper,Ajax,24,2001,9,9,810,47,69
Vladan Kovačević,BIH,Goalkeeper,Norwich City,27,1998,12,12,1080,41,55
Walter,BRA,Goalkeeper,Mirassol,37,1987,23,23,2070,78,32
Warleson,BRA,Goalkeeper,Cercle Brugge,29,1996,2,1,108,48,38
Wessel Speel,NED,Goalkeeper,Minnesota Utd,24,2001,3,3,199,8,46
Williams Barlasina,ARG,Goalkeeper,Newell's OB,27,1998,8,8,720,35,52
Wéverton,BRA,Goalkeeper,Palmeiras,37,1987,35,35,3150,75,38
Yannick Thoelen,BEL,Goalkeeper,Antwerp,35,1990,5,5,450,53,74
Yohei Takaoka,JPN,Goalkeeper,Vancouver W'caps,29,1996,34,34,3060,58,43
Young,BRA,Goalkeeper,São Paulo,23,2002,2,2,180,37,20
Zack Steffen,USA,Goalkeeper,Colorado Rapids,30,1995,23,23,2070,41,56
Álvaro David Montero,COL,Goalkeeper,Vélez Sarsfield,30,1995,2,1,152,83,49
Éverson,BRA,Goalkeeper,Atlético Mineiro,35,1990,27,27,2430,62,61
Óscar Ustari,ARG,Goalkeeper,Inter Miami,39,1986,25,25,2082,32,61
